feature_01,feature_02,feature_03,feature_04,feature_05,feature_06,feature_07,feature_08,feature_09,feature_10,target
4.139650255822347,-2.52967444022606,2.3556289690884733,-0.7158294300943997,-0.9192786996459645,1.4141093920423182,-7.223540202575091,2.018091812005666,-0.04254028842578179,-3.897662219910385,0
4.987303775250317,-4.39855844375478,0.17458827752600908,-0.5912207299953881,-1.8601845713780738,-1.1069681732382641,-6.159228733135839,-2.9547769088769336,-0.6676882828147466,-1.1292401743173213,0
0.34545087887669385,2.603860075421551,2.6948223321955105,1.0623270109994887,4.691340621024867,1.7301898966901859,2.248787625019602,1.3273464203860355,0.6353117835820689,-3.0930352361456865,0
-1.0696155409809118,1.718811004115151,-0.06283447474147266,-2.9959236937682063,-2.2380070042803126,-1.7564672148392781,-3.3526589930101145,1.1682278992695796,0.49479478432850976,-1.4940834572416672,0
-0.7842982910820422,0.9445865165907197,-0.7931029159474979,-2.7048387774884435,3.8605527349909274,1.4222877836069765,1.1290171812301597,-2.3895148469018306,-1.7723990108582852,1.8120521913007166,1
0.3256352884451815,0.660588683321806,-1.3716260698570923,-0.3673597417747132,2.0560434878889824,3.3482888411856013,-1.5180090025093145,1.7317854518220628,-0.07390739771096427,-1.9354926031348976,0
4.608970328850347,-1.7919926866654448,1.0270789379614798,0.4070635001168581,2.606804376497469,-0.06270762827134058,-2.9647360693333233,3.0115365432244214,-0.27634564506213244,-3.6938609817235024,0
-3.681348154492412,2.616088613974152,0.0806672587862179,-0.8714941786590159,3.0952545919323082,0.8759953201191117,5.529552944173785,0.15795760311798746,-0.4074380751361637,3.0880784033136583,1
0.7221230310602436,-0.684583329023943,0.6032003423308876,0.26434232037333194,-4.346012452933568,-0.5129961654716281,-4.25214151261946,-1.6456047699433327,-0.012713547711493566,-1.8790414268253914,0
2.957197106592256,-2.9152658684205766,0.2151404628615487,-3.058883050209046,0.10912180895244727,-0.33765825930563675,-4.898396517925108,-2.714651356273473,0.4692137015993424,0.6467536276653875,1
1.4066410476622453,-0.5591782866323362,0.36038427038837106,-0.3995537948004686,3.052294515030977,1.4339881178621852,-0.10956185825080855,0.9623075159809297,1.396907532065686,-0.4402065163893043,0
-1.2847950273255724,-2.226969145838973,1.5029565872574153,-4.004165600850378,-5.454145331248249,3.307064919216532,-7.977094606170001,0.6580462313200561,-0.37498601027326617,1.6912856813550492,1
1.1773170461904499,-1.855916182685276,-0.07139256955863768,-1.757477889720838,-0.9648371370290367,0.060925105182050965,-3.129770999803825,-1.1945898311195218,-0.6879024189448028,0.8065149213087333,1
-3.671255872240404,0.35669684275601043,-0.34705715501187273,-0.7079777116664294,-3.4291078750296826,3.1910029602698735,-1.0635707916510044,2.790453563027488,1.625545687299529,1.9866807593477467,1
5.8294389719496635,-3.915053737715392,-0.5054976982602105,1.5116600970396146,-1.2059053709475913,-1.8513562714735743,-4.516016185088093,-4.997884663791497,0.8012400360243159,-2.4260798411080127,0
8.11358027063632,-5.072114431398261,0.7682538372578852,-2.274649175847355,1.5582168211924121,-3.28431090234029,-7.092822215934155,-3.6898410564622024,-1.9614555620403007,-2.299818549725935,0
5.1551794161783855,-3.7880133490701073,0.8238943537007667,-0.848851206031505,1.2218421499699685,2.6150657364445347,-6.22915900946419,-6.055756881465842,-0.7542179562565453,-1.5681558721466597,1
-0.8729577640112107,0.5709261988314672,0.9432203814756326,-2.0475165480913513,1.6284882171517785,0.32594959065191853,0.7018307675279366,-3.7239422124373904,-0.5253964523402401,1.9527116806906197,1
6.961962096108903,-3.141737919310658,0.09665391668743983,0.4601187501607231,0.9047804422188397,-2.182487646607025,-5.726834298986642,0.8103311250493113,0.9916136605408773,-5.102331054441182,0
-1.5659237882835297,-1.4172152899841715,0.39199028512454465,-2.0261661371662267,-3.1133956250814077,2.961791122273663,-3.772118804546456,1.6335928075553185,0.23143377032956827,1.9150540682891508,1
-2.6729720875748013,2.006925852811908,0.5838458300825154,-2.425011303914882,0.2605358942050613,1.4921230116074227,-0.06315511581548235,-2.297246486037661,0.9813097574429632,1.2588687275395096,1
3.3921243693526564,-1.3822586854796457,0.14722501101269264,-1.6325608130435179,1.9437461779131666,0.09115275835995718,-3.836611388244372,-0.011961277879336762,-0.3150390874327181,-2.170838098449263,0
-2.8796865563476124,2.041721538086036,-0.2561706752715692,-2.0255998432167113,-1.3328373178090671,1.464420305312962,-0.9451823295186879,-2.5864588815405414,-0.561394510902489,0.7476245850514643,1
0.3448424244538,-0.15843082078758264,-0.04877411658967404,-1.2420209020837123,-2.694716143307643,-1.260792175494268,-3.3194239669179457,-1.0152080477806569,-1.8175918389495744,-0.9914212455473612,0
-3.1802694818348165,2.36395613247218,-0.8968063786658277,-1.6912807577055005,0.8443204748208336,1.5191521243951476,1.5800827856420363,-0.41041915196507484,-0.8724334411889024,1.446934304815381,1
0.44792652432731744,1.1908493220751328,-0.1973137533860654,-0.2186330883233365,3.229022648484156,1.8144127997505164,0.36873563898795286,0.2596431807610564,0.439300036738925,-1.5814072733391495,0
1.628024068089626,-0.4893822371641714,-0.8135574541942521,-1.5218925157962302,-1.3270879211108362,0.2573030759987709,-4.98820940235209,-0.1472113413144398,0.7667229234936916,-2.4761288602706046,0
2.635141604173678,-1.231956195732185,-0.8333177577042885,0.18613175829211182,1.534558983005023,1.541233731497158,-2.583161291708893,1.4262023886467083,1.129816546358944,-2.2749918384873897,0
0.7377309075690274,-0.3813382769180822,0.5880537618277851,-1.4198390640102452,2.747650803297432,2.308298448322544,-0.8103626036921839,-2.490695561452006,-0.9239680106342287,0.504589450545381,1
-2.584611449714842,0.09748322330884163,-0.07073049409405481,-3.038800677566056,-3.7930018470107103,3.019141751370162,-4.943564110873135,3.3437795217855086,-0.784302383914719,0.597672770986521,1
4.616723459297821,-2.557888190946422,-0.5341892077775119,-0.6863339255913448,0.04630138176333176,-1.386285051773912,-4.811762950255239,-2.3483183916398973,-1.701767091158809,-2.4199965266114134,0
-0.08303271912261688,-1.667007276430178,1.4622389865751582,0.24619721394337768,-0.23295780564818935,0.8539909334396178,0.5548753068779763,0.5901393682564762,0.9771804785810942,2.192278205521117,1
5.0237515273016475,-3.9600605311460133,-0.04921975018821472,-3.1202137334363087,0.06936274204694182,0.4054624455406737,-8.21924359278795,1.9836771088484053,-1.2460537751704222,-2.052711719338989,0
1.5872639103854507,0.18983328042694048,0.06369720465318252,0.36999747151200335,1.9570036131015607,1.410029215289465,-1.2411532369474143,1.5599340583374826,2.0570282489712572,-2.5918601116342606,0
-1.0500766337933456,0.8984369471396818,-0.248766305420981,-1.277070404870563,0.7326382620917969,3.634047752033434,-1.8319736185870987,0.0057361593336926475,-0.6406499944489928,-0.5603277457656719,1
3.7886928178795327,-1.6492472081174436,-0.15872686885329557,-3.2084991728433696,0.5643976299701765,-2.5518774235608,-5.349904638737352,0.2673010038972774,-0.5258477638676445,-2.0992176510878204,0
2.2475454361497347,-1.9803226238390188,0.8157743533853581,-4.410078939575083,0.9053550216868891,2.7477373686512983,-7.291068726546154,3.2230789370341757,0.7158824596360679,-1.2391520938254064,0
-2.286420301117304,1.8686802244254326,0.015131077348556518,-2.5075746487408406,2.433719213969243,1.2646947238030344,1.7078487268010472,-2.961523644017165,0.5703916552010759,2.166608661056258,1
-2.5234077640599533,1.62989322876897,0.06812645609590111,-2.7660377724069183,-3.702712624977719,0.7077221125411879,-4.009028290415195,1.5321443536178916,0.010008346808538916,-0.742679776571794,0
-3.727138785299598,0.8739120508812097,1.646481892207587,-1.0742804926555556,-3.1136871646759188,2.9610640987600303,-1.0972193990492924,1.5920142800604165,0.2556093661138256,1.7313858253740677,1
-4.1582053684053255,-1.42906058139645,0.6482149815885367,-0.488099456140211,-5.542581953910574,5.417637400581809,-2.5281576822151335,2.044341087693856,1.6432348858749755,3.7732219031812777,1
2.3292421905312444,-1.9649979666031305,-1.8459744547432604,-3.520996421071912,3.0470559694287234,0.631633977441778,-2.8936340695428906,0.0256208268407212,-1.1470043661317995,0.9149596104341833,0
2.9338807297884526,-2.743093416799044,0.5043938762460375,-0.6363965544137936,-1.9161424360426778,-0.9510313333718312,-4.478530206478566,-0.6149894298111424,0.9264791208981332,-0.900224662097151,0
1.7322182168885947,-3.0562457694414595,1.829252833017573,-3.5062701974296333,-1.5743658752128031,1.428307412149579,-6.503568085495246,1.6683963274356548,0.9934872795141109,0.6444082360243708,1
-0.05374263851483022,-1.6004275319069488,2.1288308247271233,-2.0566724145609623,-1.8713314872036337,1.5546277751443447,-3.763594974549705,1.241559706944194,1.0298141885062604,0.997051744324235,1
-0.9872035667579792,-2.0735076508011656,0.7565146031514791,-2.294636529918662,-2.655509100717427,3.058739571933377,-4.058321061569307,1.2165024757905942,0.6239749824625656,2.301263584445835,1
-4.848077207686888,3.763164920304559,0.7248255605854094,-2.717159155268059,1.293677797392937,0.9188089064741173,3.1018467169949764,-0.5443273513602728,-0.8330942943013667,2.452094873462983,1
-5.578051437512386,4.1139032505487725,0.23206516781555983,-2.2653172202364527,-0.01575921606817743,1.4412203073489196,2.673376976469143,0.6511422695034574,2.24440673789221,1.988024126533754,1
3.796981189556024,-2.2514098057525813,-0.7819893806770777,-1.152482863089729,2.315462048660944,0.5634726694664601,-3.678104009902598,4.207417829673137,0.8976988434940109,-2.152478247047196,0
0.1667271201798275,-0.5207617468072764,0.05376196517548161,-2.7264694854334683,-1.349081438793692,0.2683816788646376,-3.887009640470762,-0.7442159394646346,-0.22097737390967315,0.05473285430617181,1
2.432214525934728,-0.4074592633215184,-1.302002661701677,-0.8383144459854226,2.8696591755739425,0.4303570754595287,-1.7260646411255383,2.0518691287579003,1.0998686247253329,-2.1923502853832346,0
6.996239025805686,-6.151102565033643,0.3323854280480934,-2.0338214058609405,2.512753806562678,-2.5357521339388676,-4.453580022979768,1.93783013454077,-1.2497946413408787,0.45327591232076925,1
2.9972946300703533,-2.332955010814281,-1.1541132267947551,-1.9454941040493283,1.8622419589332562,1.0295596185401212,-3.7470536629834754,1.5911657388918772,0.4601757952190857,-0.6775773836389613,0
2.7009692533405425,-1.556382408226311,-0.7549731358372088,-0.9815638581868762,1.1261851518829284,2.213293560310419,-4.571651022749145,4.11656242779432,-1.4413375938153115,-2.6823601221064903,0
-1.2731755367229,1.338852582159691,-0.9909129540820899,-2.8492043869271715,0.7625972874277036,2.9283502604508787,-2.7075941944841952,-0.223745839761196,0.15745093707917324,-0.48693490690007035,1
2.861733712399257,-1.6283861015657393,-0.31132861208426255,-2.428642342303075,0.6775800425083274,3.4714847015301733,-6.913275846561413,-2.8176518471630816,0.8940270538418312,-2.287076649910349,1
3.2520417826955015,-0.7111005564258874,0.9106683730599062,2.4382506117362257,-1.7612098135468934,-2.066729744007247,-2.2918565847516574,-3.894763356287079,-2.4773433929375024,-3.7603092411509786,0
0.9707515116403684,-0.31179402625971697,0.8875138519469787,-3.3528029895089277,-2.8914132971895223,-0.837224992781571,-6.484758469058113,-2.279349306894947,2.846985448754231,-1.6583282588115302,0
2.543189085741118,-1.7652493410901444,0.5365353013263925,-3.2882736331367735,-1.2007410813729993,-1.6891814121604822,-5.715924034758288,-1.0844125792346035,0.41429276673658055,-0.925449891969823,0
-0.05111213954324852,0.2611272458394518,-0.6200614940199197,-1.1336617484809854,4.92220297691813,2.5572688669525,2.1267649737658294,-1.1985585250361432,-0.7167262390639785,1.5576962836013124,1
2.2062057149631125,-1.0198810311977557,0.9206621456615383,-1.0536270718159841,-1.8865768577933493,-1.9385527692369862,-4.161755693959347,-0.7188714283606691,-1.6516535641991223,-2.0156778670452256,0
3.1679450375623937,-2.6190630621753463,0.10293064847879732,-2.721091263858031,1.1624404571483629,-1.1636252368656592,-3.7950091996283533,1.7566259876663004,-1.0560351842648052,-0.06146607790784975,1
3.191240294798561,-3.4682694940179464,-1.7556466124438888,-1.8159591149419014,-0.01771027876588316,1.6032314622711719,-5.393043292819429,0.8019570168176359,0.5355799678560016,-0.26695693931468356,0
-0.41384235952246234,-0.7086788327191632,0.29244359119502505,-2.105291645491279,-0.8709283297723917,0.8209272199737909,-2.3630596911622677,1.3535868466800491,-0.3215067945773522,0.9398507058368315,1
-2.334743509613578,0.13098690935144575,0.3398500543522677,-0.20985135373426922,-1.4569662756068613,2.046811003286771,0.18208472683247034,3.684727213774451,1.3985807959181764,1.452859142089229,1
3.1111857838387396,-2.646668846617051,0.7107878915885889,-3.1416713482772627,-0.35974323134483144,-1.5382977868860777,-5.139565497380869,-1.2443918387190696,0.6088606597921735,-0.06302013584029886,0
-0.3985590046171833,-1.5086994138596352,0.2423142574513812,-0.9961553987900948,-0.9397177210074019,1.905385347368629,-1.6639408366513586,1.5383239284600958,-0.01693858290554884,1.6392264802525285,1
-0.08739830284433306,-2.342074600194121,-1.2896951559203962,-1.8366421907674058,-1.942117867507121,2.210920988292384,-3.6678645577182394,3.0155535019685367,0.2821156672782423,1.6344200664663222,1
3.3087782084051947,-1.6746183069796432,-0.4338726223247447,-1.2344392106951725,2.0459104361228295,0.011875597196746579,-3.104373033871246,1.3987470209454709,-0.3509941415994386,-1.7568084983481367,0
3.039255778571141,-2.062557743063602,-0.15074156863260663,-3.3194438989955533,0.24187881579155168,2.194916184136408,-7.586553853340379,1.3293520061393815,-0.33356247720383625,-2.277765877228455,0
-4.377282148090287,0.9295964821515561,1.0964137136632008,0.2822764078986282,-2.5077135125771886,3.1362477118368886,1.54263585332483,1.9354928684830568,0.361888147432794,2.7837640813201303,1
2.4727143460087317,-1.1802614321246812,-1.3782187035199713,-2.4765083954543505,2.928339271208359,-0.08672407188299869,-2.20494309555248,-1.1375183878834565,0.712036459360953,-0.21942702516755386,0
0.5739617645497359,0.19743786917230222,0.3772088163731326,-2.0725039686129083,2.771443163339126,3.0503865845541087,-2.1230090959865247,-0.43446534558417205,-0.6401256053139024,-0.6770927471516082,1
4.278877114642027,-2.151468674073397,-0.04374794602212695,0.1966883747710917,-1.8831147629587406,-2.3363169961842196,-4.87589224617368,-4.702705057640685,-0.8914168626960192,-2.843307187283331,0
2.936898955523186,-1.4967198195917828,1.5499642270042344,-2.378634620060317,0.9891920482121362,2.164641942199205,-6.37576026894919,4.575630828410596,0.9378722573730295,-3.187448320301593,0
4.172938855002013,-1.8553761040509131,-1.3222868197933644,-1.6401155105361824,2.2778246055779,-0.4468101674342144,-4.13385374605873,1.5824358894754265,-0.1637378672731814,-2.571410163878819,0
3.7354147157804127,-1.5792733995889119,0.3413083973938672,-0.02932319485136592,-0.991556706447762,-1.4678346426139497,-4.428890002271257,-3.0306751678515704,1.1497819126384554,-2.976584045936693,0
1.2055460278470431,-0.39880299156998245,-0.1893004695695063,0.3901497320401006,2.643471720391085,1.9540992012885385,0.06192015920494442,1.0882238452287956,1.669275097223265,-0.8352474656925513,0
-0.14614082676547666,0.8758350085090374,1.3604183878015916,-1.5426247498226382,-3.1400866838856616,-1.2984077851524414,-3.8869722967840867,-1.5301712410785957,1.7337990341370537,-1.9324152406474484,0
0.39095731142160445,-0.7243834956986811,-0.17806952730481684,-4.237771465425341,-1.5747993290474263,-0.6226706167765218,-5.188787295179435,0.32919139899523087,-1.3860012567511546,0.13912037536053323,0
-3.6454425069637457,2.496857171736345,-2.1041957999317518,-0.44777712848500406,1.9458228687083299,1.5112269389861728,4.3800053677275805,0.2694118330810944,0.029617587334061623,2.35687517132411,1
-0.919293996227106,-0.615645234541372,0.296817479233046,-1.5906259951271036,-2.0618307216748564,0.9606346768971702,-2.566479712728408,2.9575739226073274,-0.7586611522279293,0.6461500755760491,1
4.145087471473738,-1.8212325482726899,-0.9891311469355826,-1.7003315093593012,1.1079290357431444,-3.4092142514076773,-3.179576482678828,-1.426775925222085,0.04175148798945976,-1.6387944255303397,0
-0.9934164577556914,-0.7074013103126141,-0.2618547101618876,-1.55040556659951,-3.1490986748649012,-0.23996149430740066,-2.385820639079824,-1.0326735106949743,0.46279809526184856,1.4180765178942365,0
-3.085511557972849,2.269728305819175,0.7670903921065838,-1.4193842906119383,2.662579705524694,2.137283066685905,3.172615995011204,-0.9944458886949202,1.2636435903686614,2.2325230372734395,1
2.6318149650430755,-4.362198183340576,-0.4145782343009112,0.23845656656727932,0.5671773836997827,0.0333896433696399,-0.5808341656919709,1.8989554919526412,0.2638267772029979,2.5598578746159317,1
-0.9642450854126539,-1.8082966102910385,0.815978130127899,1.8084546584022814,-5.885125273210758,0.8352512043263385,-2.083355699274435,-0.8135114497849222,-1.8545771745663715,1.0493397558728006,0
1.4791287142980947,-3.5524991735497764,-2.0797893361606343,-1.7562249279590083,-1.3370129762304699,1.6899511026656695,-4.234023619292785,2.963147246625179,0.21103372929094982,1.5255792763996636,1
1.45094372663417,-1.0731516760668982,-0.21396572322661914,-1.5229879767230265,2.4610421877493995,1.4453745940732847,-1.4607407085013897,0.6877799565356172,-0.46739059903916114,0.09882866978398219,0
-3.360793952441034,0.2834380898146447,0.7460046522328675,-1.168930723367394,-3.588705472366518,2.9742002693298,-1.8116078852070228,1.1439853177941517,2.8519618795584027,1.8982195523886118,1
2.896824171656065,-1.8887208927040033,-0.20658203031980055,-1.5355506097924116,2.9087059317802826,2.1419443307346375,-2.861813151867321,-3.5368126319653883,-0.1806532839845751,-0.2641524976805256,1
3.8908957392687022,-1.6216005097605126,-1.9396468151979664,-0.48923173719622826,1.5280231140269038,0.2167208571698489,-3.9919146757649226,1.7915584859898321,-0.890196075956866,-3.2143069547088947,0
-2.712285610190591,0.9820736967162209,-0.01801333987723139,-2.6620931487132387,-3.675037640249184,0.02352060841034609,-2.6952606193723727,0.6475561691305072,-1.5683264557926506,0.9587350517098994,0
2.6249614851651,-1.5905523903818166,0.5167464322875994,-0.37596162567784197,-2.226906183554508,-0.5635754083563609,-4.959571919437072,-2.0960108299484705,1.0632013200515105,-2.27630683374509,0
4.510189535706476,-2.9158670729929,0.45198764119311563,-0.10776957860680203,-1.4813883441846882,-2.67282057635238,-4.484589238642925,-3.5248121704744237,1.5429195659842012,-1.8673668127470147,0
-4.357776190511566,0.3017133008561679,-0.33474943852085964,-0.58537393133832,-3.8705812989992427,3.97269318370905,-0.8566257458889354,2.9938420728440054,1.3140170071310835,2.619389151062274,1
-5.746886426318117,4.172049104209261,-0.8495603536747404,-2.2031624057923147,0.8955582433770097,0.26393767323835093,4.6101624183679,0.788652074859697,-0.8213893735490084,3.024186373985088,1
-1.1754035378039371,3.1521220015342433,1.2389022312783422,0.7695668846067778,5.546719104588883,1.398473490796838,5.106946072196108,-0.8058011235051397,-2.3651432935054135,-0.608478262304524,0
1.9899929659786115,-1.318209596209305,0.309939726625601,-0.6880700821597788,3.759137811049537,3.2881885057918896,-1.0983954655015513,-2.044232595676454,0.322142467578984,0.02313800188530113,1
2.459331656629596,-2.3036358337414584,0.10514698402456396,-3.392074830790352,-1.5107911117712525,-1.5568769675795964,-5.68957984526242,-1.9344722593495853,0.6592268962959171,-0.016057325070343742,0
-1.1548708714938645,0.909242969699279,-0.2980930396299594,-1.7430825879819944,2.6370957237080312,1.7031085722065493,1.1958806883140745,-2.4149240791038014,0.4116485651629448,1.6717092343895472,1
2.943647965408238,-3.213891900716476,0.5159240026814056,-0.6361137888467802,-2.384750752273688,-0.8598890250933587,-4.748143769584636,-0.2262768630034746,-0.9649436260246179,-0.5185764061295606,0
2.3669308534627116,-2.684553935233124,-0.8680317775096128,-0.8996688161231888,0.5879642000793562,2.224048842763358,-3.704475085611356,2.089220758456956,-1.411067607667596,-0.3529444953357528,0
-4.857685497777723,-0.7186698398975826,0.15350630505791477,1.3170003908593073,-4.1926705406299245,4.686735386763938,1.5372517378200152,2.1266325758325566,1.759627537844203,4.601222134168601,1
5.607924887614901,-4.241589470458905,1.2494188497398657,-3.282545118606074,-0.5045665450369392,-0.041913733482968674,-9.356024348989397,2.2890444374666594,0.24756928138853604,-2.7177747005666593,0
2.5744048962006563,-1.2794513922788435,0.17787261953183472,-0.012876196019368846,-1.510037348911462,-1.4556415744661468,-3.635731392306402,0.7530178675012666,-0.12586555117518589,-2.4805264321141114,0
-3.2023115172260512,0.7781949835475341,1.7871134217543003,-0.27753148841054487,-2.73869353240865,1.1600052661669633,0.3486772377805435,3.388250425398778,-1.5358264840195235,1.534906715895926,1
1.8893049183675128,0.2113405751461086,-2.046265431346471,0.4259902239132993,4.362687858803081,-0.7749011004582225,2.418795705943143,-2.46262631099202,-0.13926599637494513,-0.4508210166100308,0
2.9017745217284165,-0.08215406836814987,-0.7483982739469809,-0.6977378999012287,-0.21680132866689483,-2.94177445954816,-3.0086750809210927,-2.8379103794481955,0.11905828865931008,-3.0492121872581537,0
-2.5161457243029925,1.9936293215898053,-0.2354029112864171,-2.421197406979875,2.986320779422919,0.36094532660747225,3.091446432236069,-1.4274486961441537,0.9365504295877474,2.6873430835716703,1
-5.622774166826706,4.3449110486820395,0.2937652875840829,-2.6411122817159076,1.2848566858000714,1.8965390576027408,3.162868141035843,1.7681667681889985,0.41278511696902886,2.048324524909479,1
2.168947189252383,-2.11532711226441,-1.0637530288534276,-1.6216763308593205,0.9887313881436265,1.6734283796145073,-3.5759296326305776,0.6726177046382568,-1.068672767066792,-0.24761312232437271,0
4.915157107331355,-3.2149602973765767,-0.13947281605210232,-0.324619675498659,-0.4731356140037246,-2.09635226223899,-4.402407983494738,-4.803063416695613,-0.3349142915775115,-1.5127285332568214,0
1.4652072807527377,-1.2220538608080276,0.7024373171760636,-0.4187728531006152,2.0173066471939007,1.8594067649624066,-1.048697088739845,0.11503025857570215,-0.9213655751373316,-0.044884255494711756,0
0.861160155300822,-0.379795296015766,2.111782350631641,-2.1556641476633054,1.4329969273161565,2.0459127496990726,-2.7957148712700293,-2.4846939843786764,-0.8622415228064552,-0.22830035015327632,1
-3.8024896253191955,0.8811189377944322,0.4845902276849122,-2.2426478026485848,-4.301298942774492,3.3702039782155104,-3.534326959804022,2.0781254783187535,1.4834705607162808,1.0828997824201625,1
-2.35580487997741,1.693818157933736,-0.7939410426254988,-1.0854557236488662,0.7995063968644796,1.147699707293394,1.528306671538436,-0.4822752346455259,-0.5344235616790998,1.2603014680112088,1
4.573829009932015,-3.3394504297177745,1.3155344233889197,-3.60405886795572,1.6621176656054755,-1.375855993298202,-5.635947969011236,1.9900937713914828,1.8997499528469546,-0.8250755749347571,1
4.775773073266356,-1.4717178477614967,-1.973972741411612,-2.77195055838392,0.7150922613803115,-2.6887828343140283,-6.076569641021795,-3.035883473462132,-0.12369866625929951,-3.312691845690781,0
2.886125055038241,-0.20230848417363778,0.3672342793221149,-1.6700542844247794,-0.43747463878418036,-1.8833930742891263,-4.883767291327459,-0.2741195065501709,-1.1195832538226196,-3.6777958342695394,0
0.7098766044304418,-1.7414551810875976,0.19374190066810618,-3.182575059890176,-0.8118613522999578,1.4929570915426458,-4.815050575025178,2.062976022149763,0.08590801841663039,0.5070604225200264,1
3.0745137603437063,-1.223563293092689,0.31083222911616043,-1.6653165798670766,1.9688907950709018,0.17036413669328532,-3.507851494126934,-0.1858984025894148,1.0976942609423341,-1.8978043679602137,0
-0.5490055172769371,0.5366933232537403,-0.268943188407163,-1.8654941086414603,1.9400901617592805,2.098126050996397,-0.5595460364352596,-2.0450891641545925,1.0927376267430766,0.739016315882476,1
4.241706617899942,-1.8922255066619866,-1.4234923662063474,-0.22457247246079826,2.7307475892944315,-1.0141969506842918,-1.9802947291561046,-0.1664433090916011,-1.0437630982675843,-1.9984198243251003,0
-1.595307325891924,-0.9913130951879067,0.22808652833895818,-0.9298429412049711,-2.4498293830507705,1.838855499045909,-1.6274919232425193,2.157824947635703,-1.5841955503765368,1.8818855344439864,1
-3.3724885015880552,2.6870714595237057,-0.025288712871601296,-1.5762600041229697,3.0955224274829076,2.916254719435452,2.991890297629636,0.8536716313332477,-1.6031633657174116,1.6962145709253182,1
-1.705310192249527,1.1107809561404118,-0.5251833566044607,0.6224872600867095,0.8825949596292356,5.663230597587105,-0.6883054486479252,3.97591033033237,0.6991852515350768,-1.2563137795402315,0
2.70435262418006,-3.0050861761798737,-0.23052941168065752,-4.593060071777634,-1.145430270969333,4.026444069824889,-10.51603988420042,5.5012816281457475,-3.0805987271739275,-2.2319804731500343,0
1.5885916246089749,-2.1357521989904527,-0.12054466785068123,-3.006376109921006,0.8345538741737983,2.5331514828206565,-4.699492534061848,0.8667535653902303,-1.8870935241978417,0.3807367509663886,0
-0.7518979926695036,0.5955627678401059,-0.8501690885320156,1.5562495674226562,-3.351164227440545,-0.5846389797471926,-0.6556318442017598,-1.3399863014223907,2.1677241206196283,-1.1250347701193735,0
4.9607767951134445,-3.597780545276068,0.8132003852843899,-3.6770927498292907,1.083644382795116,-0.18750396788972634,-7.418411675156733,1.1778346805210687,-1.634546121008871,-1.620001358425239,0
-1.9561195249356724,1.2642531844230476,0.7534521007216852,-0.5892616393872938,2.345819603310504,0.14687760814593043,3.8684052944989933,-0.9405824306045537,0.6031658090206458,2.4827998763655192,1
5.216241437877264,-1.7358720762092652,-1.0322736333158675,-2.867743589457671,0.9647696211565782,-2.9183761868382954,-6.219989028851917,-3.6441413974021595,-0.9729362321020011,-3.287976293652271,0
-1.0803820081486182,0.7131374806931685,1.0266820744716394,-1.3034721843025043,1.5377962987266973,0.6838871560963303,1.2434107519602116,-3.1493017164627473,0.25967101593177006,1.746897982688932,1
0.03928992612235677,0.9963927828693482,-1.1035572022322389,-2.7120892038447906,-2.4454153029420844,-0.8064189496565612,-5.033816328169839,-0.23780995486974188,0.06175846681022597,-2.366904562202428,0
-2.740239658958466,1.9650036192904208,-0.49234918078680157,-1.2537108126400285,3.246689732303987,1.1832525820521829,4.248938238756261,-1.7013630919827483,-0.3601762558429076,2.8990750357505624,1
7.3063334106838385,-5.744771418384225,-0.04509444918789724,-4.223885153637529,-2.1481875327541036,-0.01885649451471849,-13.438502094462653,2.0398126344387646,-2.0634597622966435,-3.8284322056814717,0
-0.490404388020977,0.5961524958936931,0.3260208066275943,-1.4018397347961264,3.821134911011169,1.65918297956558,1.8198528316816613,-1.0229802139035475,0.007531312048537615,1.4777976688179482,1
3.7331837521788898,-3.337951002818266,1.5899738499574083,-4.8948537856423915,-0.5585217438107487,0.43947764127437283,-8.866907315046102,0.6582271133173236,-1.3936310905992289,-0.9741523909256429,0
-4.841740202292062,3.186281351127461,1.167136844311641,-0.5136684167235632,-1.0233090058829086,0.8249637964768801,3.243280043283677,-0.45956912473757594,-0.9238971532632689,2.0297795702953594,1
3.6971411125205997,-2.3079448439802173,1.1114259568440468,-1.4703796804750935,-0.2777881843102161,-2.6263641346397057,-3.8324732256793475,-2.1687066800713417,-1.2900780921097774,-1.0519389476666912,0
4.938933233715138,-4.5383725166757465,-0.2888617561697844,-3.872157608042598,-1.9705787079982993,0.7326423160834926,-10.596812371941592,1.1368379214946778,0.43977805773482237,-1.9940804946223372,0
2.029655090494508,-3.5092140850923683,1.872324524626361,-2.482065285230549,-0.8504587830713235,1.5077736225869278,-5.029806619129743,1.1520974703130773,-0.3402503804598156,1.236703511690352,1
3.3365156697841645,-2.3240548103034446,-0.7817391430916868,-1.6699769086337288,0.656819148923497,0.6411850249112764,-4.809634364692139,-0.3989013286882228,-0.6726458449635592,-1.4066099239551582,0
-0.8884253057691783,0.4947513174123066,-0.22915313590075417,-0.1566593935041043,2.534470939512361,4.156445251259306,0.5247386945518355,1.7853637463967393,1.87357357502862,0.18895394150005296,0
3.7781362677241552,-3.594885880073567,0.3749168343513272,-1.8135014740058917,-0.9548523941380774,-0.6267090994086413,-5.340518348118154,-3.8801317007063685,1.0180744987228245,0.06463602450028372,0
-0.07511646724382498,0.4205669216560175,-0.33220008635431714,-5.5602865825034336,-1.654536577237559,-0.31177024017390553,-6.746662448635136,1.0134082238275406,0.1241057716724938,-1.078008466191806,0
2.439792221991558,-1.818850465428508,-0.4896345792469634,-1.3838836726862078,0.8733965791906475,0.954669728659017,-3.176344434652233,-5.628656715667392,0.4100006155204225,0.060174414730331804,1
-3.8787077118383713,2.299109367585306,-0.3182601643098657,0.278599268502262,2.2434174586336133,-0.281467082323241,7.088344286274183,-1.250607171783252,-1.6075809236168876,4.0226156082024875,1
1.5660905215159662,-0.7751541369906814,0.9138689034473524,-1.232344524543585,0.8009412551028071,3.3177058794938654,-4.608293412039281,3.5880132487806082,0.19050898228762644,-2.55041136683264,0
3.28822512518543,-2.630854957352303,-1.1790518927758218,-0.23417832265211058,-0.09722923377866066,-1.8011078928188216,-2.291852108415884,-1.561361908955614,-1.6928673242009624,-0.277416366559591,0
-0.26939620588046137,0.040433993010541514,0.19438983859663922,-3.0567789299128645,-0.941388978062653,1.0236096759434943,-4.248007651919457,3.3269044680622426,0.9209749161571599,-0.8212214788046719,1
-1.3154373622958153,-0.7582110496790915,-0.37078519144491656,-0.5357308535845041,-0.9682997919698285,1.5303849182971885,-0.1571267283426657,2.069337898284733,1.496102641339802,1.9318396472650035,1
1.5475848825812586,0.44908854967628065,-0.534584267655453,1.690615849001543,4.220217548531851,-0.06318192097389197,3.2165436251762998,-0.6771524190114415,1.7630416919780836,-0.9731681322118447,0
0.1261348741123871,-0.21637280568723027,0.5853573347956043,-0.8131870866793468,0.5457885363035968,0.9503701508374908,-0.6847752910085181,-3.097324952543525,-0.34978133190732386,0.6322690001241367,1
1.4583719265386084,-3.384679422182949,-1.0926388346423177,-0.3748736898722447,0.07478161523911964,0.968883639756965,-1.0219168087298358,0.6542992827529676,-1.3801238797347277,2.5611153803317137,1
3.0135889376719702,-0.22603812438529958,0.10739635562395039,1.622339018328527,1.9843475752437043,0.13208742855900923,-0.9221810658692079,-1.0438823297138695,-0.31676647561620186,-3.4046209511934915,0
6.790234628775623,-3.505326243389995,-1.1029294886061451,-2.3478726695968417,1.8033973473039167,-4.123478545129017,-5.252118524785138,-5.455650862877799,-1.3584113413477445,-1.920382097703491,0
2.088083371341413,-1.7479317392690596,0.7655040837808318,-0.8851208902103876,0.8853908730165572,0.843742450296502,-2.4333508400701063,-1.3323749987149207,1.0930998828254233,-0.17263651520262857,0
1.1463511513389122,-1.9434738868879569,-0.7247550882349062,-3.303515343944718,-0.021782864152182668,1.602216313568131,-4.469259609401425,-2.147448822074962,-0.39693460702118855,1.1825183053075157,0
0.9616522005150978,-1.5843202075457292,0.6152452623203697,0.09935854575203162,1.1885215519472634,3.6705082492125984,-1.8172319021756134,3.3556391734920394,-0.3863476271605023,-0.3051786708474993,0
-0.04717680013765871,0.1427300217848977,1.1888428682058862,-1.4642554217596853,5.092570081853946,1.4454254017407964,2.940775629296202,-3.5143006132924985,0.8464131611593031,2.6130827159284125,1
4.853886395107304,-2.3154789390925825,-1.1548506773209521,-2.2634631058065997,-0.019385383752378527,-1.3464926489042435,-6.894431005315551,-1.7326234981404818,0.47845868923613394,-3.2199405129166108,0
-0.19856007628087555,-3.3674808283057605,1.208257636927606,-1.2269091570001196,-2.314913671036323,2.940389173964374,-3.130796263178993,2.668890084753067,0.13261638336448567,2.973702986273687,1
3.447403179524615,-3.2281392443388675,-0.7809433479471526,-3.385705648842744,0.6713180467791315,-0.0809803146576431,-5.5604827754371575,0.538509595203646,1.2462685089482008,0.04624628657114127,1
3.790539669539258,-1.3933509634505967,0.29660525554701433,3.491007594052615,-1.8151554209356844,-2.136889555599827,-1.701795330443634,-4.043732918170022,-1.5661210835533308,-3.601324234160084,0
4.84927543698138,-2.858329834209756,-0.9847531049585951,-0.9849371061031889,0.584762073762635,0.4926503985758275,-6.1966935163626236,1.4423632378071984,0.7909746721224697,-3.3063935091668064,0
-0.4901046292280441,-2.4537318546087836,1.3329818101775455,-1.9683992964280626,-2.900819444463055,2.4388328141250306,-4.220654835072764,3.099897758896496,0.30676583466209273,1.8710532400321318,1
2.322197550736947,-1.0631451792097257,-0.27838878653379634,-3.635878461672558,2.8465182631912613,0.22594324332287896,-3.4661879041746806,-0.1804823165649747,1.6385124359027736,-0.3952716289594733,0
1.1733075469103398,-0.38759481486048,1.4036191497494386,-2.038056764022798,3.937138515569493,2.6596791572338105,-1.0920402569700092,-2.312304105182471,-0.4683011426573713,0.31786757081213346,1
2.686361977417176,-1.322728107785507,-1.1754437473511672,-2.1343818773043006,-0.9509983336163144,-1.4853655026725867,-5.07893872342822,-0.3690987380653128,-0.6256864237493913,-1.9759291196225646,0
0.29789346742379713,-0.9126496877491503,0.8453103293794513,-2.3011607395958364,-3.1681966662787353,0.4666631214880841,-5.399048647708329,-0.35963104644285027,-1.298432941562135,-0.6362214020025171,0
-2.2154370185286907,1.2666080862232987,-0.8188874874106598,0.05874549757255254,0.48635405845810653,1.907861041167912,1.870414577827952,-1.1659831670494039,-0.4426506960487956,1.3087170866394298,1
-2.245804790979185,1.9119608819155693,0.9419721325922739,-1.6215113166143076,0.6214669045882104,3.915441098989088,-1.4031443228883937,1.740506214047433,0.20241778729041893,-0.651610707161931,1
5.885471193577475,-3.781708540718732,-1.7842328729554744,-0.3152323095593439,-0.950595801510325,-2.194344654989239,-5.964419036814477,-3.7298064385108156,-0.9277222687537345,-2.557573886776489,0
-0.6740355040129581,0.20188324592729856,-1.296049239606369,-0.43133553342018494,-1.0660461642958916,1.7425197733737445,-1.5399766123537,-2.678162266669732,-0.09884916110273652,0.054194094223910305,1
0.2274698400947977,-0.5894765093915982,0.9428942355693678,-2.607591476108937,-3.2343217285280756,-0.6499550371467259,-5.153495859912594,0.3525583611830887,-0.021744077783032445,-0.7605235545426217,0
1.5442563028211596,-2.3478144320195984,0.5558251736336192,-1.4432415058704078,-2.8681569404136136,0.8230174971873416,-5.524061102575978,-0.23741460940671089,0.6761102937916447,-0.4321701374382112,0
5.706338291589411,-3.2350092424796126,1.9443303158147736,-2.3790721643654824,-0.24240473633755255,-1.481855059545389,-7.850384168811582,-1.435658526478683,-0.4516476363559422,-3.2512347829836044,0
2.720910014849122,-0.844543892122905,-0.7857751523064146,-0.8369070915071223,0.1597546799253271,-3.1955591156738103,-1.9108584937473023,-1.983265983840759,-1.1385788851296799,-1.4217450514728576,0
1.9939729003321172,-1.0833388228319034,-0.0009418654939958937,-1.61710630960648,-0.9669724606198249,-2.665591700334889,-2.8582496986560297,-1.9438193810919708,-0.6044837085446303,-0.6160246795762713,0
4.049345833067474,-4.461509258140086,0.8152406833068626,-1.2499436068872178,-0.8084647834482805,-1.7376326987407777,-3.920681512896867,-2.2494668273305156,-1.0011711119216136,1.1507773175374583,0
2.057673629798994,-2.218158276002575,-0.5622218265457437,-3.5685273361705283,0.6088309280589105,2.0668290459897807,-5.7422849251984855,0.29517836932766084,0.8430693010591931,-0.05841158709715466,0
-3.7502961739940766,0.15670767724104295,-0.03507807072000761,-0.1266689683612987,-3.345015051981494,2.4729678163689304,0.2499489549344672,3.052747613028352,0.03768234868289792,2.641322354620601,1
3.2976001499490506,-2.2653793144718515,-1.0566791249071865,-3.0401378891927013,1.1988044901932229,0.43335410348085013,-5.4427178473467785,0.6506194166816812,-0.13662660272656119,-1.166062811729697,0
-2.5821978140527175,-2.5373830308758514,0.6688008353642385,-1.1698763089599322,-4.313397159191695,5.293741118282835,-3.5515712338525605,2.5264499811982963,-2.314407091298903,3.6321373890922506,1
-4.601327761048545,3.288423451692761,-0.1958358636053409,-2.184387831280759,1.804873298988208,0.06350007014083059,4.682085285393955,-2.041249241589098,-1.1936547861257185,3.5715667618342612,1
5.529559401505176,-2.666990770878516,-0.23563875282441107,0.027279273602991205,-0.23365158448665024,-4.128773162220519,-3.8206063339653187,-3.9120426522678087,-0.24253906869816283,-2.665485527682956,0
4.14205317534094,-1.2746105502353176,2.132644026343636,-1.7630558849932,2.4464023980742784,0.7854286209576488,-5.3889358209361005,4.407371079314947,-1.0763639665871654,-4.225501699515545,0
0.1902144457546676,-3.2472123076816555,0.6786152455503763,-0.30151206727440405,-1.6896394681320142,1.6317215219766348,-1.3491621508724227,0.9970185223482257,0.7294185467742927,3.1637994189797194,1
-0.9430377940392322,-0.676714076836446,1.1442272902939772,-2.427934715326283,-1.7696909998129597,1.947186790273149,-3.6492839529576804,3.374285482842933,-1.6629677600826385,0.5653728486791783,1
0.548803485057042,-1.1720338073271184,0.9366809444440224,-0.8234475880195508,1.2419609835955594,2.764753961671528,-1.4624963234775812,0.370458411913444,-0.30034054830926843,0.6004979945078457,0
2.182558695803214,-2.741665005077284,-0.8435392391301706,0.3864301076309653,1.4547461770784165,-0.7961562061152749,0.5877669209852693,2.694634169393715,0.07434575564982325,1.3633426054029854,1
1.7647510034004503,-1.1116030862433792,-0.32859045439370943,-2.5357754655571156,-1.9763616186247257,-1.0071221793784486,-5.317474701280074,-3.652736341184243,-1.0089343457611863,-0.9773970725890906,0
-2.083995416208241,1.9264852213441874,0.317374216168657,-3.36631261106702,1.3146106397724862,2.2974234074849074,-1.301933814935506,-1.4130102712501273,0.4891243617599348,0.6200093942088796,1
-1.8176235073597136,-2.2801948249344064,-0.5607320028559994,-1.426783043866204,-3.73390569996817,3.6758566655418927,-3.1554743811416066,-2.01226343390883,-1.7444880584627906,3.6378471799973595,1
6.848615347377134,-3.9121212123439606,-0.22897866919380577,-1.9678334627564045,0.6021741951342714,-1.5486257543557298,-8.076363307752986,1.6192251684331835,-0.3117977833928547,-4.077691257928986,0
-0.5669247419671022,0.669041319789007,-1.1779662829643887,-1.739326680730166,0.7037085099935765,3.486228675937312,-2.7518236495217803,-0.20010451141216512,0.474926669064909,-0.8708077621318915,1
-4.799706258542909,3.2167481347542153,0.48196498844575936,-0.5624928241274225,0.5074097871063071,1.3084557310563758,4.216744197017967,0.9630841185480481,-0.42989402870384,2.301627023572613,1
5.620119333277888,-4.18420576918288,1.6129713899394713,-3.347010271551455,-0.7613511697770634,0.006394961851029501,-9.772477535398215,2.571049955606846,0.8535519082398223,-3.0166369837997467,0
-4.853179775543124,1.1143156289952594,-1.5123172078757925,-1.0405595496089626,-4.108020600000232,3.9104056653148844,-1.147609209028784,1.6665095187243746,-0.3852376925845517,2.2869938669932686,1
7.134401273301572,-3.1896937929581317,0.8778268248772584,-1.212923313090774,3.1171797314720466,-3.984025903497223,-3.915533192622182,-2.3678126333091267,-0.7097275428712616,-2.907355692649089,0
-4.511370688322274,0.6902384826673238,-0.9242775035535636,-0.6981290442926168,-3.836439847293224,3.5164671947386372,-0.8463382801194558,6.181744449087443,-0.5742154519063031,1.929918180330497,1
2.8038866555990345,-1.5740282806547945,-1.5235954481592393,-2.4018486282931977,-1.7187821198634778,-2.090384959307006,-5.729028645481185,0.02521112327055297,-0.7836933884211146,-1.9972493550015875,0
3.4124519843403256,-2.24112205490792,-1.2758061927655187,-2.7989204395969893,1.521215435735419,0.4726748822415159,-5.129385560744822,0.8679438510646544,1.8596474936036136,-1.2857929664563086,0
-1.60133487120997,-1.166698707014085,1.107079460723044,-1.9785627877906375,-3.474357187399276,2.418400939012409,-3.781290548590011,0.884274748509822,-0.6920812311179787,1.707374802276582,1
2.467148994340534,-0.8147655890059006,0.29034531520977963,-4.145926616059404,-0.49264448447247067,-1.4508103902052614,-6.557460540139093,0.7505221835128157,-0.23920621284401772,-2.2466484893977423,0
5.7661133435867225,-4.5019084441391914,0.35082176702292,-5.153843971080473,-0.3307066201247273,-1.9934800605398135,-9.36163789498757,-2.8052788643694155,-0.0970736769623405,-0.8385354848825664,0
-2.876864801809421,0.7748242571870589,-0.2052816228506305,-1.4963498084428215,-5.516239817067324,1.0243656480871541,-3.579310676552533,-1.6049477461918504,1.4432990590681207,0.5335943969696753,0
3.4507339199409386,-2.277644164529548,-0.468810719194351,-5.287884607911572,-0.2221030978525962,-0.8613238975408365,-8.288926570230288,0.8280139202128223,0.2689535543767578,-1.5434197479173235,0
1.246926765582385,-0.30192640932682435,-0.9607599976713864,-2.133606443703524,1.8855381834225924,2.026241706557439,-3.2602444316522496,2.4466404224806064,-0.7807668702460516,-1.5228914754448482,0
-2.3910617591597942,1.5439471543063985,1.5767222011039963,-1.0812055481054492,-1.2990808089269978,0.991148483338968,-0.4499900573677569,1.9767310944323464,-1.4683328563073126,0.13152630898998185,1
0.806656314620948,-2.276636123256247,-0.3702335944758602,-2.068404822723561,-1.410267733249676,1.1883947879806207,-3.92981321423064,1.0696421568370433,-1.0520842672347341,1.0761225136459107,1
4.410884019052575,-2.9834942392849655,-1.4442918455510363,-1.1637334701050848,-0.8196283809874891,-1.642513829549642,-5.398614013381313,-1.8314798098194758,-1.9465986776512292,-1.8363102150553632,0
1.1817095517614244,-0.7156549396730472,-0.033689671704462826,-1.7488672669280316,1.1378182920727595,1.5253915077565796,-2.5769468911153335,-3.460823717521538,0.43631043064229813,-0.05033361091940525,1
1.4714153832159347,-1.2707656290933547,0.4379633459741576,-0.8306994210390535,2.7104170397198235,0.7533789615133911,0.34280562516506097,-5.070869963732781,0.7246049784433547,1.6337907382694983,1
-0.8933360121825066,-1.3355664380585979,-1.0630719553675347,-0.582016663649002,-0.7705239496477316,1.718808645050804,-0.2484833830766502,-0.24172033972739992,0.12419843693255475,2.5705014946586555,1
-3.2870058401331868,2.1052900321585164,-1.3420578060448387,-1.0245519053636158,1.1497658330544067,-0.10596263602677403,4.031247558506383,-2.709858004768866,-0.13754246746483606,3.080833733854162,1
0.7725938097910712,-2.084811522570894,-0.6524944330712519,-2.015189214062259,-1.0951969095024499,0.5331607544444327,-3.1957695084470075,0.8874576068096254,0.1951617030986796,1.2516438724615484,1
3.5786449259595674,-3.0051131869785577,0.49084951079858347,-3.742515508214118,1.1682404414586651,-0.19406697381320015,-5.71362874848812,1.4024091418597504,2.2179595665285503,-0.33139005849832115,1
4.905112191012919,-3.5995488731694514,-0.815309725439865,-1.703386193770616,-0.5607036210206343,-2.1979601951956336,-5.650564614321288,-1.4750206198999778,0.9904116739094514,-1.3566797341482286,0
-5.951663302447827,4.338240285113443,0.9534512982258619,-1.8613464738884467,1.1943118502559331,1.2317236795233981,4.820185491246083,0.23899237173801935,1.4891650633595008,2.967973650253639,1
-4.884688981867671,3.2781997623510337,-1.6148367715444396,-1.5785143331003681,-0.029499661989871084,0.6141633960725779,3.4345114334016196,-1.1139834345346467,-0.4608112067171354,2.713562352928386,1
1.0870401596555732,-0.3387982651073498,0.31316308787932257,-1.5081532561420279,2.0190607231073745,2.1708778385808336,-2.295827711503568,1.025909327456167,0.34322792894701754,-1.004697208191506,0
-2.936765798463036,2.041129533251343,0.1475991755843489,-0.9069047750219418,2.5230892660389177,1.7479215929053484,3.6913484380126884,-1.1432896914435071,0.15063434031844264,2.4093751831298285,1
3.2387286384505245,-1.8328026576608611,0.2155303419444229,0.6977339482244322,-1.2395840786137886,-2.38241033595605,-2.456927798596785,-3.805772819473905,-1.226150963231532,-1.5168078094951212,0
0.8682489919363952,0.3133516482048928,0.3119850711831046,0.7339582323787415,3.247944304797218,1.9608302569093852,1.0119321327551936,1.3662238334827181,-0.2058321335650172,-1.166841384539092,0
2.69194474410452,-2.343217730293498,-0.45269792559143307,-1.2523305791766803,-0.26020342916652806,2.96005110082996,-6.035296036820867,1.9373773329507147,0.5840901804351359,-2.049095921633888,0
0.19453980174041535,-1.9740822246609226,1.7601274643449267,-3.876559421397123,-3.183214305625798,1.8287630570195423,-7.096861056147335,2.0106082957049205,-0.34654893770977147,0.4070800750065533,1
1.9140160262265689,-1.21203171069111,0.693013719684713,-0.13570774112075212,2.762588236348524,0.5410631169507082,0.19794389454621308,-0.8023036134566262,-1.1019098449744804,0.20558773437470435,0
-0.027412036143757267,-0.00039289441733192376,0.15103573097017461,-2.193797350082514,2.5971673459126556,0.8753247567357949,0.36477761444270523,-5.38247158614684,0.28927691064102734,2.0768141668544438,1
3.4715791960012456,-2.700589947576443,1.0058286206592073,-2.5428980734220334,1.8986837284194653,0.09755585869253847,-4.015959187760585,-0.08782284018573439,-0.5264848226902434,-0.20031827312817452,0
-0.5197344779592405,0.9050973438122459,-2.0776447816806622,-2.5816289560589745,1.8624984704197662,3.0608529650020575,-2.230350163601539,-1.5596949673226672,1.8555840363993372,-0.2942348358746727,1
-0.012642133384566216,0.4696258005073517,1.1229799400828921,-3.1837317143273527,4.112326968855143,1.876570496283479,-0.21794860745798,-2.357559248334754,-0.9099996026136191,1.3179938972856098,1
-3.2997479258077,-1.0257359441707212,0.8729568659267387,-1.1181926682274184,-4.742931239076544,3.872346034952918,-2.698995864923256,0.013301778284972032,0.9231661713210024,3.1078192989822373,1
-1.8290020645912002,-0.32382618256044005,-1.077438419030535,-1.3950629376953823,-1.8275244603565273,2.29778179042549,-1.8959825451888461,3.5034594551344718,-0.7767979226016508,1.1833322478807144,1
0.8036117839978045,-1.512641278105887,0.39096410303736256,-1.3167218869485289,-0.32665280906776406,0.19215714385785243,-2.1417398152490246,3.471145069422751,0.08457422225945421,0.36392790487865034,1
0.040933066032209746,0.18511709333407889,1.1553747187866779,-2.732503011822582,-0.5794201888858018,-0.4090112730089317,-3.0936718681573416,1.6387569928523045,1.3973129752469309,-0.5940324479428898,1
-2.1473598456504996,1.637922581408041,1.364817715332212,-1.5442381795723286,-1.4662310173618882,0.5615353602889556,-1.323001464281261,4.188866490129076,0.9506783849184264,-0.6634242535226709,1
1.1461901233382,-2.3476596764228446,1.7003324439360643,-0.6235480821331502,-0.502055543523446,-0.41495598744942574,-1.1536742985390174,1.6615567659550923,-0.7877542901387656,1.491992725234273,1
1.0115295231813881,-1.402935156607887,0.054085412771513956,-1.2050778300334941,2.9247825515685992,1.9321605148875314,-0.2030519321174745,1.1668007651716907,-1.2135898903361118,1.2775971431109432,0
0.12979692539174748,-0.013608773992374923,-1.72799785858838,-1.5944105783025082,2.343774817340512,1.0759001959764283,0.19481239541621143,-3.658648209398614,0.6154780045559826,1.329027917290844,1
-3.627883508649399,0.2829494536908015,1.129938253223768,-0.5264251993958853,-3.681853475322789,2.3901423765661276,-0.5750820076653631,1.8145680860539088,-0.6251405582368739,2.3330687483644166,1
4.482189253084168,-2.924504914934998,1.0933085409306464,-0.6962790888449052,-0.2777847029413829,1.3687450951921907,-6.845839428166012,2.597045237428804,0.3073638195104265,-3.57792468048558,0
-0.49754385540685303,-0.6361343804757118,-0.5843192198258019,-2.472555646248187,-3.6720100316130195,-0.24757946261501318,-4.670272835630993,1.1772287382965403,-0.14745648849836274,-0.044432804691673544,0
-0.1500642760953335,-0.9156219042041255,-0.6241273474841808,-3.8845380065113484,-1.8019029900155574,2.0298580458462094,-5.864764056836412,-0.3289845359203527,-0.3292034591749625,0.32353462255297827,1
-3.0648068809633005,-0.41296378787953447,0.2048634031467095,0.4142383332490194,-2.424090123876035,2.833841702751109,0.7925490421559119,2.3995647511337443,1.103042215191317,2.8527779641906488,1
4.670031704431378,-2.781459735304548,-0.5328453764695744,-1.1063460078781675,0.6963730863544125,-0.2673983716305477,-5.436133530917066,0.7848839713568279,0.8762458637057208,-2.7001854294410754,0
-2.9702429741965406,2.0049203864729868,-0.6669805191119142,-1.1099786751425968,1.7532877737256853,1.0633794021877667,3.2506838292012254,-0.880102556721647,-1.4435945815002516,2.3376562962669083,1
5.101664731880734,-4.339943860200567,0.25704898713049923,0.8821615709945521,-0.7793337789090652,-1.6984251753548794,-3.47592606606931,-4.219319471651,-0.3788393246661331,-0.5289946361852612,0
-3.1502036936892504,2.3709867708064736,0.19898543013936879,-1.9057342346676727,0.49939964607676623,1.7295594634837779,0.8316846709258797,-0.04611526476616978,0.09475032734396119,1.0917155806990075,1
-4.417707332637746,3.1782129973998297,0.21285226716268413,-1.8699408890572347,1.2685368551873393,0.11471411717134972,4.19930072448851,-1.9896006633063272,0.2776193401825285,3.1295021309735125,1
1.7739524113741367,-1.4755000076346714,-1.4440701747938907,2.056068737312721,-1.2338136232807955,-1.844684625732278,0.16390260280755078,-0.13219736191495102,0.26620531238892353,-0.6136034251171075,0
-2.828035451865851,1.9084526077618629,1.1919280999235482,-1.0659327557388811,0.07416971341863499,1.3119854199251255,1.2949259492955192,-0.511857934883665,0.7309971727296609,1.2506006559636955,1
1.513008361780925,1.4268532322706156,1.1377974715820798,0.42121728189810237,3.2030166663470454,-0.31691514682886845,0.6664637180996316,-0.7917008764444868,-0.1195917173778594,-2.7705798964319435,0
2.4223724661715718,-2.224743501648542,0.4949678233914439,-1.4813022561609939,-1.8041525629494923,-1.8889963393565954,-3.8622951952574773,-4.059002247478579,-0.2975389585302558,0.10788753499223747,0
3.0175644619419555,-0.3204213943854981,1.399441679203903,-1.0518342977934632,2.066091369720837,1.6399222292256261,-4.576189858075284,4.1982523002596555,-0.5860084483439348,-4.4324489685668755,0
1.6303270027168992,-2.501855229911783,-0.8758134047674085,-0.971416876293071,0.6030685952801149,-0.09207721654567624,-1.2705199374608396,2.428441372937231,0.8574490293349125,1.3125224999088458,1
1.480873855069178,-2.0636525618386483,-0.391211614041985,-0.6633164955762241,-1.7743999176732967,-1.6697159029279027,-2.0462903236877494,-2.169130389506349,1.1888467189970484,0.9330596357817598,0
-3.1519843607496374,2.161211582828318,-0.7447693121597356,-1.3968875580197724,0.11592792770982419,1.5096091913683252,1.2574860821811853,-0.9613526387477105,-1.5317800390924146,1.4176649406258088,1
-3.2704148849944286,2.208630763424564,-0.39949271755314286,-1.808683697990321,0.07293775133332892,0.926292122990867,1.4382090455777978,-2.045796518541473,-0.2572193918234778,1.9188967883028545,1
1.6643426003055148,-4.155931685131058,-0.3785453991953894,-3.2101685743861417,-2.6010660076156817,2.1221317504126316,-6.86754245277508,0.9069765705502347,0.36236757539154196,1.7952682137124836,1
-0.10271391544018758,0.17700635409074006,-0.519345073159584,-1.7024076321958634,0.5321938187389025,0.5700971663641206,-1.1935354447367421,-2.699191173212509,0.7032010546843693,0.5047601223374714,1
-1.3958369848935044,1.1340258564408288,0.16652917310247747,-1.7154344602600637,1.9386621789056988,2.042503291160602,0.4641156370836163,-1.425464694239445,0.40848936006400427,1.0649153742707154,1
4.233210658866425,-3.098961497351378,-0.037525029994255915,-0.8958852174952797,2.9173361324845404,-2.6542302948200636,-0.6475046379041766,0.9878536220770558,0.20295997535109142,0.4264099346916741,1
-1.5452271679233598,1.8477724631040733,0.5884181095165424,-2.1374971464606682,-0.7645201606624531,-0.2975594346307595,-1.4666554561548826,1.5575539637184612,0.2051444407136414,-0.819086020314054,1
6.673402741619699,-2.7310296341855285,0.012983828902915837,-2.372562151311648,0.6161277281879494,-0.42615267926945344,-9.864754812192238,5.006891161369937,-0.39996134955586493,-6.549613751923046,0
-0.9205499097521028,0.24412250511428235,0.3973467265388707,-0.11646412959179653,-1.1029726794905006,1.1679221116217986,-0.5780111581899385,-2.5317369055409635,1.5581663550129459,0.5212036988593565,1
2.954143356696736,-2.870845228133598,-1.3705529527607008,-1.4803769854121096,-1.4345485240906222,-2.3736339576667547,-3.713126097371021,-1.852144935321401,0.7244185306649547,0.2720681938020464,0
-0.13558464892841254,-0.6208941225601474,1.0444986441418134,-0.41450953696782133,1.0990704026485194,2.683295891195868,-0.4010211464449335,-1.1015094534778007,-0.7043151487438896,0.9983295590717356,0
1.5059661480370934,-0.8322829651809265,1.7568547399621408,-1.0429085268767415,3.626084456083203,3.9039972814798087,-1.65287845808982,-0.32027903527373347,0.6509356773865096,-0.5060038734645533,1
2.028955061758802,-0.3464674597709727,1.6911732112803357,-0.6427109870969674,2.3238255767175318,1.6435722518128049,-2.3411936747303583,2.3827828997230736,-0.7778028998325223,-2.422224658330353,0
-3.3910277911865903,0.5649230578810989,-0.26925578727533833,-0.6608347429416485,-2.6570457385088906,2.6399445465049594,-0.36439369888483225,1.581781091591082,-0.19606948695133647,2.0007391219775315,1
-2.2561150149182914,2.157969609087394,0.6324000449549774,1.4801994027749807,4.7273852211948375,2.2974097681470207,6.711670976298779,-2.714051771925801,-0.43084641761581777,2.180638724947409,0
-2.900592203757722,0.7334496808613129,-0.14243133679410933,-2.539597073865715,-4.319113247775421,0.7652101002577525,-3.518648624181222,4.451968732626562,-0.6932112437288963,0.42860988589504356,0
3.4645964185145206,-4.331341901408855,-1.395549194700143,-0.9249088539212769,0.3021473047054135,-0.5269464399495942,-2.740570628209216,0.9557229739818021,0.3055419412611747,1.4783420296168317,1
2.1562178618353403,-2.085332326016824,0.39633816166012553,-1.9570436498388741,1.0487793563534917,2.211348275382664,-4.238706399272596,1.6075788622727056,0.13840572480730834,-0.5636300664752497,0
-1.6161979646848812,1.1511001073063747,0.18991303656947056,-2.188148840642764,-0.43201758361977416,1.8084774990655115,-1.764368856057742,-2.5452180068061385,2.2284728942025787,0.4682689509405227,1
-2.757635720203119,-0.6246811683396566,0.5210259575413511,-1.1511257219407502,-3.1412873509888497,2.708299452828296,-1.593715860309181,2.3680473951299006,0.10293980738393282,2.4768022055830996,1
-1.2272532159655671,0.9068519417310809,-0.8762456758218921,-1.4573395774444904,2.0447021781600756,1.2820339870152084,1.2215865327137623,-1.8269821324702487,-0.4444338880704218,1.522693655253071,1
-0.6408184179021243,0.6458639671764487,-0.1959993431701443,-2.2958208666455038,2.2893246140009604,0.7752036120341472,0.4100979203220343,-3.2934905318709613,-0.11494188559527853,1.5928249273803528,1
1.0666407043471706,-3.3816640062671537,-1.6509805566552327,-1.649827548688107,-1.9982978239127744,1.0048023641263786,-3.577876499984702,-0.9060029733170691,-0.7253491649120763,2.4385260084051903,1
-6.072031397748197,4.320810573604959,-0.3984565703230503,-2.0632629937740288,-1.207352002281847,1.481966298792135,2.2960342110818317,0.1592053868797183,-0.5823021314299596,1.8927992344962936,1
2.592330734852125,-3.8758307223692334,0.5378410736607816,-2.988074690466634,-1.1170238141428954,1.3408689321311709,-6.213718940652986,0.46487197559326265,-0.951267688212614,0.9789778609826283,1
4.405107373284034,-2.2673994189134232,-2.3224870505935393,-1.9836007250584977,1.6870945595266151,0.8756807236283288,-6.113254238352023,3.449995580403629,-1.8358403176645526,-3.351020006604865,0
-0.5142064328145712,-0.7467195132716776,-0.39867118284230546,-0.6650419926398168,-0.08919914299044307,0.30066265924547353,0.12741978285659153,3.1681501445635534,-0.6008907156250872,1.3573882174964134,1
0.7841342889468735,0.05975197872904503,1.5291409496859902,-1.2279102578066463,-2.1560066024766322,-1.2424755945707013,-3.5416577657768156,-1.558835635165345,-0.8285586812225817,-1.6726443198600789,0
4.665764402887183,-2.0243919237691834,-1.1170019091117969,-6.0481400683749085,0.9877198032049908,-1.2375503482199033,-9.466588880838504,0.10654552663808281,-1.896893594497059,-2.9499206393811193,0
-3.222688742034464,2.5309517335324383,-0.05130812440863104,-2.165080909500028,2.177376967108634,2.7398437046854833,1.5741191673928836,0.25507942724185906,-0.7778127881608037,1.4277631641824384,1
2.7642003137958957,-3.5303556108311684,0.9133294119466377,-3.0354795680348174,0.5513320040474875,0.9862968240577478,-4.730404517307519,-1.350416504511311,-0.29369022617075313,1.445627647010642,0
5.394787711431898,-4.067064488897071,-0.7274167023665219,-1.3290642522763136,0.9953632485913326,-2.7054204029988287,-3.5813799952860528,-6.0230804914748886,1.199225634489599,0.28124435553183647,0
2.920566974180367,-0.43413242832485377,0.3368746903727739,-2.8222469217517907,1.5686222722863783,1.4265653560248008,-6.291091915432232,3.4967377602915803,-0.8732566768525382,-4.053072621720657,0
4.253587350552128,-3.148044750584293,-0.1638308303391922,0.386565861767189,-1.4494651580180744,-1.0600502817406283,-4.559772427275217,-3.1155930096053766,0.9007679761936869,-1.7517187932175868,0
0.31913326364393746,0.08281658288096971,1.1489450423095446,-2.003225783075276,3.5582134315502123,2.2419250269164612,-0.22908170461882005,-1.5347069918672194,-0.11236035302542442,0.7697362622566841,1
3.386242833566228,-1.482557082159844,-2.2552918196422387,-1.162662738768693,2.1752556116209147,0.7576489663401083,-3.6897603049880883,2.2269327353385395,-0.3247149947247542,-2.5155262829323233,0
-0.8554588495748364,0.4620003175256706,-0.19340580955180642,-1.1519387407021633,0.07353208561191082,1.3305266360672892,-0.7070906835097545,-2.528042553374161,-1.1073076373988764,0.6901320875027118,1
2.0890800268707297,-1.1477858394561653,0.07014261647740774,-2.181100960700161,1.2899017009611786,2.5759276293770714,-4.601189232404188,-3.414924001755688,-2.170916797722521,-1.0945525487013796,1
2.4251617644185037,-3.337960317648421,1.306434045918939,-2.581517409280432,-0.2824935173577534,0.3254040120425761,-4.387399042141493,-0.25541912610478135,1.365142966601261,1.2858890406732602,1
0.46049110771346624,-3.717682864491988,0.9938199668145166,-1.4578631690087807,-2.2722846147442297,2.405610216954439,-3.488464653115756,-0.7930101060698989,-0.1542783060966025,3.257208458935741,1
-2.031159382307125,-0.7158618966871206,-0.5101669854062516,-1.9252638047335202,-3.081315508313716,2.9833188056142026,-3.5767461848710767,4.285311434887332,-1.1578365887232838,1.1367616320148675,1
-0.2828694037373529,0.03555650457121717,-0.8552333004345047,-0.5112199186306803,-2.435366702847543,-0.43320436949908303,-2.0437263583283287,-2.215063019602585,-0.03191629980651214,-0.3089120927188147,0
4.9633372687764155,-3.473934339661264,-0.31271237723295997,-1.695881546243352,0.5616761575075059,0.17843066316712375,-6.422591695999076,0.9707439716647807,-0.47474345479679664,-2.3081874878159487,0
1.2177876829191607,0.3409202039921486,-1.619452363658364,-1.7978547837268692,-1.3751504342659535,-2.4353144346022115,-3.269631619320791,-2.5000819254519846,-0.8439647906271928,-1.7874108690292698,0
4.085099114908678,-3.8016662816132323,0.8855832342134344,-5.340790034236038,-0.4951306467401895,1.9368859148976991,-10.524614908119302,2.039072415594756,0.20438134207027742,-1.5051589856576695,0
3.090224652687884,-1.4795164279257018,-0.1863535461024663,-0.46140268090738146,2.791038653927846,-0.8551313853826383,-0.6491817379415876,-2.2235432833829254,0.9756260594983872,-0.4875480811358013,0
2.7266885991777934,-1.4713241880287107,-0.6217715111428042,-1.1936698052731147,1.4704028394864825,0.6538871101128086,-3.3220512466528604,1.496610523313477,0.8644058427070802,-1.6888077294713315,0
1.7647750456418134,-0.18011757361668712,0.5511419018528504,2.1837475000954742,-1.2365576408011487,-2.137099887191424,-0.21659569298385214,-1.7183601079466182,1.248342160816372,-2.263961206787297,0
2.387462162775878,-1.9489126934361414,-0.09839182710802215,-0.9287730862259828,1.22594279943625,1.3109183524047126,-2.8893806008096603,0.5642964806096212,1.0282824711049414,-0.6309431666192794,0
4.642255181446309,-1.4880292679495792,-0.22913705051509212,-0.539375019448851,-0.6562149897738558,-3.796045013403256,-4.454146229186275,-2.867134817099002,-0.31206045639121544,-3.5563748834075204,0
-2.4494990060740696,1.5417235210210245,0.1470895818380148,-0.576885218805579,-0.5767400768996631,2.0480322144638605,0.3024898549582992,-0.8377853945459406,-1.716303122872247,0.6460842278633493,1
-0.8392292089756305,-2.4918389997014563,-1.817847858329859,0.36910880253697154,-1.0161800791003712,2.6686411991134587,0.08377006064844536,4.538020159837155,1.0405875045535475,2.986501749065452,1
-1.5063041565934576,-2.2239867253105308,0.1523894921547402,-0.5821035531836757,-3.0332520073141396,2.792126561078069,-1.9170992971879515,2.7576126020787095,-0.0324397920733668,2.9019535281164055,1
3.0132251447177727,-2.6781023305318286,0.34778943674423696,-0.4272158289703152,1.768047872845226,-1.3951744049787709,-0.6084251789518669,0.7741662024831463,-1.248030347735052,0.67993960547052,1
0.8781942731875637,-0.5281034736458183,-0.015194776796849207,-1.7020582200765753,0.9294140209635319,2.229546054733576,-2.9018102036903333,-2.921536307409566,1.8140712001120263,-0.30638067294377325,1
4.869754355832949,-1.874088095623902,3.019653142338043,-1.539310405125028,0.7640439689107397,-3.0297597628134167,-4.63297885956064,-1.9586888428917095,-0.5179257981707803,-2.94369437958305,0
-1.9020035229930774,1.2378230011631515,0.8616750444926806,-1.2758680737014287,2.0777027444198573,0.9882033283591766,2.4681873043319764,-2.660446102716204,-1.9858485335431153,2.3246005187339476,1
-1.2652580955933244,0.8884628302054066,1.5421334540894287,-1.6553299020368355,2.0481981067928916,0.7721688699937151,1.5646858379221102,-3.641593960343092,1.1594979535736338,2.100574070523542,1
3.2262410559063905,-3.3090727413194534,1.4604151779364853,-4.70153242688515,-1.561220381366561,3.232248655005359,-10.968055335324316,3.5866708440955004,-0.6990546254873308,-2.203452744610362,0
-2.5175417450445123,-0.39533445758607355,-2.152518453046301,-2.5243488520915625,-3.7818511686176923,3.080300245294926,-4.088609071627437,0.18048452873835186,1.3548659398836689,1.7204001289028306,1
4.540269455037146,-3.8726564529908822,-0.8869380201285353,-0.6993344582463858,-0.46876356457880486,0.602218274178528,-5.889213707944838,0.4182156585361554,-0.4957995313842904,-1.6684290261824093,0
-1.386057058417312,1.7332089136196287,-1.247274884629391,-3.299703728796695,2.2580981371986537,3.8481544765477396,-2.3868884074809915,0.6978879904514219,0.3951717850367753,-0.6008463405864526,1
-1.9000072738915497,0.7657655401137609,0.9603222190656966,-4.842194109719294,-4.045471430195995,0.528681749502355,-6.5720695822836985,2.2119266370765582,1.5247566638184626,-0.4775241759523772,0
6.106883114548084,-5.408713135528076,0.5415941061731595,-2.0208152565101036,-1.959380861185395,0.07566644180550108,-9.600955434895594,0.3138552619946924,-0.49489544457292073,-2.244064220926554,0
-0.4193136265095996,-1.4443108221159544,-0.9488772846345702,-0.3198281992710956,-1.0302181676865398,0.8272875296304317,-0.3807478123955113,0.7410898570221301,1.1337955202216703,1.993299214009833,1
-1.111091688459544,-1.5764070393801093,0.6064921081313653,-0.9736805648532963,-1.8554313306245953,2.334458176745179,-1.7103355011215366,1.3115820406304308,-0.9536984332384353,2.2910976722274095,1
-3.266798424147993,1.9331645350394056,-0.036758415044703556,-0.43037731654414846,0.4901230255435476,0.3713000435097711,3.6712860094234223,-2.4411914090269966,-0.3650694658676888,2.7274997228081626,1
-0.2722546650748814,0.4110402196669538,-0.5093741983254958,-1.9674271318619645,0.8774726876221562,2.79907929488193,-2.52712958218169,-1.5794729630018942,-0.4509639480337017,-0.3673002039901543,1
-2.897925853403955,2.228197978495607,-2.089799188711629,-2.6189716998398236,1.9764255102044346,0.23108621086193626,2.5786542605071925,-3.831802223956726,0.9623794069097557,2.8594198781301325,1
4.860466392507421,-2.4353231296597144,0.13214375719132812,-1.6057874281089888,0.11148221641588862,-2.141399634698671,-5.541150688386848,-2.2431688659414175,-0.02087728092190075,-2.6547982355243223,0
-1.3715199668539277,1.1648367408803249,2.2883029942286006,-1.4818001200959308,3.4482027383066742,1.8919776923705771,2.2472024421743084,-1.9722822051432332,-0.12481801734521697,1.8787109097928976,1
4.137939153065734,-2.143568162487296,0.2631372818131559,-2.902853136362811,0.49749006360481673,-3.599474550843486,-4.531968262946493,-1.7019231949065845,1.351511717504909,-1.2492840801966465,0
-0.45902499796256824,0.3901116112439662,-1.2068703438749475,-1.1934896264701143,-0.09520864147746066,2.1922423386950527,-2.143146127146789,-0.7037814188224749,-1.040775105395876,-0.5126535166538462,1
0.47625510807706717,-0.9917956665632269,-1.188236086510001,-1.5506105586201615,2.2773738503093357,4.065555961936806,-2.20859015418697,4.075746867875717,-1.1830630064186702,-0.04768873472391277,0
-1.702171714445292,-0.42457196574174216,-0.42253130948399986,-0.9899284017686644,-1.7790886145082714,2.0285899979482087,-1.269405984632234,1.101449452670438,-0.26881061174257165,1.621158240586354,1
-4.189992902548324,3.000889264055629,0.9818720840361634,-1.9546949893110424,0.5808225484288324,0.45488490255077196,3.0017561792506613,-2.1693599948142954,-0.7688088656217581,2.6048804024814727,1
5.836707036785383,-6.240366586442509,-0.7605548258126817,-2.2656804320715103,1.2852663662064443,-0.4090505858411757,-5.348272621396711,-0.27696672636311637,-0.3330915328947997,1.4255247707531917,1
1.4371480011365532,-0.22996969342912288,0.5749566828332526,-0.7395586098360251,2.848459312386553,1.2712850901091617,-0.8284378586372639,1.9268160184740162,0.35321677280416497,-1.1818136258543543,0
3.207367891742241,-1.5303864446731945,0.2066817873696032,-1.7147275939797912,-1.0973871828873334,-1.8144614119000737,-5.039359251093589,-3.900670840526161,0.9188547498430165,-1.8952145173883694,0
-2.5468367699557066,1.7860813533669588,0.3652402750183186,-1.5383746271570196,1.7210326033362704,0.21468430031945296,2.959248476462195,-1.9667597354055883,-0.9623156927902224,2.4928318732000863,1
5.178594627419511,-2.812724491294559,0.8945855326686752,-0.25226199074594646,-0.6030436936613182,1.009430248516285,-7.734088988165619,4.1944530764900305,0.33207543880324786,-5.185219074766826,0
1.2969464456941355,-2.855588030680166,0.687049346723827,-2.8931370821271813,-1.8337968412953223,4.676741087081611,-7.876052772123655,2.7080544249904195,-0.753649710906341,-0.4682987782218404,0
-4.794487539644259,3.431051720221112,1.0605997745553115,-1.8073425972755908,2.4123812177661965,0.13604923487880627,5.742380660413047,-1.475632167572533,1.2923946385344747,3.82654812092566,1
2.707274554134076,-1.8994704147224764,-2.4642720517314447,-0.7303709190179094,0.8965089143211215,2.3908077338953517,-3.984238149055187,-3.511239928138387,0.12992739205381387,-1.1215871680331957,1
-0.2718973814609123,0.48869138578997573,0.7880199850505609,-1.2402220651716225,3.599849976593882,2.8408102448749295,0.49398672967224416,2.3582760734527826,0.7537689306975566,0.20791747344202416,0
1.8487570805396443,-1.3495772907700294,-0.6283759759092804,-0.9559213174526154,2.463635482347043,2.7848214897628236,-1.8787994604800011,-4.8526906762658,-0.04097583810799503,0.28254860174015684,1
-0.3612795089879526,1.3456833844617941,-0.6858995107838715,-2.4364671925323496,-2.1223892635627393,-2.239309102863398,-3.1430927858816875,-0.1895500034271167,-1.135582509617947,-1.625537514069034,0
5.416832819340348,-2.746481539725094,1.5866519998435806,-1.3708787110192195,1.0764823052561496,0.8665194369819331,-7.3502722800985705,3.3392075064595432,0.6272412210909549,-4.545194683837446,0
0.5442528248902088,-3.463536651738668,-1.487224707557865,0.04314964969306345,0.013645618597375675,2.546829723545189,-0.5918048336691687,4.755695506539265,-1.1341810097997216,2.855833388518862,1
-1.589373232355748,0.04519189940674995,0.7118888480489975,-0.20932761532679978,-0.16176441456929003,1.1076589705289421,1.2384159858578403,0.33727215888894735,-1.81775659745302,1.9396228716994592,1
-4.959093462434523,0.10284014815621356,0.9690968460267542,-0.35657838132968833,-4.919153216676449,5.276770076559378,-1.4668517771031575,2.1918898846784662,-0.2927533408708017,2.99994703685123,1
-2.3485506530143505,-0.22091142926715324,-1.8050291283624669,-2.4779047313228078,-3.2931501421578653,2.4641887690768303,-3.3942308745700114,-1.7334514945966988,-1.051284356794708,1.9558588511152328,1
-2.3312893171945164,1.7384685201659418,-0.4421230940259152,-2.4915931910596307,3.461315900435813,-0.021501861054579408,3.7764616847632495,-3.6792125527123085,-1.5957105531940339,3.5382906093860718,1
-4.3961503506567325,2.8981452946382746,0.7715085378154345,-0.8431591889439365,-0.5076389161384167,0.37578849611435583,3.355298766962432,-1.9263467581603497,-0.21329152514805583,2.4517700602052543,1
-2.041297099875133,1.325735535445721,-0.831666596053687,-0.5485299226154432,3.154540712504132,1.8197806175934896,3.678610375687294,-0.7251208755641655,1.3905701575757772,2.306355656505497,1
0.6692532807463016,0.4469230597931113,0.903802445950609,0.7146139049639921,3.359383022079959,1.0772954654932305,2.0166534136348235,-0.4467524474739313,-0.7072114456978758,-0.3934349718681516,0
3.0435566602330875,-0.8451797503697696,-1.0313628176412637,-2.942383723927426,2.4735835521052123,1.710268017112639,-5.599818748800988,3.139327514670444,1.1418635102837786,-3.1802777195275205,0
4.381708126570484,-2.1693797277597393,0.8022427532675195,-0.006016969723089183,-0.9952802995531964,-1.0054562482197593,-5.285330808935755,-3.438931188226128,0.28514365010775894,-3.187153653729078,0
-4.548468284297405,1.5701890132020164,0.2774805323440444,-0.2941739903735834,-2.7516798505687996,2.8120458202915657,0.8293815349691944,2.1498349967455592,0.5953806331963128,2.051564444596127,1
6.410156418756728,-4.010174215603551,0.24241986583901803,-3.1293537985338604,0.10600202080556631,-1.1795649613651837,-8.848070091315844,-3.1805065622678432,-0.4589767802484813,-2.7620421040824774,0
3.1433194336118206,-3.3255249116819634,1.0446044599494295,-4.348391492778075,-0.0591032043498807,1.4284179685333762,-7.6920679646977925,1.2824927120706329,0.7500013962715297,-0.2866622836268611,0
2.605893199682928,-1.8841969245075512,-0.7425224425970892,-3.837102149158396,1.0766587970076817,-2.717164751429692,-3.231773533699727,-2.384436569394295,0.9083664271640899,0.9372359956337886,0
1.6394320626728178,-1.1675255014136452,0.8144239716875006,-0.6694078419116292,2.6214518325321974,2.1937389136035264,-0.9906827272791544,-3.0381957841384013,-0.7003271630271423,0.31056022917407433,1
-3.32013707488652,2.0090537707814398,-0.6565840833621379,0.22253816336062693,-0.8554599917101299,1.3762482902738984,2.061965004521924,1.440074071515974,-0.6134027260709931,0.9784140254255599,1
-1.2934963479721155,0.982590049633044,-0.5679106765132114,-1.964135835975303,-0.15996577332140216,1.4856374455608736,-1.3996449780339528,-3.3851551136522113,-0.9537798798020337,0.5927804677484146,1
-3.5608044006857984,2.678578778905389,-0.7756966481012277,-1.5485568579406945,1.6577178947738598,0.9583285426171465,3.208516006627152,0.29000245056535623,-0.7186703793388529,2.055564312383728,1
3.8610023120484436,-2.3109597390937955,0.5031197819620602,-1.9591134428379278,1.7332653596273992,-0.4984920553133452,-4.115474711134835,0.5553644270946757,-0.7205959118163332,-1.4407217122951115,0
1.4322564608169366,-1.7402097994559842,0.7416570827032594,-0.7213101608285434,2.0095370126941745,1.7990362735407652,-1.022265242198719,1.630505174351042,-0.2055359116625379,0.6055163146439009,0
-2.117758620297379,1.6192969128662658,-0.3353018538052913,-1.3477883959088113,0.7745349125001294,1.387686069006073,0.807488766535351,-0.6492964352169193,2.306313314976487,0.943853258908898,1
-2.0387652553020583,1.9990144148847777,-0.571552160192608,-2.914315727278484,2.6983219868754276,2.4202659143216456,0.2376077286888435,-0.6841379233040976,-1.3928127863304445,0.9538166911727073,1
-1.651874190826924,-1.0281007825730615,1.2549288299150514,0.07981799875404394,-1.6548023886383165,1.4422169049176286,0.5786272210303901,0.20740746877566352,-1.8311160916004434,2.827559941310615,1
4.251470574959199,-3.467409417865687,1.2294856818066993,-3.1574654031204354,-0.06002514971299777,0.9801709281780112,-7.8562567140665776,1.0972373919112628,0.6613180596003198,-1.715851787746483,0
3.103360020596393,-2.367673918626839,1.8229226161542995,-2.0729725800828076,-0.15717812258213293,1.6532743658702742,-6.362464336075716,0.9661748098483781,0.1784418142130577,-1.9389547392391688,0
0.9284192032104999,-2.1682697620624714,-0.05043398467809789,-3.90409613408135,-2.1206171963682796,-0.9405464798558955,-4.965519209177827,-1.9913705253413885,0.463205681874362,1.7181698528424958,0
1.3210172727155187,-0.600171557691955,-1.0644128526674308,0.38804381834790114,-2.5039581872985766,-2.3618532107406685,-1.9662053080416426,-2.9387732890335183,-1.7283099639364932,-1.1616560299416494,0
0.4046822452808902,-1.1875371411317681,-1.7917385924612461,-2.6015200633737114,1.1829614957738916,3.239614238328004,-3.280215289860663,0.9776197534768544,-0.8356678083807723,0.671480085243036,0
-1.4140095237627575,-0.5767656488135523,1.8717478592398793,-1.6415138188965814,-2.1077056972447177,1.9480215947140669,-2.373050882210478,-0.44492748051022657,-0.26609554303275906,1.5521334206359763,1
-2.895336476015364,2.2555176627696363,-0.8733360538143778,-1.559493117451581,2.4896974534162872,2.8368017925995406,2.008546172149701,1.008739642968279,0.3423848998712967,1.3006851937008306,1
2.168648831332574,-1.1162241520187997,0.8959549177663008,0.06565777822150709,1.9918945242777952,2.7583654257029213,-2.5751310541690766,3.81816369093673,-0.9496466378785903,-2.2897994290922052,0
2.124917978221482,-1.3758095770304846,-0.9768399153964802,-3.648677075505097,0.2765700333833656,-0.7747921151316768,-4.811736436075745,-1.0388847528088072,1.1196510169859355,-0.41772361755087895,1
-3.354824161656549,2.5545392049640574,0.34954698616459456,-1.6577016814421581,2.8091232344563752,1.8298376137054464,3.4378324146902206,0.34587779825954423,1.9411114755060226,2.2001746272488676,1
1.71192411642112,-0.23048671341028593,-0.9824839033361819,-2.849581784331334,1.8185198595081857,2.3471305850950186,-4.990971537227994,3.355022056095499,0.43832542947664377,-2.622189925178745,0
-1.3412001556730804,0.9839313484696751,-0.5008511412315233,-1.262893995337086,2.8962899576825056,1.191591220389006,2.4383860039801935,-2.0828737954896854,-0.07411727241210533,2.08126716853826,1
-1.9870144860708634,-0.6254936788719507,-1.531903132621566,-0.576165272548413,-2.0650764679123803,2.200229427771731,-0.7839720437381271,1.8472212728093886,-0.6349324900294716,2.031889612820037,1
-4.312339270827747,-0.22633443557056343,0.3345193854951219,0.4819800427784471,-2.796346123573256,4.792665004455996,0.8510602748570772,3.8081824911438056,0.6003183960020816,3.4280753012694403,1
-3.6750375170201877,2.732563507726432,1.0336128376464708,-1.7494341689994792,-0.5965971190801156,2.773321816049271,-0.2657172104448315,0.4281512351033201,0.7969325646390534,0.3448887147040667,1
-0.24183091788436756,-2.422219985523292,-1.2853904794030626,-0.3758551374813408,-1.5639083186647535,1.641539207317504,-1.2078793455422638,1.6074207892012917,0.47531251451012557,2.5339898530886695,1
2.8733741813334635,-1.2550519027404503,0.13705561276816447,-2.1900644365279778,0.14139873827396987,-3.0565386728821027,-3.2772413082257534,-1.331970021965568,1.5600376578908255,-1.102246890767006,0
0.4006306128614443,-0.15474289205916159,-0.45727515147832093,-1.5727079850143348,4.504223916319968,1.839266115278428,1.5359191665721392,-3.77192840940031,-1.2763856116888015,1.9715388610467746,1
-0.06825055968194214,0.4852502002043959,-0.42307375324199836,-1.6645149362101954,2.1596059374887937,3.2031053647807326,-1.7182885130365046,0.2418253546098743,-0.08685014625147987,-0.6073684544968123,1
2.2641906777386316,-1.477910350123608,0.39935931289665577,-1.9020043531201474,-1.7878492402915844,-1.2941421038439904,-5.106237709164557,-0.14438550216660206,-1.7239800295155434,-1.6113399447456678,0
4.101049149566793,-3.197290304059435,-0.10153437523551705,-3.263973720647131,1.0920766778020405,0.76189703305754,-6.673661035204479,1.9629022027081153,-2.04382751632623,-1.362339591697809,0
-3.5349472416604666,-0.504265461846288,0.5033656705515603,0.6261741917219865,-2.1951610619666546,3.5232385941204045,1.569540664342892,1.5923151123149275,-0.37701295839399485,3.732027744777418,1
-0.2985940505954722,1.430044371232674,-0.9857173794825126,1.1791885465065448,-2.2915930632375234,-2.9896854596090687,0.38772462823406334,-0.6695127441625686,-0.23430091500583808,-1.8324355781210158,0
-0.6796861342175112,0.830727655390856,1.4526412766138854,-2.088309518015805,0.8127284659442858,2.6415213515665887,-2.348596638534608,-0.0924042421850031,1.0769360713597977,-0.5826731753909722,1
4.29828993619481,-1.6542520167682748,-0.9371689825086071,-1.9504670975361584,-0.30570642150682636,-2.194016850445777,-5.860139849322359,-2.5749571570863354,0.6119949622310287,-3.095680899401898,0
1.781451433494956,-3.927920612568693,0.5024058434128431,0.05685280730912834,0.11835367912493844,1.1391056122185776,-0.8721040810480332,1.166891798493907,-1.8701895621449662,2.744012979670277,1
1.1559110426968764,-0.6050711137656024,1.3092529698878164,-1.196534726329356,-2.307056545575961,-1.2542538853011005,-3.9119567777285145,0.23108672050093215,-1.9378786649767805,-1.5940067596349763,0
1.7051691217515956,-1.4055418808893998,-1.2033563885959544,-1.0197040688126902,-2.524221851452708,-1.194186767065134,-4.126020963728921,-2.824702289668649,-1.0554640201092618,-0.8713871895153118,0
4.8971154935996095,-3.616611008848866,0.21999147392510457,-2.15870341935426,-0.4273366853662759,0.7634471963450518,-8.150479607727215,2.9652642415722807,0.2364954976482552,-2.988002357730131,0
2.8738447841375447,-2.680484817584718,0.40751614482073995,-1.493128352299448,-0.9123725158742293,-1.9080144961459014,-3.448052246384826,-2.8691211440210775,0.07096581559454476,0.3713575603217041,0
2.918655019442762,-4.090199699386522,0.9005367329806482,-4.329551294005496,-1.6681488491100704,1.3969758776503152,-8.314459439324976,-0.5262786034479743,-1.059668557457832,0.738176628842341,1
4.043913953223757,-2.0890443340104863,0.9202154051909595,-2.6225166974025473,1.338072430712421,0.18605522543954112,-6.037112715637806,1.513138198785559,-1.8358166328024461,-2.6342250192651444,0
-0.8396738945178195,1.674931106299197,-0.5090206256342559,-2.302986744677627,-3.828261106253798,-0.05870463458041297,-5.718946080259894,1.1940632930538455,-0.35537987654727193,-3.257159960383586,0
-0.3172233884947087,-1.797484004695012,-0.8267411458526538,-1.6469803272261667,-1.297154643534591,1.9650197278176351,-2.449333987198685,-0.7018504569145048,1.1013278116336973,2.1592183454554075,1
1.479933711865093,0.20005142263175424,-1.0154626260364303,0.574930817980527,-1.570762396271289,-3.436527298713733,-0.8687351693822556,-3.433351125807352,1.8761402076818212,-1.7321351068053867,0
-6.598633420511066,1.9883752399666115,0.06213755581199564,0.3970935735452923,-4.029322121717603,4.906512869291198,1.5841835972825546,2.7269607959420834,-0.18744995875830522,3.1247510210677043,1
1.6619055407613166,-1.6059651758887343,0.2691997967043428,-2.2643074657096234,-1.820619069407149,-1.204455790318508,-4.622963325017374,0.9286597399833942,0.3875918273064956,-0.6534425715755287,0
5.511727149309612,-4.644790388445569,-0.5784162376782022,-3.6569605445337325,-1.4527843637452245,1.059522767796378,-11.033610950226825,3.330877148555351,0.20449204185500447,-2.9583743185568396,0
4.579145002097685,-3.1731130608018265,-1.8554509012233178,-0.8736105612222944,-0.5355640415083982,-2.725075418774207,-4.199827160960489,-2.960121874181289,-0.4419291098946981,-1.1154609236687665,0
-3.889261615470926,3.5419866638588697,-0.4857360479880245,-1.2247003421748182,3.78931042792846,5.330742510805155,2.5857099927988467,1.8575942495856197,-0.7412456849806711,0.5019245954021643,0
-2.834391712678566,2.129678624380704,0.04895092292747902,-1.221304721305016,1.162792104499039,2.748098459678901,1.051085978103206,1.0747205484652627,0.40892734089817995,0.7185623664688817,1
2.0307443512139547,-1.1711519854910357,-0.18076809987796172,-2.6383658483105776,-1.5377144146822732,-2.7547037446745097,-4.183304607767616,-3.744660458636095,-0.7700563022042354,-0.44165992664798837,0
-1.1146468161716314,-0.2698211458351536,0.687335817914791,-1.2758925356711568,-0.919269794002229,1.4443619852415137,-1.2160908505796586,0.2577431845568654,0.47913716123097744,1.2490712830625077,1
1.969720399602927,-1.640119659898903,-0.5492422532930129,0.562580299321974,-2.9333124590592936,-0.7080324037824793,-3.6380820034698775,-2.937710643885077,-0.33617535520027964,-1.3926651375298955,0
1.8539350473857323,-0.9559379067071161,2.215520699031174,-1.8213195391144357,-2.3022182969129705,-1.5448265630324263,-4.960815187658983,-2.0914677765873284,0.4968901533612756,-1.636294492305086,0
-2.138515206371502,-1.7289211276556242,-0.7008768162808939,-0.2682860030266687,-3.200623037988813,3.337552099610728,-1.4553897305387162,1.7957177872555565,-0.7068187852951947,2.992885824153938,1
0.061192091898037766,-1.3824285508411833,1.0172887682435623,-1.4876596344196653,-0.5009740525510975,0.8571252226774905,-1.6284621273950033,-0.4288430286863605,-1.5243781271427859,1.6582805866354702,1
-4.30095098658602,2.815625684563238,-0.4474482845167523,1.120676705332543,-0.24897094287560284,0.8533988947578216,4.733536138677012,2.298439257537908,-0.01203689282592103,1.5821428759952307,1
4.003844714092776,-3.2261656583326195,-0.05631616494647724,-2.255713183455329,0.36735885443363125,0.9280369587098338,-6.375850118891247,1.4436853026324319,0.9851920917811056,-1.574186058271339,0
-1.134119011442691,2.313018557639694,0.49698571962377913,-0.442994963638051,4.835253658710009,2.3202095730427352,2.9947480082636653,1.5067543696297112,-0.07377286372969208,-0.3558741458038601,0
6.073704103103547,-2.1392396149256485,-0.55063491515459,-1.319163385511828,1.9055647002938514,-0.9896794375320681,-6.612218457044299,3.216355187137335,-1.0140248941583359,-5.434675206569777,0
-4.884606041593538,3.719849201201697,-0.03866477467922823,-1.38273016629468,1.924827212797506,2.1828331369917193,4.019453911937379,2.2259634717221846,-0.46728560120220713,1.918747376887488,1
-1.1527754984283851,-0.9329320366975695,-0.0527906942165574,-2.3783198662557132,-3.2920737050416733,1.7390378255505141,-4.3908994004245425,1.7385477567260412,0.6704399078019393,0.8524441109064578,1
0.18299400417921935,0.10451682438597798,-1.3170336937142253,-1.1390078851539864,0.7834213423152323,-0.5473529123179093,-0.3808451443562496,2.0057155720892226,0.3099509788444218,-0.10899243348531851,1
4.314377853058556,-1.4521919418242688,-0.7079316397276982,2.319992275848318,-0.4017710709439244,-3.787101798643773,-1.078998318379859,-3.4646356576647332,0.4457878488316868,-3.0512667071839488,0
2.529038995005631,-3.162650321308983,-1.7473631486709842,-0.02700012977535482,0.527130355784681,2.1240411555252026,-2.830182652406514,1.9007472561256886,-0.9093693167108169,0.11178702870242385,0
-2.5815096360984313,1.8544606802393462,-0.930580804964575,-1.5839476587503618,-0.27966332791772763,0.7004823712698883,0.576375356675144,-1.0937956132028368,0.9404000660077916,1.1056983938763232,1
2.5201502714432364,-2.6717493566664645,1.0250456494261013,-2.891965683858648,-2.3516706875994426,-0.45560143073866866,-6.670532724115925,-1.5626819629929007,0.749842223524697,-0.4537658289203166,0
0.4721688025914501,-2.342512472501215,-0.2646747534513352,-2.117158580681982,-1.5571879839741218,1.4832113463731083,-3.7660327646658978,0.9469317102155543,-0.6963435845473834,1.5535242520419146,1
3.903083625870129,-2.8702430441129674,-0.5173874571548498,-2.176784664689375,1.351742882518939,-2.1621954469130165,-3.273453657067245,-0.05844321882323755,-0.07807405751548097,-0.12970191402955855,1
0.1889903971166806,-0.3729540223490513,-0.5201524864952068,-0.788118040494046,1.3754485127806475,3.4430017688878323,-1.829215718255849,2.291364105531848,0.6897841481354932,-0.5558991302422054,0
-5.187527101789349,3.6102338139927617,0.8070828933138953,-0.8961664297102035,-0.23559977068704652,1.4908797308429917,3.3247802559225996,1.9809980326207062,0.23755561718928486,1.7172891617269976,1
0.5229391169794415,0.8153833097414562,1.5550127404404641,-2.0267571451584203,-1.8229160692672375,-0.9438769415337495,-4.31824950195527,-0.08787364417022059,0.47227321434653297,-2.554774643127275,0
0.6516304536203069,-1.8796390285112925,0.2009563978861731,-2.085400645754775,-1.8080433232223412,0.15892331113004832,-3.6103881256741306,0.05410501496059106,0.051308619657192724,1.0313904875259343,1
0.2806733974195893,0.25458205156496083,0.8858407471328126,-1.2684811563321305,0.9619898735847808,4.1231557619098425,-3.7799845355439765,4.265320667516869,1.3359605561206054,-2.4194684153245154,0
4.739906729391833,-2.5725375443223903,1.4676250199727816,-2.812485863477164,1.7891863893243931,-2.575209027810546,-4.496819546721474,-1.4230899003424686,1.9628108976737255,-1.2909104473445505,0
2.18407674333018,-1.703729614920511,-1.1823769376187656,0.4218017639941034,2.516029108200985,1.9606628386805847,-0.43883121893533766,-2.726316624624211,1.3157491868740676,0.18689651215069514,1
2.7199393563830405,-1.2418133826156499,1.0408721934084568,-1.1029731056430356,2.7706531557843386,1.560062319934419,-2.7770831565637217,2.9254444261461385,0.028520151886810636,-1.9270898449236555,0
-0.9204539276119644,-3.783407597577462,-0.3661849082122145,0.6187453947338897,-3.035861509682552,3.070716203262498,-0.9372441902950878,3.2460868013856565,-0.8141517155184925,4.140503364480118,1
3.7397371826522203,-1.2517978983964702,-0.6153936285702839,0.41487341804969224,0.19258374947720402,-2.602802315385871,-2.4858144226787706,-0.4271332306370006,0.04775330857156707,-2.9334425776081425,0
2.3348698890640054,-4.515699590443436,-0.1143310990593399,-5.216265173195607,-1.700599938741675,2.9480410533930614,-9.20112147865369,1.8549849621604522,-0.013973682229795103,1.4336505475332468,0
3.472389872779628,-2.3610770139455566,0.6336971474632781,-0.6717829305126195,4.865181419072685,3.2618291229156027,-1.4364965231495324,-3.5789931741106122,-0.12224393158849264,0.11258071428188976,1
1.9300994354120373,-2.400082515017448,-0.8016217753583335,0.7329241943861162,-3.5693968881852154,-0.854817531931095,-3.5757303643662692,-1.49776348556054,0.8330031954806495,-0.6650371155523183,0
-3.7662067524027925,0.7548176447701809,-0.22364424165441577,-0.8460963278266107,-3.3276177613779927,3.217003871071574,-1.2238747313075204,2.9578943632966532,1.1709677668550098,1.542776109189358,1
2.0519081859380237,-0.9892037535357946,1.4296110940944324,-1.3932357411948433,2.2569893508670003,1.6203169164591698,-2.6719177054218215,1.7059314249316273,-0.2493565805562629,-1.3268099175226236,0
-1.9639931870358065,1.3972720008078037,0.8452454659371279,0.48357550120841863,0.44590031666446506,-0.10505049421716994,2.7188613729752418,4.505433893552599,-0.6006874242654983,0.45395907919225387,1
-3.8218538814313985,2.5719489896161702,0.30619742476590583,-0.9575041920107792,2.088895411487571,0.03957782656851383,5.347969440035119,-1.4339363998428907,-0.7895326606591032,3.4239801405693573,1
-1.5917634210068403,0.18735335435587408,-0.020039782720029466,-1.3676282309597556,-1.479763794469151,1.7520753013811161,-1.6388640222856292,0.4174646827556221,-0.19917320752099718,0.8799284797114287,1
3.7658547851123467,-4.801098611100351,-0.12445652284259297,-1.1672378901769425,0.5485823892556279,-0.23553599363388522,-3.189343113713865,2.808157602423629,0.2722767812109982,1.469296671993433,1
2.657541119873163,-3.4199764279068914,-0.2260061692729072,-4.307843306980734,-1.0867232081746603,1.0049689757609275,-7.70274974261169,2.7402757620921996,-0.29782234348325515,0.01764267130625785,1
-0.6982451958294862,-0.1183924461611281,0.618396655883302,-3.1715171120698176,-1.9757055688892735,0.9282544000869909,-4.507414919573321,2.3114772377518626,-1.9055398876681573,-0.21697185251853623,1
-2.553403662939302,-0.6759485802215728,2.7432036702123757,-0.7844786924014001,-2.584248921825179,3.3516956719183266,-1.377425187377882,1.974310251872027,1.1004447242600397,2.3293055078938014,1
-5.061641349543297,-0.04243601564367716,-0.7468835055312297,1.0003737315763912,-4.003960118158034,5.1775218185496765,1.0350383172084052,1.500091574619163,0.7058006613720358,3.9176982693703293,1
-1.0011677892231219,0.6923521152145353,-2.55053622892236,-0.09606516316833802,2.542856410028289,3.0283235422923864,1.5304303667512882,-0.5920901148809037,-0.5260759075166689,0.8456799365305208,0
-0.5533509595567921,-0.05295868735967746,-0.38395995921171594,-2.207310674416248,-1.1199307512155114,0.42784903680346953,-2.524364970883442,-0.4709668412964578,-0.11456113901314935,0.45481893131940887,1
3.9681490415859746,-2.1987497899340935,1.1290829682869186,-0.5380572145260812,1.3327335585181352,0.4672827605114256,-4.176249201862325,2.1797361262713273,-0.5461208297493778,-2.6876679753860833,0
-0.3521044186219699,0.6381187546663956,-0.6590158484933484,-4.860855326740545,-2.3955268436231374,-1.549698073152144,-5.6665141489275115,-0.17925959274730263,0.7037242080689715,-0.76913665720531,0
3.279717108510998,-2.1933287038085116,-0.5619298595106359,-2.08344056749717,0.2688043334782646,1.4101402056783257,-6.276549270500168,2.711176914715879,-0.7675366433534065,-2.4676454198991804,0
3.0952075900902623,-1.963554254342959,0.5420998596428898,-0.5411786038122427,-1.7745822725060525,-1.5951344975558674,-4.52631775929322,-1.0144818487754512,1.1351543656180323,-2.010203438366669,0
0.46217970176864326,-2.3229347225580863,1.186687477227967,-0.8401902276564345,-0.28120280862888647,1.262271604686375,-1.2887109018557217,2.511234835664122,-0.30330182219937346,1.9359069390695842,1
-0.8518844173912115,0.719604892092893,-0.13026917528716864,-1.8093288255369022,2.5580894402642533,1.8613458082175431,0.6258291337640937,-2.5150498830903807,0.5794788332239186,1.40898041383724,1
1.197386523276405,-2.9556045154977393,-0.7548368840905327,-1.2864088025429328,-0.3520459103571698,1.3370698554867777,-2.4580674294186036,1.5567246161889583,-0.4348435688460894,1.871856310229642,1
1.689866415595805,-2.6969316874795943,-1.2391619172959618,-3.5794146731023657,-2.201308978924817,0.6593992099938863,-6.7009217552131695,-0.5252667086437521,1.1354100618426521,0.4635329004560724,0
0.8252027033947043,0.6978193377133683,0.5085045121653451,-1.5440624153227678,-1.3634937177708604,-1.2400254464770222,-3.594009250741276,-0.250497436349143,0.3414676498338867,-2.516704440164679,0
1.5972980153119902,-0.23894796345837976,-1.1256261575784021,3.010980015047399,-2.0240726646394926,-3.2398033806502005,0.7727249344562738,-1.6556727659658967,-0.5061410917717176,-1.982222289792922,0
-1.1703479475184526,1.0407988278972518,-0.9297507246523911,-1.8420221829771446,3.077399038480432,1.254759897757476,1.7451114367322462,-1.945665322887098,-1.717159640363207,1.806716595745641,1
1.0447379839949025,-1.2830597783654343,0.13764164045635982,-5.558418444575985,-2.2480923885228417,-0.710589360176951,-7.553446116244725,-0.9235201108331315,-0.9947728850761446,-0.05709361621871678,0
2.0855439196357257,-1.117368539188084,0.7248006775508257,-4.135963428809592,2.2411653683408788,1.3210537967790825,-4.914150364798627,0.7097339525683424,-0.8597166853631285,-0.7450003876532486,0
-1.5662068015951807,0.9899832601590022,-1.9004702789566612,-1.1023062740326561,1.7130829377071735,0.9502206395782397,1.9831004784192752,-3.227509165350234,-1.4934771596197547,2.083548547747116,1
3.4262044094272017,-2.386001466441093,-1.5323803989699238,-2.828586874307186,0.9703010932035396,1.372409139463194,-6.351163882677161,2.84775273237722,0.4376334300729764,-2.0019179860439595,0
-0.46566069543107735,0.7419009102443231,0.08870358310773845,-1.941905812914665,1.6182721789619472,2.5846977218289346,-1.6380821718564142,-0.21136427410560343,1.8869092859122965,-0.3419124100574913,1
-2.1544027137796173,-0.5534363212237645,0.06932690490054684,-0.31167900156304573,-1.568519227219755,2.1093724201569186,0.02276179681802678,4.772414964637768,-0.5402662492199259,1.9823757148627643,1
0.9733958753796925,-0.4549882306503734,-1.081109166687114,-3.7491152774275744,-1.3491658116516423,-1.496440199280764,-5.0248668689426035,1.0444331545368049,0.023644655799445146,-0.9276839486955767,0
-1.4173696323997944,3.153986339931712,-0.39105685693292935,0.42495935148562025,5.722624156100886,3.185651349842149,3.848462564439944,3.8045996161775997,-0.2071011056632473,-1.493796147995717,0
-1.5601258544924383,0.8424759672474301,-0.4692896527597039,0.22795682385002847,1.1716356455784804,1.976165232502227,1.9261225665242998,-0.8949651808128181,0.5098384367134517,1.199127971794799,1
-0.10443552969877688,-0.02848234019718321,-1.2007149784734212,-0.5468185180837896,-1.506846535081804,1.2344423978603811,-2.55153136177461,-1.1593198547583627,-0.09627645979926186,-0.7768574206048604,1
1.1710583560906027,0.890379277804485,-1.280149409940975,-0.7186929595120896,-0.5555539004851707,-2.5586003494652583,-1.7720235911775892,-0.7909916715954928,-2.1794930022729853,-2.450289735062045,0
1.1472292166472504,-0.5419380027539029,0.12540967271338568,-1.9030322102849961,4.588678076156269,1.093533209784412,0.8495559972289625,-2.4726915981761173,-0.06867285406832548,1.5059491349643102,1
4.974135624883453,-3.3117472722135,0.07068670075654385,-0.6293001251277355,0.31786844741267073,-2.1014534886349074,-4.096068603517953,-2.191695382440618,0.08856013110348288,-1.4514586745679032,0
3.870733041955377,-2.596655972837217,-0.8110217605589711,-0.2436913833791865,-1.470163316321183,-1.342499642861456,-4.688251859928562,-3.984612271413368,-0.2862696894887815,-1.7303080424742943,0
-1.0793752892666475,0.43174081266235986,-0.0585620505450542,-0.40946602138938326,-0.009360829123982173,1.75499947606866,-0.01891974152092858,-2.7588881443780666,-0.9729967645226961,0.8896877285372451,1
1.5155492059388869,-0.7742934156364129,0.049413485699647076,-1.707311492786714,1.0096497123631403,2.40922600495401,-4.123418710077921,2.9294483922677355,-0.41069299586421504,-1.9051881891901874,0
2.4517204049817427,-1.2142849426128164,0.10975760599336436,-1.9100978834847524,1.7976638251407624,1.4234702872325675,-3.9047758832587465,1.3766961773116628,-0.7697238435808309,-1.6912284088707514,0
6.229822401082995,-3.335571006809218,-0.8275710246003674,-1.2031449713648141,-0.0094250819543229,-3.4076790635742373,-5.912332165002104,-2.6682918916768155,-0.07889307955282317,-3.001092910709957,0
-1.4518071853197687,0.9003436983379073,-0.024905317889254742,-1.5792516844276725,-0.9921883318427382,-0.09643619152799165,-0.4616982790704423,-4.593532387263119,0.03700713200476698,1.2775416120909868,1
0.7622412092469123,-0.6421034113890074,0.005470578005373759,-0.37147121378765724,2.819871326949163,2.104318643657102,0.44981038877642343,-1.9854043226448381,0.08639863674911352,0.8314225869524755,1
1.6737472806328915,-0.45490721340149043,-1.188018833449517,0.4199613872610546,-3.3122457884508325,-0.8665216635489835,-4.430088738267818,-1.4527081110432294,0.4582436216800502,-3.1353049210547352,0
-1.7941621243255115,1.6153028214350014,0.340444176783171,-3.017424179928984,0.7207126162459102,1.6341484872983603,-1.2842128351352557,-2.735409511290597,-0.2625442100412391,0.7656763460057854,1
7.425736632133407,-4.779123693953444,0.22449498197211173,0.32094341496419587,-0.1880068513681632,-1.994591180961173,-6.426484420782145,-3.8667258707608045,0.29817570277746885,-3.1530832541440628,0
-7.025267729361593,5.48160470034318,0.5205667802110826,-3.6687349406096184,0.35264251617241404,2.263619049656915,2.3767842653526037,2.7810194062012608,-0.9991461781992887,1.8037246822818864,1
2.2240941416325617,-0.8544548304271871,-0.7664526660874534,-2.105684033507023,2.5625101214891566,-0.19217306130978717,-1.9892458279057148,-1.1176246763325803,1.9157446518204777,-0.5083371754261771,0
-1.6178990657150878,0.08387796788237734,0.7303178001295367,-2.081549277921627,-1.857368311861899,1.3995273475178354,-2.4546903284519974,2.3051198982916863,-0.8823002245850418,0.7546385874730516,0
0.7929699781181043,0.7863584201662612,0.46009719834924406,-0.7122475117477116,3.696225669339184,1.3276079740653266,0.3401962279547579,1.6943638658157232,0.18448544844506723,-1.2887728315473268,0
0.24510691653816336,-0.5602053588739475,-0.49367815811910076,-2.5549958350615407,-3.0995575116561236,0.1597248343243003,-5.607059801960801,1.2439415517364512,-0.5110989667242454,-1.1997066410955743,0
-1.776354538148322,1.092155868086996,0.32926932540814957,-0.316951370724192,2.2686976903542755,1.0427386848324636,3.301474838946521,-1.0823713022594355,-0.8725247934775272,2.1130108567042427,1
1.3420772236985399,-0.3620252146241072,-0.3842010047704921,-3.313217403246718,-2.1293767438366187,-1.3331395663251933,-5.9199541201490025,-1.8598950422068212,-0.5147441368134572,-1.674495075659145,0
-0.3763024289697508,-2.9233006635682357,-1.1884377829607005,-2.3142690299914914,-2.6087731404378225,3.761437814990813,-5.0781560775248735,4.337032362112229,0.538576666828435,1.9236509952071528,1
-3.5753286300050835,2.616745163139746,0.13486021817791943,-2.40732379814133,0.22496230563114206,1.809503893135494,0.63212265821144,-1.632479505300439,-0.0074757047408683785,1.5050772355291266,1
-0.3560281540373953,0.2338855900922474,-0.3275938814999255,-1.0967883192159338,2.380000229781207,1.1165209659461428,1.1809827466076006,-2.891075690572049,0.7452511086442049,1.5642066912975638,1
-0.9021934361012681,-0.39444862743147713,0.39985888437087463,-1.7303509146732283,-1.9045709565336815,0.4105015229907403,-2.3089763667074017,2.470451624692947,1.059244833995519,0.6382472059370936,1
3.571954388167287,-2.7554753772085516,-0.03176132329018785,-0.553495031278476,-0.38761079207259197,1.3871200413466351,-5.5394657678719055,1.9167775934023459,1.4552403021497493,-2.355874332036401,0
-1.4575668618729283,-0.36706254274143135,-0.08089014718819436,-1.017609146104658,-0.8881599427402377,1.9975558268955818,-0.7873674195367476,0.9756376175901432,-1.3777767923973276,1.6325530864289775,1
0.2625968028239348,-0.833574832850528,-1.263559944602884,-2.353674028028715,0.46570154447706025,4.974534007486409,-5.118778356003234,4.1992085189152135,0.21706958064802997,-1.1732122673824152,0
-1.24573878102888,-0.49494094156796886,0.982176172838533,-2.227078127187582,-2.2478879787312023,1.749092355613129,-3.1974401724283843,-0.7859425817260823,-1.181935869887245,1.2488972513542858,1
2.3178673182466136,-0.7841982369758121,-0.19552578102936102,-2.5120524733113037,2.0506370225001955,2.3345922854754444,-4.9988137170832285,3.2894812920632326,0.312419820099923,-2.611662042208635,0
1.1017238504568632,-1.0227315720673977,-0.49466805790039187,-2.3854756281268314,1.2137683923557767,2.378135717862293,-3.5312481160660183,-0.47994995343588887,0.757751315277474,-0.14996025640481525,0
0.33173467681336377,0.6070421480499211,1.530615071172418,-0.8114583520383756,-2.6148208557847257,-1.4851380285240865,-3.1493624281155634,-1.079358308659471,0.5679574327665837,-2.0585000611708133,0
1.9430739397718633,-1.254903115404181,1.2581668124839103,-2.2082243518974867,2.5424391033301337,1.5194439309972065,-2.7310618164575793,1.4927953536496519,0.8658490355174857,-0.47133129769041804,0
-0.21567245492925585,-0.9121723335206783,-0.2669563071338542,-2.862361107896527,-1.1306333408883804,2.384414380656458,-4.528327463200985,1.61739998346193,-1.1882913506953199,0.26007629481221106,1
-5.420099817475457,3.757292029917795,-1.217238649889543,-1.961122911734627,-0.04569204868939414,-0.040531717594548544,4.0454933137078015,-1.8407034214638038,0.7249503535466539,3.1853115342129636,1
8.641233280903434,-3.331622290429319,0.3586202068075248,-2.1652294219616204,1.9776105437825513,-4.000588675053523,-8.057247681141446,-2.417883013761883,-1.2910049123905396,-5.590650898187765,0
-1.127536210205248,-1.5926200535931427,3.103201276114097,-1.3746717446438346,-2.373961187451457,2.26501682494926,-2.5051505227255273,1.2398837519089814,0.4775256411263925,2.1387817146558827,1
-3.589166219637582,-2.1402577225156705,2.6243809004653476,-1.3385501410420435,-5.916264720826111,5.955702847624789,-4.60779297400623,4.656720779317545,-0.10886381860080305,3.225149433252173,1
-3.3629794618120865,-1.6351936909311795,-0.3607029268088617,-0.04959374607017031,-4.204042076533243,4.302926580298584,-1.0852456091497737,1.370623886785694,-1.529390756777434,3.991730621767165,1
3.606043423318066,-3.4224836252993303,3.0092065764966502,-5.47278135867633,-0.7467538495967636,1.8156694679568726,-10.295893796731118,1.4248775993108107,0.11269821989453443,-1.311709099485452,0
2.7909529207507715,-1.354453672372558,0.13165926095919087,-2.77406723342259,-1.037842438206729,-1.4767168952482754,-5.898554893854671,-0.29403576283497324,0.038530277656444685,-2.1113336233279156,0
0.6913242655651692,-0.40471968126675884,-1.7328526291943496,-2.1089775481848796,-1.6731596253620418,-0.8526975965786444,-3.797210670759052,-0.12130654424515153,-0.5161014389718014,-0.8689066677515204,0
4.390702473666048,-3.6117583730758276,-0.18680854289301907,-3.1765338831120253,0.5126198534952274,0.1856712743308595,-6.852570482102366,0.3031931533105212,1.1744720012347074,-1.0077370284957186,0
1.736012483243608,-0.860362103732607,0.45654466677858146,-1.9464819064342347,-1.2963460164606448,-1.3725261392137325,-4.186221921043802,-0.461733114853905,0.5568524215227545,-1.3986817188323466,1
7.243549610674812,-2.778720586800172,0.4003949180730848,-0.039905321438309826,1.6614226809609907,-3.7586492620261365,-4.780067974619299,-3.305143901978904,-0.4195070824803589,-4.47027242251573,0
-1.5336982372539765,1.1428329367377474,-1.421083377099567,-1.6021623459964238,3.087863170557254,0.7834107899620055,2.874096264533015,-3.642806172809338,1.8858912804286394,2.6571330398417983,1
4.005325551866892,-2.1434650942995197,0.6574566266891637,-3.384935370339058,1.4091905122531425,1.2434850527684862,-7.295069566205939,1.8870752643883215,-2.003684111696817,-2.8380575676655293,0
-2.0904101364297984,-0.5299131245966887,1.6919153911091072,-0.6740164454481614,-1.4845799280967513,2.571125536459583,-0.2679961829171566,-0.9507459972612056,-0.8944957572277883,2.672405549180968,1
1.283674908742943,-0.8456578652495081,0.6151793284289413,-0.7996552679448774,3.0426813259191254,2.623016201174744,-0.7202083886528678,-1.9065174615355396,-1.5982523594990603,0.2643089496907143,1
2.4403704261324215,-1.9024376536298,0.932683609622001,-0.06934258090586742,3.2676091511727234,1.3201972208626658,0.04545590320895937,-3.203219400024601,1.6680284385448894,0.8097012705296291,1
-5.555564252219798,3.8681284375783855,-0.45790576499444,-1.1809397254386793,0.9891680846078791,0.34431766270759145,5.486268515897409,0.8704493752611362,0.9667333203445074,3.1333022125102903,1
-2.423771876506922,2.032926181103459,0.5004910936423804,-2.5736358323054076,3.4913060044562334,1.0369038132904604,2.8400728108462734,-1.3777026974953983,0.5858914313698134,2.5002457874345723,1
2.085875273860441,-2.4216765537990463,0.05521235360038612,-0.10706316394987248,0.5785878974924333,2.0644424037851627,-2.491797252323876,0.03381988781094347,-0.68234442589306,0.01800886807157287,0
3.865845339981523,-2.570295817100239,-1.8754552388064587,-1.0780219927198074,3.7295121868671064,3.0309029985873437,-3.1957466975662134,-4.174944253204412,-1.5724895241473331,-0.5649361601236356,1
3.5834717598363053,-1.1790337243086082,-1.1929367296870448,-1.2416320246004773,-1.854352461514926,-1.4241864934199646,-6.467816471474643,-2.6612252362443085,0.4105197247070703,-3.7970903827362075,1
-2.191154914997526,1.8034550945059893,0.4335690048197964,-1.5523611826576127,1.2696100760727342,2.8592356021876055,0.06453978659518528,0.4445181504785847,-3.367805732935858,0.3421883091272313,1
-2.4505376343748644,1.638246672819815,0.16909527219934303,-0.7391872739566054,-3.828952520782363,-0.9192230077042545,-1.2271370798974124,0.14896784129517915,0.10643383528411943,-0.2662051629488753,0
0.7709877473115765,-0.41779382873974713,1.191483357686506,-2.0110313352193465,1.586567213118778,2.636519824804499,-2.725023462826625,-2.7418537140808175,0.8162745882328386,-0.124263952826561,1
-3.3036558558444122,2.0643581972868525,-1.6227253551788592,-0.5390130939898855,0.8570987637970615,0.5980256873615223,3.7258747585307126,-1.9466917558793135,-1.0603922340648304,2.6166548305036983,1
2.1167839797042034,-1.341419474856267,0.8736037442094435,-1.8562979773890287,1.3162152205999305,3.248058965450568,-4.6292493604584255,-3.580820659213493,0.5663239662643745,-1.0562405866186921,1
-0.5674414207768834,0.25248173231438487,0.6694701644574631,-0.552418950275661,2.041444536279297,0.9383512345361141,1.793834075583373,-3.2990883938986206,0.1591436784075838,1.791949107675273,1
-2.093223850470044,2.0193524615945595,-0.13382828319967827,-3.588377426321626,0.6629175239669604,2.3243546680767224,-2.1846220973986363,-1.8088748208188197,1.4840164904288837,0.22498609141900872,1
4.014651381131841,-3.563147222122544,1.3252978342221797,-0.8864073123214701,-1.4066728444122099,1.0949399775886568,-6.589729559157773,-1.57028015628715,2.3764091927591937,-1.6361107826214767,0
4.4557173440753335,-4.115418779884356,0.9100771660235525,-3.0722565940837194,0.8881346327095914,-1.9684028304976902,-4.6834926987768375,-0.7850330842745714,0.6157420833970998,0.7981208306172127,0
4.849804518905911,-3.8503878340495232,0.8297383440918719,-1.7162963385073606,-1.1995019784115202,-2.256077087295794,-6.004079095478432,-1.6635712948364807,-0.38130810080264066,-1.1539023835462099,0
2.5449433231926224,-1.9818967204876632,-0.12366957158270403,-1.3173706151859614,0.801379091072034,2.1942615353400186,-4.526768131561458,1.5906397207195426,0.6160556786311759,-1.5017451210871806,0
-5.513949039775916,3.6527205457928966,-0.26198474917413045,-1.4875007483426412,0.24506583912617574,-0.17986644583313205,5.072101112039379,-1.9726669233435108,0.6628880162750469,3.6864584421863094,1
-1.5040909894059296,0.8305138470051827,-1.3500962822346187,-0.4238475554297585,2.5932737470675367,0.8532391261537645,3.478475125474958,-2.2125717514021317,1.148284563119945,2.5105247327951594,1
-0.11319555281287576,1.561392861374451,-1.2219074599865367,-0.6455612997800765,-3.2154576307762683,-1.020006310752418,-4.021779482562763,1.9440158635774587,1.1837661062895555,-3.8085832111238127,0
-2.8751210883259493,1.877271136576325,-0.1427716489464101,-1.1997021561436876,1.4840435839297756,0.9728603106454751,2.957885325684829,-1.7742602789238195,-0.6696849337770603,2.4295784833505465,1
1.4955947764094277,-3.0908970373365103,0.5099893873676294,-2.1236825484394,-0.8316397188919012,1.5272396659623146,-4.194581909625066,1.699957517599358,0.5573094686182766,1.325860635321734,1
-1.1603503805396571,0.8704431832445804,-0.5166138579847797,-1.439149409163757,2.7126898219341964,2.7829045542880886,0.7537289997836756,-0.601320629861127,0.44182522692931386,1.083724871408318,1
3.1371704455558693,-2.5616053126157414,1.7043245157606308,0.6054480238936146,-1.5968160122630009,-0.9030972250911522,-3.4433494665756963,-1.0341246955147314,2.399817499786771,-1.3713522568456114,0
0.05744615528610525,1.6897781602739643,-0.7790908587377849,-0.4141691064986186,5.202275268468014,1.6545508976789205,2.3817469656670127,2.2827635762891565,-0.6180150723722206,-0.9836484948886614,0
0.5435792147230823,-0.49190528133592903,1.8202387503497717,-0.8367754225187773,2.8533090957164253,0.9381094536372316,1.1261199955468608,-3.0777067734919097,0.9332619042339272,1.5826433797376143,1
-0.8892236725187027,1.1436140446941379,0.5179694275492406,-2.4437197792954803,1.6186635087833474,2.9813806271053016,-1.9812446764223215,-0.1514004221020746,0.3706382986453923,-0.4114343457507239,1
-1.5826667648293304,1.107926591432099,0.38732562039774426,-1.0800274612541012,1.479633704166819,2.5998141201691984,0.5060743266947014,-1.1705084419342984,-1.5159569536902644,0.8874927088767732,1
4.5027529480005555,-1.8444940837193011,-0.5532902752802538,-2.2681665563564186,0.0392044232799702,-3.447196310840336,-5.211329397952167,-2.0034157084403104,-0.30048041145753834,-2.5755736595309155,0
3.8064605178204736,-3.0553263237265096,2.5362855590394355,-1.6578155257636948,-1.920601610686203,-1.3046485095711715,-6.084498761905975,-3.840818976959937,-1.1339356171360842,-1.0908690318707774,0
-0.7118394946903382,0.7003199838582377,2.605160551093298,-2.224713514878391,-1.060290383475401,2.4177014546978945,-3.940891950914494,-1.70462069522624,0.6044895601744262,-0.9396271393277287,1
-2.6407648072452057,1.7112849521559315,-0.25040703702834444,-0.4935735259365004,0.5180034091020044,1.9043450883800754,1.7201142686852418,-0.6345785658583044,-0.201826465736009,1.260070793467732,1
1.3555393097671027,-1.3610300909240665,-0.8517525045726252,-0.2110883871488467,2.777266979802092,2.0653562976557525,-0.12905282229415344,2.190777027315807,1.802959455472518,0.31301105836368737,0
-0.20691594309905512,-1.6578453703491396,2.3182056903723653,-1.7156364839041518,-1.4217793004099413,1.6904894676671907,-2.7094002944196576,-0.6479668243364074,0.23081450241049373,1.7957699434354122,1
1.4760801188788402,-0.8698737639659896,1.223707890358543,-2.577573961661659,-1.2968292222696802,-1.7200826196368897,-4.108524372451825,-1.0105924522101697,-0.08650890768996963,-0.7182316223670212,0
3.8497058321716278,-4.163358785355726,-0.18795025552204306,-2.3787678830743304,0.8256828969486474,-0.28175905866886075,-4.493209252287816,2.4193192751813113,-0.810512523132182,0.6430595714734935,1
0.4326856170488834,0.9177295153163696,0.4030248821827379,0.20006264312372624,4.2166283705546155,1.6082735982737004,1.953004182942421,1.8312321205852995,-0.9354007444451926,-0.8341672263402703,0
3.1209988524961565,-1.7710349530960503,0.5485122810508102,-3.420203527829992,-0.6850258988255196,-1.425915537571087,-6.312906586453893,-1.7880121918143728,-0.21791121642834183,-1.5417450680048725,0
1.1497421119994544,-1.7411800775386168,0.03233116996234788,-1.1452238661322651,0.38870527478714023,-0.055091645297619785,-1.310875415474149,0.7219365437707663,0.31246641072733516,1.0571933306136443,1
2.380214567370603,-1.4302602547539949,-0.2163197070377801,-1.4220878860741843,-2.239031179799156,-0.8977109068715329,-5.460050011306418,-1.894561699448827,-0.7348169742325424,-1.9895507368183094,0
-3.8964657998874626,2.2232446196343654,-0.7099519004865639,0.7214965570039555,-1.1037165557192667,1.2163467101222651,3.0472095928637613,2.3433793408160994,-1.5927377584740732,1.3125528181899262,1
-1.4839593019329083,1.1740764762975315,-2.055546263197086,0.16424152676318426,-4.851082695561024,-0.5141527200480214,-2.8463731376783024,0.4792775856936402,-0.22957918057221743,-1.8596668295738055,0
-0.48050103598186883,0.4918030052755351,0.8559826726148858,-1.365532800869636,-0.2591995076657989,2.8691767800767236,-2.9221608071370206,-0.9633871429632446,1.1118880849471793,-0.9077337819577571,1
-0.8357134729873026,-0.08421575777657209,-0.7414275818865425,0.6573635197221068,1.5537956094768341,-0.06808238209174311,3.776351387352683,-4.569127457479997,-1.8595446337554464,2.9767372180445077,1
2.938035550768502,-2.790857860325457,0.3426628300843045,-1.4100156285743597,1.4918363655965572,-1.0667279217647527,-1.841847143580812,1.155758630827706,-1.5827360552740481,0.7184995407260094,1
0.22036261119939388,-1.7349039546004672,-1.3334412827857005,-0.482721876449544,-3.3231419285220927,0.18790965892987277,-3.0313001472427903,-1.00706299844631,1.1156649712468207,0.7734102676699846,0
-0.8198285234251074,-3.103672272200555,1.2905416619222692,-2.1012557583909297,-3.284960819942781,3.505233203361858,-4.546054376058354,3.3784899965673603,1.1168653801840323,2.7950087470144718,1
4.964611406136939,-1.8297734997931192,0.18930106084759718,-1.5374666248512279,2.4407085394914674,-0.6151864411568955,-4.950127720254034,1.3719545024395063,-1.3233443321242262,-3.6991750114708553,0
-1.4122903475909117,1.566313605050386,-0.593953518687165,-2.9410341166651595,2.431369984768882,2.147437226118513,-0.5653584243223932,-0.2311302237494346,-0.6336947713752229,0.5195365047288452,1
-0.9241296402819563,0.9036863853249943,1.5619405361913763,-2.5235258542242187,0.8052946098509507,2.0722312696687766,-1.882304249309345,-2.8555609557104487,-0.23070326968305513,0.3654360977481159,1
1.6291034541457214,0.0007346646619079689,1.4763145201549452,0.12269787268585541,-1.0725342985904036,-2.896288207128909,-1.3972491033561611,-1.1100573701493759,1.572259335351521,-1.9420196946826727,0
-2.204882274048365,-0.7412980707560857,0.6185239710746582,-0.26430085065912934,-2.1670038147889867,2.1875894454177813,-0.1804200129954626,1.6477236199741248,-0.24943827309476763,2.522844844975244,1
-3.4302104314493773,2.2598211802356962,0.05102161088260888,-1.1622131633608621,-0.7166260427389832,1.431765617293364,1.043216271869567,-0.7648649194126759,1.4390281877265114,1.2605568154442395,1
2.8475525806260316,-1.7172460629614579,0.8041346419162541,0.13951644310389533,1.0759257388854984,1.4916966912142917,-3.151043159527447,2.806872673836797,1.5646802578384538,-2.295376549376936,0
-2.428880087422079,2.5285146386503152,0.522285044358679,-0.9987962219705621,-0.23915570899686944,-0.28849422232900834,1.075015103442738,0.17775216782303493,-0.9398351728279993,-0.05768707429305886,1
6.71095878687568,-4.6519009244523986,0.08008414652605095,-0.663176774813736,-0.041223704782650916,-3.1321867381480066,-5.4377468919734655,-4.069481611611177,0.9670256374540331,-1.6399404789759502,0
3.686485573961776,-2.7190590267340653,-1.5194191463376807,0.14588584658205161,3.202903930353756,2.7474928165757224,-2.0711855600999876,-3.786571429120522,2.017370472395671,-0.35940583156979744,1
6.1576301400844216,-2.6348395228767214,1.6478906416993029,0.5821769292819705,-1.073966550475195,-3.6517952167223573,-5.33352473280935,-5.084349440341162,1.5543760882563475,-4.15988197906449,0
1.2314177879618515,-1.680355949395087,0.311303605987119,-0.4033066822998854,1.5464626010061537,-0.13408624334767838,0.3394048447076014,1.7289136383389723,0.013103258278297057,1.2433785246273388,1
2.5144905834555553,-0.8534202973565777,1.0540356825285855,-0.9968045892174765,2.2599114979588877,1.7454474212374467,-3.256193875628712,3.167923747777241,-2.464674484669272,-2.578353033262956,0
0.9656118197993772,0.3168687540151687,0.7304857028244248,-2.146181290536755,-1.3207445892577019,-0.5296609723875086,-4.503892663472454,-0.8713931917849826,-1.32055823939872,-2.2379172513093586,0
0.6054841932834424,-1.8038559213097243,2.428820210072347,-0.716786466320039,0.012108372145896107,0.34287332378349,-0.8383997111838593,2.834469786367788,-0.24878725466627993,1.3165113231798953,1
2.7056745914549065,-1.8225352730659625,0.9305151572794222,-1.8526317027766621,-1.2107724665443724,-1.3764393239662789,-4.801231937905527,-1.3752714935166654,0.017206578314218315,-1.2561117219269584,0
-0.8485784889713163,-2.263349810145341,1.886856835109503,-0.43449030486656937,-2.000418805287714,2.0706778552070704,-1.0186309524516255,-0.7026098492028874,-0.9024949080578915,3.2529097878927304,1
4.050143497793536,-5.061898743778627,-0.2974641746572593,-6.161886251979857,-1.560474242666082,1.606308803143898,-11.19435187315347,0.7587965580059571,0.9202587609701054,0.3425078474438572,0
3.9904757462646154,-2.152858839623389,-1.6140226725624092,-2.0282496655224955,2.034477932526088,0.13712770179931866,-4.624192651025268,1.0695760421417364,0.2130043158716886,-2.0422745677439775,0
1.688737378760357,-1.841202209403973,0.6001271723512185,-0.20616091957786775,-2.8010111799443456,-0.7593636826503022,-3.7666142127788507,-0.929971797308254,1.8120878086414012,-0.8223201833434179,0
-3.540974190859099,2.22734512535586,-1.1570917985823324,-1.2838207490030447,0.8889408085517536,-0.10546355977769695,3.8798382912536513,-3.348578450552252,-0.7285838897547995,3.280831595394529,1
-3.066166855733003,2.249614210530018,-0.38552837470486484,-1.4729833633681584,2.4106004525256677,0.6835318082468248,3.782036493967872,-0.49985778167232353,-1.067882871540227,2.5428527742328217,1
0.47940271744215174,-0.0723074999152622,-0.8493170046245121,-1.0692794145726272,4.685480580715133,1.5363198614503557,2.056131407032325,-1.4468133199658457,0.2459005514683208,1.5098315149303416,1
2.575338561254857,-1.5942499009848454,2.045439802897123,-1.8003189527036363,2.0471711140268156,2.4482083072599843,-3.8379883697423103,-3.8750632239148186,2.115004883565822,-0.6896158238316512,1
3.5220352688211887,-1.1963602347241336,0.4969480842552928,-3.990032618333814,-0.6719378478820995,-2.485371829778907,-7.0500329322519715,-2.2619338644913776,-0.4931356588162148,-2.577709873717297,0
-0.5362060083592508,-3.3147567100597204,-1.1590106966764993,-1.2646891829358158,-2.99268056421616,3.0066727303459677,-3.4181767629130215,2.8348306155909966,-0.3438326716418344,3.0331706111553896,1
4.872863532180438,-2.996322064337371,-0.17667828623503068,-1.3072789076815696,-0.5577213313304548,-2.060101149303551,-5.639045547878045,-2.4280043331080687,-0.342218186072822,-2.162739567260629,0
3.7960430566302485,-3.0927156234323507,0.11362736123754591,-3.22327833609022,0.13012084075816865,1.3407208224243856,-7.5515404671567055,1.580929770964785,-0.5826431185221749,-1.679248879847498,0
3.107861935376065,-2.4522874571714217,-0.43058757111569645,-4.352091013790366,0.43605489416064325,2.457729301608294,-8.553861644780309,4.062238955862134,-0.8607438046485579,-2.1496105365465086,0
5.2261197158257815,-1.693788488608858,-0.39952109017824877,-1.3038474977409789,0.018674701089697487,-1.7192485200242484,-6.6697335342116855,-1.7608402174861308,-0.21324381453170124,-4.684602918789061,0
0.09098883730691708,0.599246913092979,-0.6695913936398925,-0.6095229649245802,3.3941387465069903,1.3398157778510433,1.401681479235994,-0.011528480479264136,1.2191288665415394,0.22848398908064205,0
2.1651303596840044,-0.8280473105436742,0.9292832177172525,-1.8867823707874083,2.69599431772866,1.238876972863094,-2.753233930586938,2.373206727642984,1.0584674455595386,-1.4734489262079928,0
6.952902107562944,-2.5864047471676157,-0.9160355644463679,-1.0083647131629845,0.590486629125174,-3.997011972235873,-6.11503613912592,-5.459590467416167,2.257656890388458,-4.3609018719502455,0
-1.9482849623734249,1.838269202045415,-0.892511025228104,-2.6864207494598586,0.15901729526044828,3.357424150560754,-2.787135086215272,0.5030834374623709,-2.5476066726620523,-0.7802938647464863,1
2.7272621805623074,-0.7553367182507653,0.4340533769214515,-3.975544459982432,0.8451452636969967,-1.7827860678193743,-5.345190867728053,1.6391773399251102,-0.3392185933131189,-2.104026903472534,1
-3.218929663794759,2.4044432724960005,0.23552028920666174,-1.2408350413937048,1.5117340578896121,2.2580304040227226,2.1428470413893823,0.4487892772854942,-2.0263210547561417,1.3574486973597817,1
-1.065051551820225,0.9493696315569607,0.933567408605594,-1.6773731380467212,3.21601253624347,2.1127829468828354,1.3710486354179399,-1.9809297383647593,-1.2845654500780666,1.543481300805281,1
-0.6542700059646975,0.9705201022178205,0.8946950613476399,-1.2907511102587461,-3.562084262511415,-0.2538420100786454,-4.151455138436312,-0.13275028569059377,0.46752867401813303,-2.100870784323274,0
-0.8397442739159288,0.28554218831654565,-0.2806539274850999,-0.4142316386252738,-0.8591240868321588,2.357011406996021,-1.5443792293582632,-2.443703165289787,0.24869147751808612,0.03658922072925774,1
0.49434649020936144,0.464308421963582,-0.676345992474177,-2.201672818903581,3.62851298467607,1.0748758626269272,-0.27290160664626584,1.5433428474405548,-1.3680479592177142,-0.13764027327464334,0
0.9946581528578419,0.6110207615291787,0.3942743180785552,0.7424745737278986,-1.5873491770328902,-1.7111874694285916,-1.5862870808229805,-0.5354155598215106,-0.0740976564116736,-2.6999405148438798,0
0.9297704848092103,-3.12498708443381,-1.784774569132032,-3.5668701937585214,-2.77381572156293,2.0680528380152365,-6.852817134734016,0.5624158276023408,0.3941332388521774,1.368285528487952,1
-1.2798226580457173,-0.8806886472597015,0.4773899306542641,-1.1123206795799037,-1.5838189554258657,1.9666824956345763,-1.5538926144374703,2.012309957944133,-1.7568098454570265,1.6420184196034178,1
5.427295089506396,-2.9966980598630824,-0.23576473702535808,-1.8155101073803777,0.9619010411847897,0.4857480714449125,-7.535324634226205,4.167753335029108,-1.2455974395363607,-4.201577315340176,0
3.045867442638302,-2.487692094250833,-1.1754589912628686,-2.1904770536445417,-1.424462878844569,-1.9194849134036343,-5.216873562696747,1.0470953338734925,-0.7524929265669714,-1.048979922372517,0
-4.637215877231067,3.3708861578381066,0.3347296966024498,-1.873832097410053,2.21559573299062,0.21132151619360706,5.150030583468107,-0.08305626859874349,-0.15646300967193336,3.3216386200557686,1
2.599150107878792,-2.737297639841495,-0.8300766992136013,-1.8073891792611068,0.8219182611574298,2.394878082333618,-4.791590989196018,2.9971195213417943,-0.6553509016152382,-0.6690798935216101,0
2.7811982627408462,0.11406637088966676,-0.03709896979779544,0.09158997035329319,-1.6006729873403,-2.9697239230041945,-3.5987901646420872,-2.4464976951975035,0.2134918316969355,-3.976322291848084,0
0.780662607379116,0.4754519218234201,-0.7604628871654935,-1.8106936872464683,-1.653448190069394,-1.4778834308255735,-3.763123003893056,-0.26477464962143293,0.8836453397875517,-2.1446740192680043,0
-0.6407821856078235,-3.4683651795779995,0.1794108420705262,-1.0408275041134007,-2.512380031020241,3.6821636000872084,-3.037169364380821,4.455051613481855,0.6944493830487086,3.168565253714153,1
1.9445575936948025,-2.756892007164083,0.6673931546708117,-3.557318373461243,1.2700839191558322,2.1751308818933826,-4.6796231260904015,0.7848029353139598,-0.9571506007003348,1.1802240571836968,0
-1.4366629060409197,0.5906123286368596,0.1345257396949132,0.4509164329281963,-3.117800666691915,-0.8590168377062064,-0.23414718030763335,-1.3704939765722628,0.36338695581851566,0.2642938975061264,0
0.30545203478798577,-1.9630453104650307,-0.8530113086096413,-0.6540598181189057,-0.7995761494352098,0.3324827579282703,-0.9397489304764857,1.4644511550875001,-2.003343978082159,1.8464337105482662,1
-2.433667852616352,1.9805385978821555,0.24706432513350154,-3.0399943916831242,-0.19155210112871557,2.230703088866924,-1.9301064406518107,-1.8277793033922223,3.002652484911687,0.3896123520148478,1
2.8898138254751626,-0.36177324251058396,-1.9356891055196848,-0.7341289013779727,0.029351018619562685,-3.8545214051105208,-2.1605551376453693,-0.4899181064903644,-1.087602821767552,-2.5227749786173725,0
1.8908958041680948,-1.1764339663099301,0.47522958150662986,1.30549656888223,3.1198814299343978,0.25160961230792567,2.1109725789816403,-1.3383573161841875,0.9008423549798501,0.46654242452931105,0
-2.551507219902784,2.228835985729918,1.782295263849943,-2.9604721063876487,-0.5392214643546751,2.5076605152823697,-2.4293125792220334,-0.7750018747102435,0.43125377240108054,-0.26118806660606575,1
-2.2266444754644974,-0.06682268323720364,-0.36351831476005964,-3.647973285201847,-3.8926098895447256,3.3025596614813404,-6.0656259055544846,0.9909394764173697,-1.5417509549171189,0.5525402255189074,1
-3.438669461085783,2.618446975443206,-0.4360528058720126,-1.9054724035268493,2.5232161066394583,0.9859046310746155,3.5939948010231175,-0.047057516267691835,-1.333080010987834,2.466265500900683,1
-1.8338562279300303,-1.123147876334112,0.22546315445570506,-0.48982299429227605,-1.4832555438778239,2.949778860390319,-0.5471302916096145,1.9148224048118223,1.925929815110566,2.578645722081866,1
-0.1012365450929065,-1.4935387631778274,-0.4002578225026004,-0.6839158455982448,-0.4725063703761365,0.7669711588347018,-0.6339046230745258,1.746561073673076,1.2836010675873242,1.7322750263019353,1
-1.7809941252345773,1.297189695314071,-0.07138178185512896,-1.2321963240166613,2.267375672366438,2.1483305943138595,1.5894985741390908,-0.7247945569508861,1.9508570949969837,1.4097999270750754,1
1.1216749679076663,-0.9347420982142561,0.8833758043734413,-0.954723485971793,-1.5664837167773005,-1.398668740904219,-2.525876493209532,-1.0405467034315437,-0.8116722634017269,-0.4057766841679038,0
-1.976408961324892,1.2625824769056668,-0.9687255549863698,-1.2464796050025577,1.2493978954724843,1.3315498899030964,1.5718123102022252,-3.0313627192870696,-0.864878680862687,1.9162199255957744,1
3.422852897320821,-2.5816114671712174,-0.9110169899875991,-2.1751927116372953,0.6832331379669137,0.9472224644396245,-5.577263650807024,2.0582924507362503,0.7198805836570012,-1.602991576243381,0
1.2121953138297525,-4.256362786800677,-1.2029024289499468,1.276989644604325,0.6036895691437412,1.419071487118657,1.525107827711568,2.238936489016952,0.631412661981995,4.057452778026978,1
2.732096953280626,-0.5896711296631767,-0.1605128520915885,-0.3157166111361813,2.276012533534019,1.7215107395145997,-3.125605362337836,3.7551783847774347,0.7905328301777776,-3.456803876681076,0
-1.7870608332181233,-2.220187282329034,-0.10742625321289205,0.19234996772185786,-2.9220875749423056,2.745432228859801,-0.6477239688543057,2.7257505187795186,-0.8185974993232745,3.371147155063275,1
1.5866590239664553,-0.965970103793957,0.4366072555886025,-2.0014106466848385,-0.3116559602868547,3.5920013334740237,-6.035718076196038,-3.6138647512280513,1.2315643660168978,-1.7392020546489517,1
-1.3957953502551714,0.36986143819703843,-0.80432757912384,-2.3586358390215874,-1.54424882651109,1.6759707021771129,-3.0218814019755924,1.2533192999956155,1.0744356694758708,0.2070101842465759,1
-5.549276491803538,3.9186543934897866,0.2509808690711624,-1.4536616301672671,1.6013543461021098,0.9721950171670332,5.398739880385984,0.6811274245182859,0.29248747958499677,3.1839935903122054,1
3.4136805541033346,-2.397119212115187,-0.3977998534072483,-1.106994371982351,3.971504500163177,1.6627743344414219,-1.4035151288962704,-5.930438098804073,0.5896379087761363,0.7793712877705588,1
1.243825046783883,-0.5455254710785095,0.36641778969082495,-0.9517428132153417,-2.904174185763898,-1.3816646138516688,-4.296739277133061,-0.7501718084979997,-1.9261957256585225,-1.9443101316509868,0
2.975556860567298,-2.188179312825451,-1.0544090477459183,-1.495276442298075,0.10305265431708333,2.217006885853481,-5.8883774552853385,1.2942095778337324,-1.6095380769790235,-2.1718738268583304,0
-3.384653292109153,2.642105954979381,-0.14228916505956268,-2.2742567828614657,3.1476664167009316,1.8039330478665159,3.305817655231102,-1.079572743763886,-0.38968442783540574,2.5643242079407953,1
0.0480909474869495,-0.01714546694892949,-1.4536032698532093,-1.249402785621218,3.779243076593847,-0.0009158438760459298,2.754798618801254,-3.5823954589507117,1.2723207049110359,2.5473371708389223,1
5.122655989347666,-2.4557981123189943,-0.011891411161768305,0.7735890649756181,-0.1485307726888072,-2.3696290679516903,-3.7318924327854934,-3.9270539249233147,0.5920777214487154,-2.9730199903215455,0
1.2514459858170413,-4.7289039608027155,0.5043796726601891,-1.1172944115145504,-1.593192033147956,3.2113379553646615,-3.6625510705998083,0.37655106194314913,0.9018850682078121,3.4244421108150407,1
5.188722451843552,-4.119172411833123,-0.7977006664410287,-2.469629436850157,-0.9611886865502979,1.1689795139102541,-9.388967049881598,3.536174292825079,-0.12851749066503051,-3.1593100188230245,0
-0.46745138296806327,-0.6923703909498233,1.4581924771811208,-3.650000074109789,1.2509277636387355,2.9037075078649632,-2.8820413483418785,-0.25883813886052764,-0.5482024891490305,1.708963375272698,0
2.5678477140659393,-1.7250713873930983,-1.3518655610608699,0.3247279726825667,-1.7798747772943657,-2.143831317914204,-2.731563949630592,-1.1155082545465669,0.7258125890985261,-1.3905260738931378,0
4.337676798434218,-0.8109501207836828,-0.3262932244047908,-0.32241470933096017,2.9319044450803204,-0.5848395867780058,-3.070524678002432,1.405606085907273,0.023865018224493963,-4.130530412689204,0
2.3134861075294415,-1.364366941739736,0.7751285262709626,-1.908398337125202,0.9737875297256524,1.9094603855614662,-4.862835174983402,3.317833443565255,-0.45225277070890396,-2.1465934363494954,0
5.108257339604688,-2.0804253611037105,0.6006523718867851,-1.0984105447546642,1.6593367304642388,-1.3750551966978604,-4.781674719386948,-0.09126289022520728,-0.735570445980655,-3.460154801160318,0
2.589139002227441,-0.4799442121522206,0.4216684975703332,-3.939646481293457,-0.35452125274494684,-1.9135422659750096,-6.234975306879704,-0.5131764412209296,0.5064176961986897,-2.5355724211090287,0
1.3796153130811637,-0.5851986423938457,-1.7697108331252864,-2.114615417175304,1.179387382769946,2.312635894809205,-4.030837999801947,0.6205156737932639,-0.2522898602867978,-1.4623617801160507,0
1.0301782969826878,-0.23906008876749563,-0.5221498621133875,-1.3026819968909504,2.0146321079578526,2.7912569005369554,-2.644731721006099,3.300720523141068,1.093894597620588,-1.6729250616558784,0
1.8142513157655038,-1.5719952098774232,-1.3823189752667306,0.4702517677381046,1.5200398974056866,2.4791458937687496,-1.5465005259872266,1.8492438050414757,-0.13480661196223848,-0.8676569334783236,0
-0.23990257287849606,-0.13242417616465585,0.008772775188144158,-1.0280243590483813,2.1535938167835424,3.9890778475830433,-1.1299567105607256,1.9699246835331272,0.07841769795665741,0.024283441987081433,0
-1.1176628526987744,-2.312576875083567,2.927368898218181,-0.4150386869663958,-2.860136035912955,2.09650357349369,-1.6674323668872075,2.875877130763792,-0.3346197046571146,2.7274441581478923,1
0.29491092077387554,0.062187083082500205,-2.397584707014306,-0.24112139764314788,1.3986059909517372,3.65094475022295,-1.9313171373092202,3.2494810063891544,-0.5673451517072902,-1.6534296743028243,0
-0.27477168001353536,-2.3646470417074505,0.8035848052548032,-2.317360459978472,-2.830218302011727,2.6980214468772825,-4.963226704723989,2.2598699208112905,0.128412895109899,1.4927610290756301,1
-3.8218414356070713,0.17898762934418144,2.2810574236392154,-1.2193462669555684,-3.389063596553485,3.6318908231027742,-1.3521610691803374,1.3088382005893586,0.027496366595539157,2.6393722758854663,1
-3.3161953805483293,2.387487140763111,-0.07208067876890285,-1.763777008684404,2.7996979310130463,1.5380698388940803,3.670708496159775,-1.2144952183957394,0.10718704356090326,2.7565418654863736,1
6.135082175643492,-3.8496099677176674,0.45653317324605136,-1.607351718710258,0.6273616136460199,-0.8313731496973271,-7.1438499469593415,1.2528685540802134,0.9536489598270304,-3.2460199991263594,0
1.9082055851875852,0.6577621254082415,-0.6554025229908949,-1.214009483237303,2.9413948214135557,2.122893782278612,-3.1270199031118846,4.10511246887079,0.1574108075529652,-3.888041316541174,0
-2.7238362651284924,-1.6429904324052855,0.08002597353965495,-1.0690444375605572,-3.6532832683581606,3.8076523245888643,-2.065674949944463,0.8496734257986767,-0.8301583155885698,3.595625835389297,1
-1.6380512248816568,1.1927772049355359,-2.5091852609728953,-0.8573693648053322,1.2822301895096633,2.427339071836822,0.6774242187201851,-1.4544489094590132,1.0786637160112869,0.8350838585011652,1
1.0574409260337565,0.3591454447220255,-0.9531843385632386,-0.21293413852687126,-1.379790929559994,-2.641480509382931,-1.4211610186196744,-3.037866762531808,-1.1426988863036047,-1.5052731731950737,0
0.16364623994226338,-0.10658310069556864,1.384203093387719,-2.084883878555323,-1.5601820062694782,-0.8966398988876086,-3.1208967787960304,1.22138315825165,0.9717694688979771,-0.6391858203373226,0
3.114178627370369,-2.2099962037341347,-2.2398270305779686,-2.2991546052765903,1.2837586928767863,0.9931675080455492,-4.892815669401278,1.956206859433582,0.19089509761622744,-1.3745307549984056,0
0.4720744230240365,-4.599404954489637,0.6137783350504451,-0.6376507778374133,-2.2322033041919287,3.624272136504521,-3.2713492471918477,3.880412062703141,-0.4656779386188235,3.3903691091636197,1
-1.4416113216764475,-2.1959415535574864,-0.35392088748542383,-1.4443779781755692,-2.6941157622070593,3.862953498392154,-3.2881002786407723,4.236331214472212,-1.0277054662165004,2.3659606753771945,1
0.48180061743794184,-3.552482225979474,-1.8688979708886237,-1.7924156528257627,-2.189890615527867,3.2146927195597814,-4.566833912346668,2.0690349330936777,-0.07383294899811627,2.2802489244376245,1
1.7082468502844124,-1.1855953120421403,-0.3518024755346841,-2.261226137701831,-1.8502948150320455,-2.005656191462898,-4.353779526632246,-0.5906108156756805,0.09730282936184553,-0.8667660543639709,0
-0.6433696565145003,-0.8225103378413884,-0.32951734867031085,-1.9265379125062763,1.0971852445137775,3.258675196737142,-1.3437914168164045,-0.2333830597357851,-0.39995673927634884,1.8712949124555025,0
-0.7792109653821648,-2.158640280797291,0.9070110131446675,-0.8454422259935759,-2.566947379493164,1.8973679769131369,-2.201982509931542,2.257692845086064,0.4678971960549774,2.2984708569597867,1
0.23146118402317006,0.2249336559305124,-0.025301588562958218,-2.5012988797471434,-0.6030895283841744,2.7533460383638255,-5.057237416711225,-1.9758784277785613,-0.6203812753844744,-1.522534829293535,1
2.209676494037472,-2.2899429704106598,0.1696646210019749,-2.0004776560692505,0.31941975912483445,2.244921287877122,-4.95530374497927,1.336825860358703,0.022223463700592007,-0.6693502542195976,0
-0.6329786775586579,0.33815965349146593,-1.131551666747279,-1.2154785152670395,-0.44905658579207963,2.1709156909047014,-2.0825464031762664,-2.6150946782636266,-1.46965631304862,-0.01848971348483075,1
-1.305232179400082,-1.242325001745431,1.164371303416937,-1.1758482394871665,-2.2321452258772503,2.4763732507808056,-2.5392663056415072,5.3094508031094945,1.0509051689347577,1.20289576269404,1
0.20521643173568924,0.861210991173718,-0.5691041116785548,1.0197018819211996,4.064159776217593,1.383318404859435,3.139544727765488,0.8689402343047714,-0.49951502376283974,-0.28014966979343203,0
1.2079735844523738,-0.9744602311158815,1.3460834138429323,1.8060712545669362,-2.60455095712135,-2.2156083682382044,-0.5561502922477725,-1.448377474309111,0.06747288943996312,-0.8354195834409291,0
1.9369944307110012,-0.17546227840244089,-0.4858761213856593,-2.8550667873452973,-0.8120501839990085,-1.3532250579094283,-5.266007180128606,-0.6733154766402767,1.3810383237024915,-2.4497421276943276,0
0.7855506003402707,-0.6522342295846291,-0.06305764839160378,0.09055769377271639,2.762439101375846,2.218118175508149,0.7098908485012303,-1.922353127767949,-2.360541490710475,0.7003771470923155,1
5.482863987058754,-3.1617432962069922,1.322458641608277,-2.491883464853436,0.5587103362420216,-0.06393965131899493,-8.002266653141803,1.5456260750639648,0.04740355061146023,-3.5771253616642453,0
3.644171501764071,-2.7611175044774514,0.5754620345589553,-0.5609321765731827,3.0692984877100997,-1.8130216508802945,0.05509245755147972,-1.0124991280640199,2.6522423345277835,0.9187276019109395,1
1.2226400740189656,-2.550934513100743,0.17601619434376295,-1.6721020758558853,-0.500322928313404,0.8989043162747034,-2.955956410053269,1.5070585435935286,0.0011773545157452913,1.3143191768760358,1
-5.85882232847633,4.045047010782444,0.19822519329196167,-1.095283613258177,0.3043393341365237,0.6965085457080258,4.9990439810733855,0.8807466879122652,1.1151678940260508,2.857087502565746,1
2.239614719219219,-1.7183179065704421,-1.5335222423196364,-2.582256327043266,0.6166027467503219,-1.09451095774743,-3.5181589593831375,3.1509195780271115,0.4344347448238701,-0.525917998568012,1
3.705975483382381,-1.44754852235233,0.8237055135655442,1.2848317126429327,1.6914158833534565,0.8073267996768231,-2.526002073315506,3.3737971273971628,-1.2605660106498981,-3.6870690065665994,0
-7.055576603315023,4.88124751179047,-0.7805188533131738,-1.4710415033920163,-1.3122308281128179,1.0987691286872727,4.062541064563782,0.8242776955254763,-0.8702122839871325,2.5207350416108016,1
0.8387570839605907,-2.1721943068476213,-0.914481092483763,-1.3694453210876183,-1.2540485143955609,0.4000278175984009,-2.7793549000507705,1.8519705731478604,-2.0481454683038454,1.050604656163993,1
4.862894103631186,-2.8836745852498233,0.5027991968111057,-1.3613399372590744,0.5482184332183497,0.09074554828406867,-6.342823812298047,1.814611573672861,-0.5870609184042378,-3.2007878103639866,0
3.7608652707223436,-1.6453901487011744,0.2383988326530969,-1.9506799328320161,1.6967811216111643,-4.511937538737287,-1.5277813937605882,-3.1504624618627775,1.032003743804028,-0.3138699831027756,0
-1.8584175705097785,1.3313818356121632,0.39051132447577164,-0.9854067746033518,3.3716255478346575,1.138035651568041,3.6625188751266626,-0.7028649317988106,2.045830806014821,2.3843785944585307,1
1.3751835923275113,-0.3812885271625701,2.1578350720798922,-2.353112001306212,2.1028696181746986,2.042691670400983,-3.3867794701366334,2.2439723330585095,-0.6441166604860968,-1.4508271631262977,0
0.47306946633508656,-0.47668813602108195,0.9626196204280031,-0.3392047667113869,1.7033729640885256,1.7427873817979496,-0.04883533594327634,-2.099726775238224,0.46123247788874716,0.6061544051577094,1
4.86549545933678,-2.9488849585221315,-0.2916074837743749,-3.950963453705195,1.1781872786306242,-2.941780515910601,-5.751804095350555,-3.042701233777259,-0.2881468896381896,-0.7528046441663331,0
5.425658876249058,-2.265033176250193,-1.2264377646495301,-2.72449504437113,0.11795834358878943,-2.565428062961054,-7.20453977644592,-2.647093836615686,-0.09688592853831544,-3.5271731410969096,0
-2.3177120617753086,-0.4041955703769198,0.18023638545931456,-1.5629174462710127,0.19030741413203822,6.727987255426841,-2.218684721522228,3.8881693939743047,-0.11330890361580295,1.4971493977314818,0
4.825472306373125,-2.1792459001536066,-1.2336529387674924,-2.642395877526198,1.004152093419552,-2.1614214865908794,-5.74801906443664,-1.5913341183713536,-0.48015125660168256,-2.5716704470702307,0
1.1295869061396906,-1.1600765361029457,1.1603678217171407,-1.8906637916749063,-0.13452316533401465,-0.17914565889391576,-2.9094657842776,3.0093332875650836,-1.5747273583726038,-0.36105758825164935,1
-3.8634817060455138,-0.5326298977532445,0.09428915317176569,-0.894119370130214,-3.786940068058219,4.860210512895176,-1.8554184412228294,2.929116486140999,-0.23778893411130952,2.890335442665319,1
-2.150577243328321,-0.5619356518001735,0.2871388997373805,-0.6530007400417112,-1.9746962225813642,2.3873427101053997,-0.8630137097606012,4.596054624590284,0.8453652286993314,1.7333134558830492,1
-0.27244454604471513,-1.3437167681520752,-0.0812386476348047,-1.8160509004816534,-1.384305470206667,1.5407808530088112,-2.906396859321651,1.5465377732962953,0.07979135720240657,1.1349674528031626,1
-2.601635408795775,1.0150177915059366,0.14270307586198502,-0.5761195457800502,-0.7981485875216378,1.8298419562520094,0.5714601919571287,2.394422580241077,-0.2823146245015085,1.148505942315313,1
2.306245783765753,-1.169108697454492,2.1585006059162986,-1.0759773308345126,2.2047525588949113,1.8939808941365188,-3.0216345901561255,3.8896737799284646,0.12748158779368524,-1.9486811370606665,0
5.286545194941387,-2.8965664068165555,-0.38426816929256485,-1.0981280579771324,0.336470982920793,-2.574080661942225,-4.771108085860778,-4.488461516696167,-1.1139625648251814,-2.0152784673520094,0
5.105421366768823,-4.148739708546049,-0.8228200438046198,-1.6345190209966336,-1.4269035218674575,-1.4494087846688353,-6.896333032864708,-1.403879677722662,-0.15756776116891866,-1.5458819807502604,0
-1.7211606193427351,1.2365742964243445,0.9821126297311122,-1.581860721579175,2.1380787008369,0.39997968333740275,2.328894149198306,-2.1073973490670292,-1.1784716159185302,2.2088275534144435,1
4.6710011300648775,-3.1628820657610506,-0.5722064947808724,-0.3206729494276188,1.6695393904916715,-1.3693328617620546,-2.579396605732041,-2.5257123503208847,0.44113385598605676,-0.7339209395238018,0
-0.512044388732024,-2.741246313885125,-0.68557181853682,-0.15534513065505018,-1.8489210376846745,2.36726143909313,-1.1727961598085703,1.7564272396974356,1.8148046525224815,3.0182434885118754,1
-4.119618473306363,3.017681198006854,0.9546621848100726,-2.0809466421514062,-0.2834429946409309,0.7339581858159281,1.6285636702104906,-0.5444715400577472,-0.028995684541341132,1.6703036398238926,1
0.9660809857022985,-0.047124039392160144,1.3237455489254997,-0.5300427851060325,2.4373981837558354,2.1783532850740657,-1.0061031602427823,1.2586290988552526,0.5502674677899182,-1.1551608853768494,0
2.566849464913553,-1.587606201398242,0.17718865431852324,-0.8002964541550184,1.3189807834544807,1.7782073155483213,-3.5806468852067987,2.1335920689608914,0.2866938544291486,-1.8584189887631344,0
-5.264473058417299,3.145674765902237,-1.2258195725288397,-0.42942750741984503,1.3721636779705797,-1.155053288740954,7.78777545914819,-2.7128480935593533,1.3480561876487316,5.053760365682082,1
0.5822111296525146,-2.2531608551897575,1.0731672911525973,-0.77185599944893,-0.1737157467572672,0.6632847489926846,-0.9515363249317391,2.560904899316964,-0.0070597128706472384,1.8915620905952946,1
1.0420384856267646,0.15462002106216777,-0.4958797237393189,-4.819815193466207,-1.2672456418649145,-0.7311528305523013,-6.882667731227236,0.6129269539811388,0.3596239213439461,-2.075917389393068,0
2.1904035046904364,-3.3392052352961876,0.6693094691936471,-1.3856065044545132,-0.37421917068708566,-0.1524449876561227,-2.821650736335319,1.3773594169300825,1.239861200947702,1.442293192124641,1
-1.752979276976068,1.116297025492326,-1.2729588829558474,-0.9090923940707732,2.0580604133229876,0.22414903646202888,3.17035304223963,-3.108391389703849,-0.08920606520653021,2.5864563377373893,1
-2.6959119155652354,1.3808455090260627,-0.030572784342494407,0.7798676052346507,-0.8720006580222939,0.43980483121255287,2.762546637914915,-0.5543930477070927,-1.3116213774267385,1.5737969642263716,1
1.2296898069725346,-1.0909715684392889,0.47274722275690567,-0.752504438928934,-3.37457224105364,-0.605179463634814,-4.732503878513291,-0.693400501607882,-0.7803488761150912,-1.6115679351554975,0
3.7414358057601764,-1.5236492002725572,-0.26839482087500266,-1.7302247670551671,1.507012415884418,0.16426969444539163,-4.985091136986451,2.2474997611087533,0.9594235570618448,-3.1150722650208396,0
-2.4654321045888583,1.6221588337949548,-0.10580964402086422,-0.9238484866817538,0.6454953037692448,0.6429807715570641,2.1325130116671756,-1.5289727682513103,0.6070765554291349,1.8050013313806155,1
-0.33507808918002197,0.16612471124370898,0.9039045554638461,0.21682992538265422,-1.631503048113449,-1.651000253721242,0.02977024318625543,0.6322226053035469,-0.8426150405889085,-0.09275698864363502,0
-0.8918522255775022,-0.3973413097489791,0.8772985198697556,-3.3297853149866494,-2.3825284633911945,0.29174042196917616,-4.145252157947609,1.8708166153440482,0.5529966399924376,0.6235182506749424,0
1.7598803850792373,-2.26189167494333,0.2141300436889329,-1.089665698463134,-3.2704068215254205,-0.24702371623793207,-5.21178561684429,-1.0938409271973972,0.22545637737145813,-0.6196350569325275,0
-1.3424562215144218,0.7989935103978509,0.2308899226704679,-1.718592499075024,-3.8332461808994833,0.6234430448806227,-4.304986629253835,0.6117343357431695,0.9267044828267068,-1.2828461431379454,0
-5.410466620862931,0.3372958356006739,0.83299067076347,-0.8351870061581093,-4.969356414811447,5.675735575293171,-1.7793722712300275,3.550086598189995,-1.748298360781634,2.9966575051014956,1
2.1231744039752813,-1.4850758713087346,-0.3159785219134629,-0.6684802477591354,1.8428791856911493,2.1069024198286983,-2.276212932654068,-2.246239196895302,1.088183568933797,-0.4607405438701757,1
0.4066113508470696,-0.30308352408014483,-0.060409294752570404,-1.010850697106831,1.74443988437817,1.062307288942942,-0.08473330983583895,-3.658405191751427,0.3837258197309604,0.9994065116507629,1
5.115642296933312,-3.414192873005651,1.2956237825925556,-0.4756606332554525,-0.7799147004603758,-1.6884393625291123,-5.432507675700621,-2.5679391665424696,1.0896024673459852,-2.1751057122771553,0
-1.804133085787252,1.2848496189665162,0.2849143968152833,-0.7988660078067211,3.597724874542352,3.354931143868054,2.465717949131085,0.5506188269154724,1.1958591569425192,1.4855225126986968,0
-2.904752700287829,0.5546395276303406,0.2954327912532857,-3.3681013349214153,-4.933116405156535,1.8481440944477545,-5.249694117924214,0.9177628141179373,-0.6857158710198697,0.6398318408960444,0
1.231756183913506,0.6248167614900502,-0.8626141808368348,-1.400663386007035,-1.5423953852292145,-1.9403907566177456,-3.715664660589335,-0.6081176266716886,-0.387775383551393,-2.8441676751366556,0
5.449460606491919,-2.341511259886735,-0.12285566158593705,-1.2292242797041089,0.9503840214573862,-3.2773075825750855,-4.411575627533982,-4.475353186639573,0.8116248595640048,-2.567610357413696,0
2.5076648152406515,-2.0036677635905304,-0.8945698475865421,-3.410539668559602,0.43360601008726385,1.7105308022506966,-6.274224932678889,-0.709324482365719,-1.4510913607849394,-0.9186768459219538,0
4.67046576768994,-3.222819652805695,-0.6774294787533789,-0.968009247497754,2.95207884217308,-2.953618193601873,-1.0819521174123858,1.366758189850732,-0.15272899192361852,-0.008664718076623279,1
-4.543510423645605,2.9429063771668473,0.3889420312172748,-0.5195360796752561,2.5507965187780046,-0.7387277064934632,7.523767519648488,-0.8382923717737059,0.324320080746912,4.382143955205797,1
-3.0068011364295395,2.1107638820999126,-0.36624001542253787,-1.4641064123839551,1.3195510450572059,0.38686378910914465,2.976002817753951,-1.568207560973873,1.1824416310929473,2.3827964011578473,1
2.163634774367672,-0.24767495787774507,0.7557618502313861,1.8601397719958688,-1.4854462640539754,-2.561577931888637,-1.09701849583835,-0.7283708895535533,1.9555260855097958,-2.9092430309656043,0
1.5176175209043072,-2.8821989881699714,0.10673977736161182,-0.9024517155636118,-0.005007675002255407,3.625263853932551,-3.93774736041624,3.820762508024055,0.9986040951492808,0.22412248762721698,0
-1.6069777896456607,0.7389721062491653,-0.02894671533803824,-0.9666196197384973,0.10009753411114297,0.0801286680916582,1.4381807951596954,-5.276510973383957,0.5870760678472422,2.343485759365513,1
1.5032461134701958,-1.2334791322499021,-0.05360949106868325,-0.30326785751662744,-1.1560067343780607,-0.71233020274356,-2.1527447366995345,-4.182083596597799,1.5180415669880156,-0.11437179317210444,0
1.7401858757136852,-3.6676996984143555,0.4136740703398066,-0.7095506281991928,-0.30155761737076436,0.6811803942454477,-1.7981068059420948,1.3079934039568581,1.298511859724213,2.378449438995669,1
5.041705657954343,-1.7198353736067253,1.466945106744465,-0.36445973513512353,0.1344355914391917,-2.411486774911347,-4.9386815374026165,-1.8904151222445278,-0.09935782126530102,-4.08569806126386,0
4.722180166796027,-2.8730340690934115,1.831006980477132,-3.9228060407964964,0.32718263820216853,0.7670377130098561,-9.222801310855118,2.8753975089443324,0.3933106935524428,-3.3532638692180314,0
2.87686968102119,-1.1968844096064157,0.23849762146693082,-0.5171662660616632,-1.04605064512115,-1.5016718190581648,-3.933948154263462,-1.9905755321600263,-1.1275525015108627,-2.3594507367223954,1
1.6193513405842554,-1.8429461923291748,1.5507986150556912,-1.8229576879486502,0.3908187725132837,2.944488731772192,-4.6274943599293135,2.0717000865524318,2.6084654482798135,-0.7681708487934583,0
8.024921745942352,-4.911767628396971,0.6912550377652942,-1.600435248712246,2.2869153450569333,-3.1544374985713346,-5.712665676981986,-5.15057787404726,0.8430247694161512,-1.8881350817516234,0
2.360587998371381,-1.3210376230266856,1.267168637088249,-3.604138434868379,1.699662802699072,1.1719309058353293,-5.163081297072677,0.9777587538640251,-0.19676439542770313,-1.1676032429605112,0
-0.8115816879564541,-0.5127474230942805,-0.6783662131920524,-3.2992099827738746,0.30531151153842084,4.743441972359848,-4.431978123175474,1.7485360285790508,-0.5003528928247095,0.4923020082486842,0
5.243522138262864,-3.124900446288936,-0.054462182730319546,-0.6073667703935712,1.4682266877704877,-1.268657305083793,-4.101272495101491,-0.7260177667389112,1.274118092607574,-2.114664899788378,0
3.617339322079908,-2.671230492316967,-0.26398429691721137,-1.5769552246850789,0.8477868097950998,1.0310654073966896,-5.107331145998742,1.3251326540406214,-0.4796345662507899,-1.6380816135094238,0
3.580739009830652,-3.2442458652708424,1.5797187800870063,-2.040932015238223,-0.6639349336480129,1.8434786225776596,-7.311647257945935,3.828646052426916,-0.2468591716726229,-2.1261664123506074,0
-1.1559288872947766,-0.8436453976002056,1.0179915997989697,-0.553217446527931,-1.3073456828643604,1.113608178100062,-0.3799628507021136,1.4796748279865768,1.3140127427792712,1.881725059097392,1
4.406541767810149,-3.4981840524235635,0.03712491795803734,-2.378989739898641,-0.1369989849947142,1.3080455022382256,-7.7821667645417705,3.2019946444842047,1.8150636689731425,-2.460799041108937,0
-1.312845561137599,1.3152873914935137,0.76136618951205,-2.586993061611969,0.36580879943522615,3.0066867532130597,-2.752993968749599,-1.5012692307366384,1.52433024100268,-0.42858629152415206,1
2.3038257809566267,-2.645445231527573,0.8914888436658108,-1.4045155763886557,-2.937094584821371,-0.30546092045302187,-5.688942280442954,-1.3553358269554088,0.5129316405480331,-0.633439466498035,0
5.332333183596896,-3.1381616784570916,0.2579473328101976,1.4065774701567104,-0.01577204178329561,-2.9025337261536572,-2.536584451152316,-4.2611495367373005,0.9683437640849304,-1.9743704140866898,0
-0.9104171741966672,-0.3209820770971976,-0.4816686248364924,-2.6534072066791836,-3.116444267037007,0.3676619984272318,-4.2220025948619275,0.39361457791376075,-0.594601846610061,0.3265308650175842,0
-0.22175790899138403,0.15713875093130225,0.06390684983570799,-0.5720123080943733,3.536625616958707,1.123993524737946,2.512323145519494,-0.8290699223420978,1.259955981489124,1.692936083040827,1
1.7766662986995823,-1.5439501728232048,-0.5255713514535266,-0.3130297001361091,3.475780694844751,0.8661603416974398,1.1734420991058754,-4.451954834596428,0.7034231795672604,1.7923775130807416,1
2.8379577639371614,-1.209147263172797,1.5372627743031764,-0.5661840472899097,-1.14603407671312,-1.9408075716208282,-3.7808081700507286,-1.1069288759885554,-0.11959917496180072,-2.31381550680302,0
3.25585822771036,-1.92073680701808,0.3427499744111674,-4.573638547692921,-0.25078610845902993,-1.52211227185412,-7.072922006489747,-0.48384178348459184,0.8892586038240726,-1.4031810591515428,1
3.0238404448793603,0.016476535845269646,2.291959326935979,0.42140866267326293,4.441419042018845,-0.5491513977594051,0.5502645490715828,0.9769880411324001,-1.1969374119716447,-2.546977446539133,0
3.9472804934009935,-4.4450210326563635,-1.650721133557372,-2.5410297527283205,-1.092229315058384,1.8061240674462076,-7.844193069814637,1.9037920212551498,-0.9469852794696143,-0.7031919051209261,0
-3.06500366490871,2.2258597699684035,-0.6992666558699421,-1.4489060004005347,2.6096631922730187,1.1286706631358787,3.792592718078568,-1.6011171420013124,0.495068429689332,2.6987235670859944,1
-3.8995157602556567,0.5125260796274338,1.0026058602262553,0.9196784413296144,-2.2831018462500703,2.387502169093091,2.443607391452882,1.090357005568011,-0.37200020411046164,3.1494244213389413,1
0.828696856374085,-1.1910742940832748,1.21293335366721,0.8427292981672583,2.0560413649081863,-0.966326610734991,2.69054286580693,3.8637502719495744,-2.5143128477825987,1.252942502385343,1
5.287357342414436,-3.0984189441783143,0.37244071281082763,-3.151347161554578,0.21822821309059948,-3.2317270400373967,-6.381643522229974,-1.9445452538585706,-0.12884448941784346,-1.8090899318229765,0
-3.6880299790943627,2.832022682419043,0.4860637793896876,-2.2262620754729414,0.4303992578728495,1.492173640367054,1.1926533900541123,-0.8444039033209598,-0.4866252631122041,1.4279431851521154,1
3.879433856913216,-2.6959425088972244,1.8832043683309012,-1.0943380740279631,1.2870134100766597,1.0683188516682456,-4.784213345462493,3.6839399922453073,-0.6836682039434183,-2.2170327271886094,0
5.230124274874857,-3.4800219404497374,-0.6939222189225577,-1.9656743739976286,2.722970334133394,4.060730126981474,-7.067203825435655,-5.431382576020764,-0.3940003130284832,-1.9388380331072903,1
1.719550916506058,-3.3226009546777027,-1.0760928460135875,-1.7826091400251436,-0.6680572414264879,1.0304242857331811,-3.3260303270616087,-2.252743171930455,0.9247882091533203,2.207723856645293,1
1.4288526951933538,-0.058911515671329795,-0.0607013174805547,-0.6882165318153789,-1.8493358576644043,-1.3208208685446474,-3.570412305288758,-1.6942263915197213,0.025342879468851085,-2.3408609096111244,0
0.13516042165904976,-2.244935347419692,-1.1079321269556315,-2.493284435090532,-2.10407901837662,1.764781226512195,-4.404182954131115,1.0972510088607579,0.0951185219022376,1.5572532926685114,1
-6.40167653023054,4.780962648881474,0.5164439904755908,-2.2748615943061563,1.550285230183474,2.2650458291506648,4.345844868437287,2.733226056044513,0.4657867821063205,2.43375170230991,1
0.1886247270828527,0.17393724439091351,-0.213332916201082,-0.08054012498017826,1.2356317888887225,2.8595278789843217,-1.1837938392274685,0.9208838263485895,-1.1394572445525422,-1.0949411303387155,0
-0.937039981712554,0.9037604402840352,-1.3238096372662078,-2.161281120252533,2.7970105470600553,1.723423480457483,0.6376828699786377,-2.4526610171593384,-0.6654797361254308,1.441751052577922,1
0.8153803347132478,-1.687481656053936,-0.29858868806615135,-0.05562603402627242,-2.164842293692411,0.11122986662962075,-2.46109388703603,0.5138335485574212,-0.6545537832511146,0.10099273035796896,0
5.058223129595728,-2.7797550794767387,-0.6855829406863078,-1.9284011934737926,-0.18308690435816022,-2.1769601679402886,-6.186824886401173,-2.221614318696044,-0.3901352775636263,-2.5543089557150207,0
4.997547840190468,-2.844906581853458,-1.4270986909370476,-2.755333269318304,-0.7031675110094553,-1.999279973776566,-7.272215674856239,-4.8758923943977655,0.16732008356985287,-2.2034043004889563,0
-0.20551957220234632,-0.9444060849410069,-0.9521708826740738,-0.8917322690231383,0.15418312275965462,0.6952635739882516,-0.4100776992010525,2.751017336644094,0.7215628536713528,1.2411462205231985,1
-0.7502306995850531,0.38037174458488954,-0.544159518370992,-0.751460526772622,1.1133603463113002,2.2206920663601037,0.012138505952137084,-2.789469353119248,0.2561320936591714,0.8836099645580029,1
5.897812927900704,-1.7441315038376664,1.4791162029869056,0.6576561211654721,1.6264943659723956,-3.335991237691726,-3.2499482219795737,-0.8327401300094195,-1.12633203408798,-4.553328251406496,0
-2.8170355973903973,0.20195793946807794,0.1429332830289056,-1.6496178186034505,-4.952687419256673,1.1627389655858984,-3.184907188032332,1.4128475357744836,-0.380780872340753,1.0913356782437154,0
1.419732069219719,-1.2399489788574174,0.9832516066606422,-0.47385988870509976,2.467736704876401,1.5711705554148363,-0.08725443307656633,-4.481097273312933,0.3416850998888327,1.1352719738388024,1
-3.634604104101055,0.8124587430880545,-0.7685214602785865,-3.8517644025830924,-5.035731547533468,2.1340739215613502,-5.122214948501093,1.944729295302277,-0.760439738474185,1.1100142147777126,0
2.0164347301020653,-1.015434617505137,-0.7550008668155277,-1.793985856486948,-0.901507237843396,-1.2166375239681233,-4.084539301002161,-0.40363961609895727,0.2394765410182496,-1.4753346013192523,0
1.0442656220420936,-0.5462857140707136,-0.7373871027633306,-0.9874916145826457,-2.7490702642915967,-0.28870840080430105,-4.613309343388971,-0.5033560613946731,1.3979543425560428,-1.9715520258037718,0
3.4181684456118604,-0.23182927642014883,-0.7922986835699833,1.1746947386394604,3.9759169376759074,0.3020914236763501,-0.266472192636812,1.8339913417821183,0.3210211625454386,-3.515051504070961,0
3.351048122884959,-0.9858660556047492,-0.4004454261431075,-2.5259751735874243,2.570099500518708,0.949799816688193,-5.037302907533533,3.816062199364796,-0.07474861990256311,-3.2673850431236273,0
-0.18844318753522588,-0.23640907375745912,0.38753176905355363,-2.161573818625341,-1.7313739785751983,-0.5541891772985058,-3.0186842521483395,1.8143240623602575,-0.6363507273948811,-0.17758503973858253,0
2.1806663351592794,-3.6668516921098724,-0.2221367867485983,-1.8960296689972085,-0.9998661694558744,0.15330466585794822,-3.9254584192035544,1.9127661925671942,0.1278724954109077,1.4848120970471967,1
4.96379184031373,-3.518530817361769,0.25142178590159747,0.966423694754944,-0.9938380076016761,-3.046129061628682,-3.01133766925166,-4.485226812151689,-0.07278008158880336,-1.1823826928427552,0
0.7075662226235241,-0.3058735745943677,0.5187680446311247,-1.6955654020678956,-3.777987434191588,0.15927336312332074,-6.282412103988895,0.4472627116378989,-1.614522523521391,-2.6046599303487143,0
-1.5431992765740334,0.5146969452726387,0.32270163607566404,-1.7169779163068843,-1.0213633190304297,1.044524566600845,-1.4473089114813098,2.4091224040016197,-1.2542565234605985,0.47955873403593374,1
-1.863138054723919,1.3847100073965952,-1.4167866471158133,-1.1450500467114417,1.4873571853190741,2.4878276614535952,0.6840865963090778,0.2069004999162154,-1.2661023336511246,0.7277597517104272,1
1.7342229205438704,-0.6688315285930372,1.1559480074850503,-1.0787056400783066,1.1174021526688411,1.8225124605900336,-3.2907150926768667,0.5491629794401566,-0.35338589955123273,-1.8091454687600623,0
-1.9493433333790768,1.4230306905079797,0.5548012082191723,-1.4006618170006389,2.984092402566641,1.6326382504569108,2.767082818842203,-2.4647271236732644,0.8820952418737327,2.324079169644533,1
-6.553751147076307,2.5962676321326725,0.17336160995703365,0.016356118233134653,-3.802666338196231,4.060387610041473,1.7145612119850804,0.511743094162114,0.7367903744436601,2.9065674121872593,1
1.6354161055747005,-0.6626728727172346,-0.7006111586610962,-2.272462625209004,1.6443849974318596,1.6491621677505977,-3.65587893292803,1.266686649206878,0.21051205844388599,-1.3692542468844917,0
-4.48523968026712,3.6217506999097897,0.061016026348572075,-2.659489470972103,1.4605779824686393,2.7609018869480697,1.5465348481096366,1.1289743750114307,1.8973540940588203,1.2533136071080204,1
-1.8904871931028657,1.3275885767490427,-2.08264511304711,-1.1338246847132174,1.9677047495284001,1.5171083168998438,1.9421645638684326,-0.7056156256033103,-1.1458781929703752,1.5973626585820635,1
-0.7357683967765181,0.12037183559560316,1.933632702522386,-4.067598656384268,-1.7299830356054262,1.4910788654988445,-5.519948429389439,1.8519842326630815,-1.1376788652301149,-0.47040162397722396,1
3.173722838857076,-3.0107909076805313,-1.6708819397553858,-2.3884349184621874,0.7430065049894528,-0.9975666175345017,-3.67359883608379,0.1514265890619806,1.2016799609999744,0.5032316284311512,1
0.11257642797133584,-0.08613296918424962,0.2699637940215828,-1.2454711197935306,1.6198862511220442,1.066967043974204,-0.08559685573990733,-4.2265462530525655,1.3140476234840983,1.1708038255001436,1
-2.3827854506193256,1.797678000576312,-0.5333659177493143,-1.8404791102039508,1.6030959114846055,0.42421696899863703,2.1461905592696033,-1.5065869805460779,-1.0826695479646564,2.024287251226837,1
5.017963438122227,-3.091275877180112,0.7819040520106344,-1.8387714006591085,0.36650107765896256,1.5086463088056472,-8.167378436765928,4.465879214362663,1.2567252018433608,-4.118253058580074,0
4.924347041963928,-3.2342598052484295,1.0616085329545957,-0.3706726694382425,-0.7477664319886198,-0.9250024363433607,-5.707696033945826,-1.4202729340090745,0.5156840540697027,-2.5975909663328913,0
0.2324776276770911,-0.055436997655528675,0.21188691352859798,-0.9674364563037651,-3.4950339272214306,-0.3085222177179705,-4.276587513693832,-2.5975933711029486,-1.0868667555714044,-1.4825976811658466,0
-8.692637132294445,6.03545221711347,0.6854882184975377,-1.7424877826809109,0.3307885508822468,0.5565102981021356,7.512189539139038,0.8515122210501,0.30413372845149456,4.374702177139756,1
1.2563730751377225,-1.2502445868596395,1.474827768995568,-1.3449250062492655,0.11982219160387042,-1.1013186016211929,-1.4566727454716266,-0.4860478864026019,1.6628933102161827,0.5652337958149002,1
8.072916584785421,-5.171624354464171,0.6204174836245168,-1.8215076455156494,1.0646493937437445,-3.637862332210591,-6.770174875244206,-4.286832688281859,-0.30810677139498616,-2.140562247637349,0
-1.363100128780765,0.5876280663060826,-0.5152800581608656,0.023043360474325203,2.059342677460193,0.9198123204959533,3.281833735106388,-2.5664855020469037,0.07848974130893457,2.3955192987285896,1
2.9587658138665294,-1.3098345209605486,-1.7545464803403703,0.6291000874202433,-0.763221827905559,-3.074717995542306,-1.5961097650250935,-2.363532353578985,0.4334842799789711,-1.6247134157169227,0
-1.166255934080642,-0.46184369664442415,-0.13703575949483018,-2.0437530331878793,-1.5571701589202742,2.2547585882246253,-2.9442520236784446,1.1367353346070244,1.5926899825085863,0.9229255166649969,1
-4.522831285460636,2.008269814676565,0.42320557277182697,-1.273934256037359,-3.0497392569815407,3.5910806305693717,-1.09198669449532,0.6992653236614291,0.9263875444446998,1.1979513119424177,1
-6.219284439357934,1.4857150293150827,-0.6757091022731422,0.7290510401862753,-4.387847651848483,4.736823175194127,1.3157476575854923,3.9209894962046334,0.5652358327980154,2.965713341230732,1
-4.026576554036559,1.544929426786957,-0.8294174893138989,-3.103656330869578,-4.559375939230964,2.7388244294540383,-4.190968281771034,1.2883013654301478,-1.5583738322793752,0.6811180665254287,1
4.918266228890911,-3.145088862469995,0.16880380992407706,-2.0799563678496082,-0.31084957808770963,-0.9636412705696634,-6.747242514032713,-3.252486818642547,-1.4051980361664616,-2.0825571174271187,0
2.8075915563953595,-3.9931735032646274,-1.7740300267403895,-2.5531516870668343,-0.3189109335384417,0.8474854046896453,-5.015985873118765,1.469974104467868,0.8238006032644509,1.2127230765543198,1
3.3664018152238313,-3.0848199486930703,1.0849248358982795,-2.8590209050449085,0.8269673055547094,1.335737357442217,-5.83803376711134,0.7672802241293887,-0.42847008834661526,-0.5414918804122173,0
2.45510473018561,-1.7562167548536158,0.15191578196714817,-1.9602729006077784,1.0834224877184144,1.1600462610341105,-4.0562252762843265,-0.07882570540963463,1.8442006889324398,-0.8873586219056578,0
2.4773553544727793,-0.701457627278663,0.29450766298330716,1.788815086188745,-2.332257984739252,-1.7353359322800064,-2.569080514847538,-3.15456640752308,-2.6677584342771024,-3.031821565017304,0
1.3292158914646242,-0.8572563982377013,-0.020650511602989502,-1.7376855384843577,2.437962127482832,1.0774684919086632,-1.1895986586235339,-2.4112820308353697,0.13374242998123173,0.5901499369080239,0
-2.832705268080821,-1.0669569117501836,1.551779919298436,-0.9458657730212067,-3.699146277102161,3.2007759165439547,-1.9939292644032216,3.9172872451089558,-0.9166420194219062,2.559969161370461,1
1.9281199868518253,-0.8269559735874528,-0.9066321640953793,-1.7089065271185255,4.248967562668809,2.804085767963966,-1.6089417248899598,0.4486872093179217,-1.0616904243080318,-0.5576404058233861,1
1.5671127455173612,-2.8961222879094164,-0.5932088167641478,-2.501523068152054,-2.3174577499046296,-1.2416704589810437,-4.249005168237621,-0.8420320338670735,0.8324661422588284,1.564947334402437,0
-2.3370944900867685,1.783708124926953,0.22912134351804278,-1.8982050075232402,1.7328414761273199,1.1181280281092845,1.687370986882829,-1.2267739817386667,-1.0461106001075013,1.7522948785489025,1
3.523954875605092,-1.2053085689565548,-1.9575962938105422,-0.9979775349871451,2.4429737522606203,1.3576840728173512,-4.080918299363784,2.759238869944218,0.09805548991963844,-3.3381057368808538,0
-0.6720227051560284,0.9011079384426067,0.772474012027049,-2.9293411260056845,1.7859926322165758,3.14257685977604,-2.451561874250417,-1.525492894796844,1.3936967508477665,-0.09724557832512137,1
2.9748933891893703,-1.6182083198650454,0.02254526705804166,-2.7752195414300207,0.8826551860030516,1.3209572691166436,-6.099885838521529,1.9405003551046422,-0.08288780876602542,-2.36247735317289,0
0.16716688141569264,-3.382115078978358,-0.1944176423063835,-0.42504080797211796,-2.4307674724545576,1.8872739670545582,-2.404260037809839,3.4629656757720007,0.9744227391657111,2.5489979802073135,1
2.976719330505091,-1.8930189689486767,0.13700825820792759,-1.8227652564744417,1.5093130576754983,-1.9518779981072,-2.1135318779218535,-0.7341141610734674,-0.16652299448638908,-0.08490193315573258,1
1.8543936837382244,-1.552993035164504,-0.5669991676770471,-1.963013972225011,3.136478587906712,0.2941647150678459,-0.728451731682018,0.4386374750623019,-2.137448706399794,1.0270696337297553,0
1.6390711884175964,-2.333116300679846,-1.5001042370868463,-2.6813640173780833,-0.5894051864240266,0.2596500362980272,-4.283050333354149,1.1578132619855597,-0.4390958402994754,0.6159266612428015,1
7.0181682605648,-3.5818045436810677,-0.5081445204864287,-2.0759418639278993,0.6785443368653612,-0.6460348365828938,-9.312230202140535,4.089981233495932,0.1012861330883167,-5.534772842106234,0
2.4168946134042457,-4.115781742276435,1.836285174827357,-1.0567734787189378,-0.09563829775554211,0.47326126010498326,-2.5067796267007854,1.3015350656669928,0.13757146916885518,2.202540904377347,1
-2.368532952913328,0.9223768760680446,-0.7461897608208784,-1.919411574192118,-2.5394852591957147,1.3125808313756124,-2.115680699901202,-0.8902565496251671,-1.1022307296650038,0.8309253735036131,1
4.460657560224566,-2.941571595595697,0.1979564866991803,1.3085136424866177,-1.0242732047148182,-2.5577253368038813,-2.6559656190342964,-4.499252441239324,-0.09978781342697644,-1.4888125008503494,0
4.439392252247303,-2.000874290919266,0.9336939018151047,-0.6753084252955708,-0.8321277080872731,-1.3634899144849786,-5.890506139216476,-0.4187984007667638,0.49228237366989974,-3.775860649953516,0
-0.13230655409215297,-1.150476023309694,-1.1200606219974578,-1.866199740714637,-0.6203187564301449,1.2712344140184149,-2.3386214354605697,1.3686567994144623,1.4890176597125866,1.130627893367565,1
3.1157891514618536,-1.872887211028622,1.181996454223222,-2.0720279415884977,1.2929553126298334,1.5555170536893295,-5.293771608884416,2.5264165218985237,-1.014610826803366,-2.203168813951645,0
4.221409232828294,-2.5010030774104317,-1.3101679332433582,-3.2206268630443544,-0.2999829574914994,-2.6437828365800136,-6.217192878747699,-0.5365407471261348,-0.8359334011037601,-1.7414160028532617,0
-1.398310113604579,0.4858832920683136,-1.0288362015484511,-2.6338521319637938,-4.305284235154009,0.4457921202589281,-5.361867843599234,2.8450463292962063,1.7884593771337591,-1.1880575349959668,0
-3.150538920257325,-0.5751961502976688,-0.05579162004408536,-0.25795112162822287,-3.52438668912074,3.3120863420145867,-0.9611617609067543,1.8632672771302212,-1.0405637468604865,2.638085344356705,1
0.83692077333496,-2.612252882903184,0.4050453482743976,-0.7910260151507309,-0.7350329190453323,0.8948696792725165,-1.9160192145252282,3.8536604811505732,-0.18624639951021385,1.4677231186626358,1
1.1496385448310071,-3.252198662713522,2.5985447289763344,0.11895827215069343,-0.4514653048147086,0.27318658734972345,-0.32673985647635123,1.7926866483441266,-0.06245222779114478,2.6068093170943385,1
3.91445732242963,-2.246918887449116,-0.05185956867838815,-1.3757609026643358,-1.4966060614212915,-1.266940164730057,-6.188203065776074,-2.4064769504850525,-1.3780000916634214,-2.5666581341699204,0
0.05572806269747127,-0.8526740092722269,-0.07424546273191043,-0.9640069897725889,-0.281000366178366,0.1729592985633106,-0.9541151799533526,1.913101354066724,0.24770816249270644,0.7854645268902821,1
1.2587212221570456,0.4508655861728632,2.639206104649941,1.0388385100812956,3.5006696263706822,1.707739953334062,0.973869805099269,2.3868605657421984,1.8920564249956975,-1.9670226191084135,0
0.3594598069033125,-2.1797167255596626,0.4556997235823749,-2.554926214251039,-2.524229681252253,1.2700457937054546,-5.071554537795761,3.3518602326604796,0.8765606966913096,0.6985890341272308,1
5.734973163805517,-4.003639202126232,-0.48005704126295,0.5360522304019115,0.3574165087749168,-4.181135978336977,-2.1736230141070796,-4.5056904092805565,-1.8584810469607107,-0.5275424296560518,0
1.0421501918944698,-1.9818634349546016,0.8722268801817192,-3.4308446198049563,-2.4795279691796566,0.17487765169495906,-5.991630375282853,-0.6417816428716532,0.3127231467873003,0.41909466347646007,0
0.0552271576825625,0.08050699420634166,0.018463336303177483,-0.992547170407055,2.0135594199876254,2.8478830864682183,-0.781401041636908,-2.2674758453135797,-1.3055466279884562,0.2397900843460039,1
0.9066821677366221,-3.579813645696249,1.8835170729953161,-0.7477403832335999,-0.9124900144462574,1.988904525528975,-2.257190126799626,3.5961851472571675,-0.32451932033938935,2.422297263102929,1
1.7202586221372165,-2.6850623857833926,0.35504860659615634,-4.13493844886972,-0.8474802371590897,2.698332521069639,-7.293567877202745,-0.13622752006863736,0.41077033919289613,0.34047960220410434,0
0.7295838594801287,0.30893857452656737,0.7476913899826828,-2.229044783185586,-1.8775522334593648,-2.669223467147778,-3.3976572117746437,-0.38555259089695415,1.6664625234854455,-1.4503210381197278,0
3.1661094952822464,-2.6279093431662814,-0.7502849532186529,-2.048969621379947,-0.5336452020317899,1.47514369887995,-6.463173250712298,-0.009988842784383278,0.7638905541384806,-1.6072197555749854,0
-0.19869744308544904,1.5659710148104211,-1.4227062437566944,-1.1637298057874423,5.099679481433512,1.9886461802861952,1.7650692127577186,3.3011748207875353,-0.7558424580412537,-0.6712868870627658,0
-1.5311318154930609,1.158392137130203,1.5085055300123005,-1.4907960132823972,1.074474495686771,1.9469431705610019,0.04698537272605628,-1.1186337334045655,0.7236882270525697,0.7689743745219113,1
3.333711831521412,-2.5999744619791727,-0.9135549117157787,-0.5374646063058439,-2.3101471362538577,-1.2330145563775883,-5.0704176235810205,-3.7690120287948816,0.8887467215456054,-1.356680272073036,0
-2.9257741771445813,2.305689355027681,-1.0657463125955868,-1.8526680721668014,1.5835364671369845,2.803793514887333,0.9490156824150192,-0.03216492886880307,0.5492414784287455,1.0055694314102335,1
4.404603100349999,-3.272429977617329,-0.05965401030449736,-3.1760192858239717,-0.05069291835780132,1.8976945582081577,-9.008040633387331,4.038774954018031,0.0214602600249777,-3.057821069285623,0
1.092537831388141,-4.877201645713075,1.631533727343083,-0.8437765441324642,-2.219609063963272,3.537229556360042,-4.286058575804191,6.077311867080978,-0.2887276878147827,2.5314947471120495,1
-1.7951853319325788,1.352505705695201,-0.7984181036011943,-2.02270242421681,2.324425672921664,0.9023538050712957,1.8335806025411792,-2.3753154009019073,1.2904627249393372,2.1352327148425787,1
-4.214609895493601,3.0941747806966817,0.651366534392826,-1.3884046266726144,3.156991946865113,0.3997093725325154,5.98270331132457,-0.6983026408017632,1.5879154325390914,3.5642615437660807,1
2.48744590294036,-3.766290066684679,-1.0554997477683041,-0.6812402300887781,0.23293480546069167,-0.4949132361946236,-1.4027880648152133,-0.5516905445290319,-0.08864628783913607,2.333837555895042,1
0.8073513118045409,-0.9389741929495331,-0.6832852632175852,-0.2996898975625151,1.7479728640485437,2.813568981216128,-1.1011785810807082,1.2410511224941323,0.6554853247141043,-0.1057007120873048,0
1.7129102531091618,0.5016723114988877,1.5570767655657327,-0.2679808650292854,-3.1318473728224365,-0.9303815548439144,-5.602261809996456,0.21329831276116717,-0.972688092497569,-4.796015857942828,0
2.7482151338830914,-0.3408006347528878,-0.21043060591518795,-2.4618429759771514,-0.16219726895294495,-2.165845949842211,-4.783979851300187,-1.4693619522022454,-0.4332051702965669,-2.7574916403081238,0
-1.5778505297522676,1.9110052772201565,-0.35320789551945164,-3.5684813478460913,3.719276783599733,3.6862749675145015,-1.0092178099805407,2.2212898816598408,0.8853769905168424,0.004555363278050839,0
-1.2274844491122483,-2.5261185522913894,-1.100176204583657,-0.8319555068099111,-2.452544842239841,3.5154110258082873,-2.1831642068752806,1.3172335097354209,-0.8164571438462908,3.219039274952406,1
1.4854254881543216,-1.5468132842840845,0.6044359999987874,-0.05232693870669003,-3.025013994273138,-0.6904165483879784,-3.7048807558224386,-1.9539508326043187,-0.6439431679251426,-0.9406973251885213,0
-4.590688974333835,3.3583105336809527,-0.9498877560918947,-1.8886077270307773,2.4037830202241035,0.3951528620225606,5.144042086387633,-0.1488332872606366,-0.05660263936462753,3.31009408969264,1
-1.2155105490983822,1.0866711985230086,0.9288314051541057,-1.975789530724746,-0.3343626783820919,2.682845705760543,-2.804091981489218,0.5125575490960181,0.11289353700788084,-0.8367286532647116,1
5.373913096701206,-2.209548580419937,-1.683227248829322,-1.6393594493493047,0.3141284281047809,-3.046529022783139,-5.499096427821475,-5.056146873231165,-0.6931233416845494,-2.9403735441501,0
4.753847434837813,-2.7504792850107695,-0.41950667937065866,-2.7097281348354194,-1.0183659988002605,-1.3289190352043336,-7.843860653523803,-2.3211974016469665,0.8355732885102264,-2.7783072749661843,0
-0.22512390745902006,0.008334359385134604,-0.5698122016696738,-0.712755856841261,0.6242079395852653,-0.6879066362636101,0.6798248170068955,0.9887076663676725,-0.5971062990694141,0.7947358105437691,1
1.7849418127242571,-2.5798508432881757,0.474108001319148,-5.870246259742693,0.3273692618269326,2.067149068015953,-7.56550239759346,1.2691568174417438,-0.7179170301160287,0.7843410367018482,0
0.7902504805979987,0.041151894311631354,0.02943669074238712,0.04531728822019332,1.4402371556407314,3.2644818920236456,-2.1510473242327484,4.059718495610959,-0.4093018882339617,-2.3992972910014814,0
1.909687186066332,-3.0293846004541,0.9273120345269271,-1.319834602271353,0.26735858531164913,0.5452867063287345,-2.4029687140630953,2.0220438359109894,-1.0455333833695564,1.3793721116625504,1
-0.15613611801918884,-0.5122628620176287,-0.3818828668656508,-5.522304531507837,-1.7761419813562394,-0.7953729286045867,-5.809023258731061,0.9369870443991464,0.051219484615089336,0.6213017816488247,0
3.8410929338631563,-2.8669066744494724,-0.31859616981789307,-1.8010582520448208,-1.4901416160081185,-0.8084544371785487,-6.46437261849831,-1.101859698175414,0.33817460862287224,-1.82822942433237,0
3.5981001340013488,0.18671078092909332,-0.7555982483439989,-2.2047798618087278,4.496393164188707,-0.18399337715370856,-3.0807501628761895,2.099398348409366,-1.2853013195749685,-3.838406991055001,0
-1.4951704066759122,0.7538627254234016,0.12551304311028644,-1.9493326745652164,3.6864975756846685,2.735776034919823,1.8216424983757014,-0.18818613820168872,-0.4686076211690107,2.2792165213236055,0
8.921551474145534,-4.867849002356129,-0.24438025042233152,-0.1524770585700077,1.8544541909874042,-3.5508608687115943,-5.916840730695059,-5.091274812670356,0.18969099524243158,-3.5658208514723437,0
-1.807923252824544,1.449295475677664,0.11269850904696596,-2.5565742760162546,0.28256447488183145,1.8280584495250862,-1.3098919229833017,-2.543711449476449,0.8808774710457029,0.6918484118382339,1
2.3318076953736817,-1.6279846995458243,-0.605673660093263,0.2334302732423248,1.6247945057770248,0.6646853625988384,-1.0029397421892858,-1.2405813199093378,0.45734868476089546,-0.3912153043675448,0
4.654978947105433,-3.2889353092354607,0.7564688367602417,-0.360757096494825,-0.943145891815502,-1.657059802850528,-4.816017725891651,-3.8582591853158186,0.40692174114878144,-1.5311495700351352,0
6.406502740705994,-4.358133220946561,-0.4573457228779558,-0.07972658380120112,-1.0705806525686523,-1.7926983418957714,-6.364134690053933,-6.573653339267976,0.3573372369661163,-2.248063320532576,0
3.6355794917284867,-1.8075762984771593,-0.48853106209698816,0.25764699767305843,1.1804138169546614,1.9165948838305726,-4.471428229678834,4.870707889339565,0.5104567307912509,-3.8461184269269397,0
5.435585081092003,-2.63973285415227,-1.3342865006588074,-1.6467758496962035,-0.504675633259935,-1.7503806338444132,-7.1408144042473625,-2.751783181305414,-0.7583519842618284,-3.6205364791666343,0
-0.21504256182651119,0.615799088875848,-0.3508052114564566,-0.6547721706100234,-3.1624438276813356,-0.43189267161360845,-3.5024880753007395,0.049926642891060746,0.37623393120866366,-2.049770405926382,0
0.42179676630764795,-0.31631016113782184,0.7437563980333113,-1.8758424660390502,0.06053606023937719,0.006736436438734117,-2.0733016387869303,-0.3916075927237028,-0.9328845213094638,0.034471610616777726,1
4.382664019206749,-2.8606650502629467,-0.537775499001422,-0.6117041363190521,-1.4970757818342961,1.575753759116815,-7.873639062234515,0.6763970678840255,-1.4972630890388055,-3.912099652512637,0
-1.5218874157504947,0.4501492906823559,-1.9996228847982345,-2.5096389267121673,-3.2645003596338604,-0.49955446066067544,-3.1801733552280953,-0.4253371025711652,0.08577075622153388,0.45357140318891354,0
2.4479048393126353,-0.356667497323494,-0.16556274105008104,1.7367009055345433,-1.9636161324965906,-1.5259767804868793,-2.607779455903287,-2.4358823962106864,2.693248986743286,-3.519680753012187,0
-0.2026171499869892,1.3006629464655601,1.2416625418173428,-1.25040614917639,-1.8626513704630092,-1.5170219211501539,-2.6038743260790826,1.6912294972696706,0.5004640573593597,-2.311350064104331,0
-4.9913541901960405,3.314571157604508,2.542033979715604,-1.2710933584966282,1.6781050840379503,-0.30165457157620446,6.212484030698457,-2.2268388158369503,-1.5329421570978279,4.186596257579264,1
2.715461475848323,-2.008366790745576,0.6681493790420897,-0.8919328467621901,-0.17827845581880752,3.2940232902587736,-6.207697676678036,3.804789769259909,2.0628329189248054,-3.009205312618417,0
2.0750251029775355,-1.0417089378258861,-0.6032231026286933,-2.0679993263679184,3.3005903051392993,2.1676204947421365,-2.2883925236280778,-3.4386307196053636,-0.266357058595479,-0.06547647927208589,1
-2.370242820448864,-0.6964605743400057,1.462196593905437,-0.7360883510065064,-1.6240799719327494,3.52716077377624,-0.61592587184836,-0.257237289361546,0.051221092147888336,2.8577443943684964,1
5.312868865522917,-5.280249789841397,0.24178834617982453,-2.713546260359119,1.0203179927105115,-0.8957625741992534,-5.60455726972803,1.079518722317241,0.7067935059306063,0.6106192976077779,1
-2.2013801747530026,-0.8331011096808824,-1.417710494192718,-2.408304473826456,-2.8153702689002706,4.086815212668384,-3.989212166470391,1.7107844446458274,0.40054017860904645,1.782358035972048,1
-2.545391889013649,-0.8305059802824433,1.90918538943165,-0.4210144513973513,-3.6475887755140657,2.2409557161680205,-1.1621195275746639,0.18377451492084385,0.30698001983615286,2.6721471947807203,1
-0.6577589918585688,-1.0132083380215418,0.3822596165483177,-0.053411225573103405,-0.544187199457285,0.7058460493581372,0.348485404258526,3.2359469968955783,-2.008801495570681,1.5730198834300604,1
2.2016992993438986,-3.4671869162174733,-0.10598294391407653,-1.7636221732417996,-0.7061232658740358,0.6019224991921198,-3.7304515626503525,-1.6798828543401196,-0.8516439622642528,1.704757152630794,1
-1.8000982135253965,1.2759738420658437,1.3792494261623907,-1.5278641883959476,-0.4864828292213539,0.7533464784116026,-0.6127859064853455,1.9249666990856604,-0.5754938958563004,0.14693556183214684,1
0.4964615650383611,-1.6495186700600195,0.24689052251398397,-1.7145571837149434,-0.5115501850115877,1.1994213779836411,-2.9573788458010397,5.751666251599118,-1.6822956315292419,0.2700325630838756,1
5.5162288480387245,-2.9190628219468504,0.4309961356971796,-0.24810926590830373,0.12729510396587873,-3.033581403331377,-4.354503562758783,-2.4749565973275134,2.188409470480316,-2.6701348792568877,0
0.5967626150619171,-0.5496344931957675,-1.3098467919710959,0.19361334828528243,2.345231096733434,1.84468915569472,0.8214695923665836,-1.3921415138283122,0.8157614364251219,0.6670489038098353,1
0.5617505167495976,-0.12672883257426637,-1.1950183469888551,0.4345924625098261,3.0467328603573964,1.175279765306092,1.8911638172960097,-0.26452917711465873,2.833580429456599,0.46363742635037997,0
2.0813153351253204,-2.5189086071528104,0.2742837157058423,-2.7002286709005867,0.9284966540321801,2.074042107301508,-4.514840789193663,0.7828137098599954,-0.17416766528098634,0.3984049952750697,0
1.4399699244168984,-2.2739788125262583,-1.1333707475996242,-1.7579517835537821,-3.615655594250317,0.5514247300052437,-6.119428140963989,-2.432995187458191,-0.3320397503700924,-0.29264012122830985,0
0.5804353303649553,-0.7028675631541095,0.10485269044110616,-0.7238226065437259,2.322157008511482,2.802036103220852,-0.840540308527452,3.018564044913089,0.45150510871139354,-0.07417127228974651,0
-2.364649785291989,1.576661619655791,0.08504604782858526,-0.5200257445538855,1.3361600942181506,1.0113287471812054,2.7416950970713563,-0.3176609743588139,-1.1355301102068804,1.716978395531432,1
0.6366410797574407,-1.2083419880184472,-1.6824372693115777,-2.7532249003035556,-1.551428893982462,0.35999305304487894,-4.527146886030405,0.5199878900766167,-1.4217454504578617,0.03860031131430164,1
2.036204880773022,-1.097030693925816,-2.0911247003690248,-3.5900196940947744,0.245486121791751,-1.4650675214228235,-4.4466251944366375,0.05207668489780204,1.2971344548031731,-0.6618792057936007,1
1.8398353626973927,-0.45792134207576773,-1.1027974854936686,-0.7739904472369354,2.4115161779210093,-2.5380092542721293,0.8320858889178989,0.7385041313898766,-0.6409414492642758,-0.14609752955591615,1
-1.6639393888140066,-1.5305998090122293,-1.2020834255003308,-1.0898604816076547,-2.4788551161418773,2.795090063592797,-2.2028553387147736,5.356295884416554,0.8397346679891476,1.969119405069232,1
3.3384006569805065,-3.197233484985442,-0.07557055790495845,-1.9571356641752167,-1.7279573955617036,-1.4386094014228623,-5.343873708970672,-3.098115562208031,-1.0324233356645525,-0.08060087110387149,0
-2.3759543873204647,-0.8546473446124498,-0.36215583285410263,-0.4157662820299364,-2.435709624063844,2.635432821546211,-0.48074945486856974,0.5266975662527369,0.7258416701335668,2.8657496039324517,1
-6.999932460035592,4.937851208689664,-0.053836024557229585,-2.229980475977333,-0.7300879587909588,0.9213428791458492,3.9428836398628064,0.7624143630644413,-0.13586660631136857,2.7643655063318198,1
4.005061387012949,-1.975312539305233,0.8912984714285959,-1.1782647941207305,0.5373429555335072,-3.275938705895779,-2.971571810123036,-2.579922426097717,1.63884268618091,-1.363243404168483,0
-0.831019728524757,0.9671415880548562,-0.29020337708051785,-1.7843864032558403,1.9316777471177895,2.891017081382331,-1.0177585416526418,0.3527349953338068,-0.7524960325306159,-0.16094804309480448,1
-3.1466378141070055,2.0508152580941665,-1.3315122991122168,-1.2259865769905707,1.897111218669875,-0.9566101531648843,4.908464277333602,-1.8008326015919844,0.6023236830050953,3.493021208247427,1
-0.7107882542099587,-1.1397337355273496,-0.13240411277676944,-2.7806095854802186,-2.6970111455772483,2.1738094260078387,-4.97789913311103,1.5658902534255372,-0.4481112259133839,0.6762342066831017,1
1.135096036936767,-0.32761501251043246,-0.6715921065175944,-3.5229677082714708,-0.22857598872145002,-0.5412744942734249,-4.559261511879481,-0.4973905129383651,2.708505650682349,-0.9124994295775695,1
-0.3280363641231681,0.7196767516834446,-1.1172636989875397,-5.045423044327077,-2.517043254109188,-0.9506246104156956,-6.425831844829186,-0.3384685768370508,0.5311508203085539,-1.1713492271162944,0
-1.7980207939615644,0.20221674500000653,0.18317844598052452,-2.8872995558277212,-3.032494535173,1.6117750256796437,-4.226615654746232,1.2025984136182497,0.5801534441242598,0.40960244757497555,1
1.8376602284007362,-1.2610479499571263,1.618010572954878,-0.9971660109584893,4.194659442368971,1.1730354975746524,0.7925512095599918,-4.545379090895468,-2.4750652830730395,1.574030413420827,1
-4.105369840210606,0.757778190409883,-0.35344077308923394,-1.4112127900219686,-3.1749648604861824,4.2958061423796785,-1.728614727031685,1.8967105617483235,-1.1150847773304218,1.9811169994989197,1
1.071390909683962,-0.04916726639772029,0.09544207786332265,0.9003346697384842,-3.325885005854464,-1.475978373703319,-2.9928945138825327,-0.8886363955928754,1.7636262002007375,-2.7221211813053054,0
-1.376382197598284,0.2534840244447809,-0.12490960503918817,-2.8278757348866157,-3.82593228922012,0.14328978346438936,-4.617846357598905,0.714768613773082,0.23540025052057978,-0.15131364341127695,0
5.007592377124206,-1.7278227284662293,1.230102183073231,0.098117851475233,-0.43996019640190775,-3.1464809173342903,-4.517203137028496,-2.267998817523953,-2.213022111328532,-4.021530094478552,0
4.555204221437124,-4.273909045575117,-0.2837343497884642,-2.0891322979571547,1.364052985011298,-0.9254373246239838,-3.9757541723756793,-1.879928159109661,1.4871391479383496,0.8744128555888738,1
-1.3442608343354259,0.9108689720644366,0.35244165399968097,-1.1204865921973077,2.684589156952034,0.9535039784706033,2.5328660023070646,-1.56347395484656,0.46765801869036117,2.0825516772832353,1
-1.0858314900947257,-2.0782662209070586,0.22129044685084953,-1.1527045838461483,-2.59239048810408,2.3779914787188683,-2.4409841791237135,2.609112347404677,-0.020444098687737673,2.4403509558796497,1
-3.839858742696593,2.806323645982676,-0.09117490907576876,-1.8835501486768411,0.6556501305504844,2.056271888112456,1.5899517477871408,-0.6773686760648908,-1.405322954779475,1.575616931252556,1
0.2032755069522974,-2.6115893520066944,1.1299201787610944,-0.3018019561452898,-0.6980198254918226,1.7622535666610601,-0.9616864751731461,2.3916023686411885,-1.6840716638587614,2.3903894832307993,1
4.654944406259999,-1.9964743324707752,-1.1259149070880428,-1.777481022539613,1.7075739646496433,-0.28954051803631553,-5.560113710489398,1.6353254615422392,0.6827036310893113,-3.465838560932872,0
1.945824170542499,-1.9174840187257005,-0.4503089934847631,-2.719051037228108,0.04263490788651936,2.423468733891491,-5.7610319211854275,0.07097924214008011,0.49420452639453427,-0.7835363720063118,0
0.1850122439824719,-0.9242732509792256,1.2945702327898514,-1.6453180960246991,-0.5381983533604212,-0.04886047163263796,-1.5919309592441575,-1.8308574153889432,0.9745600810132269,1.287671614849888,1
2.9891407581047753,-2.182786509725508,-1.3023372395011958,-2.027622629953496,2.3157553721993374,1.0537563620935253,-3.4208020462552797,0.8053907856165946,1.2141436360610967,-0.5420376671018126,0
-0.5573456376537934,0.2054423193179704,-0.6945944069912875,-2.4674217417265374,-2.372382470527714,-1.2363097228527877,-3.1755864949929773,1.316194430594948,1.2079455697522943,-0.26500132418180766,0
0.9451266349118269,-0.725403284361493,1.4342464682703717,-2.263836809494249,-1.696216563178411,-0.5856631516037232,-4.408215241873958,1.2829127495202974,0.8158390325714905,-1.097067700007813,0
1.6440303002379983,-0.7374318589943918,-0.7380184398825007,-0.5646867547162696,2.621054558976228,2.641500287228455,-1.9648746461409783,4.668350370761691,0.6039089756095426,-1.7782130861826468,0
1.2940048045979844,-0.4293818924597219,0.5012041823841213,-3.174201079116652,-1.5073832436202619,-2.1694995584429893,-4.495057635432118,-2.171106839546256,-0.8015515005812999,-0.8365663111019984,0
-0.7733354614338848,0.5326375592536836,1.0318168342239267,-2.1002843407154734,-3.8090411378848117,-0.19798639606688706,-4.731536269514728,-0.04284310433876093,0.580701836897825,-1.3390126940943194,0
3.106087327823474,-2.363631889482883,0.22977676033491254,-1.9918210811619987,0.17299893603495486,2.097820653183744,-6.363456961749918,2.539451047203337,0.42877182098914957,-2.197700600201258,0
-2.8583743168576223,0.2014607811358542,-0.6433097999411301,-0.2766239271884212,-2.184154983065649,2.1115868461561744,0.22150975697582562,1.7759462850882186,-0.581230267829545,2.0930347886031107,1
-4.274070775683975,3.045712134054548,-0.944823893643764,-2.2236493953904697,1.8948788976655833,-0.14664638280970954,4.570344329621881,-2.5684587568742208,0.3877868268899114,3.6374146565805896,1
2.9678141456343785,0.30480234445902155,-0.17748080150141446,1.0949251324931581,3.9194537276613133,-0.8380682914666928,0.8574384251638068,-0.7048989313736356,-2.026023448476509,-2.8429439305191746,0
5.704063493846345,-4.474642356897482,0.5081195484670548,-0.03918407544785096,-1.0644820580508116,-1.3402504539473687,-5.615729487500527,-4.784978543201255,2.5046681450834716,-1.3993314477007355,0
2.7306384196423124,-3.790005965845393,-1.3554073518530985,-0.7846993951650787,0.8357726631745153,0.12283620723180344,-1.7100156608835986,0.266222202170425,-0.6705605102890292,1.9484067973399202,1
1.454078642581486,-0.6565189001025171,0.11091107340960563,-2.431682975598365,0.7171212296579655,2.6897875238272646,-4.863116965517705,-2.9052747927858995,0.5563076234483254,-1.2496753084997145,1
-0.58674708051222,0.5734028697879123,1.779171797279794,-2.1051304883246926,1.0427313943140135,2.324997779705944,-1.766335073654475,-2.264629895099254,-0.00043898865990927546,0.2525156433777658,1
2.8936469165097014,-1.6013827751354852,-1.1338517369605237,-0.8836224508679559,-1.3241822392495262,-2.505899034258241,-3.662185474226671,-1.9325733087594077,0.5578766442638786,-1.5289715203138416,0
2.857130645551833,-1.5385985475614015,-2.02616924639609,-0.49682777131930966,0.8667344028817751,1.929864206706398,-4.288055451315783,1.7811526847215187,-0.18986369216348206,-2.6442319204678397,0
-0.5103577281464656,-0.89838088759231,-2.33433581935981,-2.528205017015687,-2.1481410029172974,1.3717193739776434,-4.173373486530696,2.2964306869960405,0.9901736647844482,0.41333692102269914,1
0.17899082197352084,-0.25546782802298384,1.3271785081222118,0.07917977280042043,-4.678250958180708,0.13736480650248062,-4.683132270190359,-0.8992701846684596,-0.26259290006952823,-2.1929609637991323,0
0.39056187502322226,-0.04261455808205228,-0.2362107809786783,0.38211905809421043,-3.700440301589418,-0.46853261056118933,-3.5266942685816423,-0.3253589429373649,-1.4529813548115285,-2.256883263430114,0
2.9541965682253633,-1.7685898893121241,-0.06133415634044044,-1.9223604435145425,2.259247778176306,1.1144088388709368,-3.6267059273169173,0.8335891016663982,-0.20412158481360743,-1.1927680140449466,0
0.5372446131701524,-1.1883547543959498,-0.17750852548919108,-2.505221066158984,1.6017806414041136,1.734655403893771,-1.7700807962686211,-2.3416975071822255,-1.3022662379689898,1.7409787296534969,0
-3.031237143580963,2.219985303247179,-0.4526603486174537,-1.4111229467402207,1.3465923759963416,3.2533643983711142,0.9865878474795284,0.7165786501373415,0.46181120519539837,0.8761781493186077,1
2.0934144992195862,0.4819253150246252,-0.3860490822851164,-2.3044514847341304,-0.75347096552415,-1.6535681124775008,-5.219758754233525,0.4518470226474114,0.029018734725870104,-3.8022313262059844,0
0.6994749320309857,0.06314416591574079,-0.6089355511311296,0.5470743795453097,2.4084679014967962,1.6597315875255452,0.6770056337334067,0.4426667506878472,-0.3131121085283415,-0.6712587590849348,0
1.7288045310387985,-1.1040067024709983,0.6540934488512836,-1.0973186053406196,2.171755479525935,2.9398589115358806,-2.505652915340754,-2.8029561382317385,-0.769568714404685,-0.43585157455092727,1
-0.8798997785537898,0.9182223980298262,0.7593045713369206,-1.8919569991155614,2.223345403552772,2.5875377613799255,-0.39948935524660023,-1.5904333583963421,-0.37198575909367,0.5711978396264684,1
3.671707516146977,-3.007839400233831,0.3328892293637407,-3.5904224172917316,-0.4695541922069293,1.8654713876254119,-8.701586584414962,1.7181370807866279,1.069144864013238,-2.105584214770434,0
-0.9264174534934326,1.63708678139169,0.40881658065192766,2.4205528202913706,-3.291430581562442,-0.4226122111374908,-0.3548916941711855,-0.44082873194447636,0.09373257977307926,-2.6961329738940276,0
4.758608435513028,-2.285440092818478,-0.42042625575299997,-2.5125492952782444,1.6488197431517455,-3.1863127943742398,-4.199690627703111,-0.8796893781114752,-1.4075739944962766,-1.7298262191177798,0
3.15157217534062,-2.284015887930266,1.8233829527602974,-2.9308051041334933,0.8754283933442454,1.3406520378197109,-6.055089177083969,1.0550870746429517,1.16493678372679,-1.4648246428216338,0
1.961521793928321,-0.758543874616887,1.240557900521476,-4.161752604196341,-0.24069456771886166,-1.7960379259370005,-5.250363036263077,-1.2079562577191048,-2.0322766096512854,-0.9609836747866298,0
-1.9134054989080185,-1.087852966721138,-0.2428919003171873,0.5878812031292999,-1.5428223328130881,1.957117511554539,1.1626958733272377,1.4529776999292576,1.9366884324375568,2.9769018375455922,1
3.635279142537344,-2.2843069733378396,2.1637555023508033,-2.663815911690363,-0.9812112907034423,-2.404389198881045,-5.625344390879931,-3.1689355545660245,-0.45069617981918997,-1.190895857815179,0
4.505207249744601,-2.5603292159454574,-0.10231258554697635,-1.9251910743986576,-0.08354940309245684,1.545227169740876,-8.376725187459176,5.946577978020111,0.6228230145618063,-4.606797456100737,0
5.497685397123866,-2.485973409795316,-0.3212376998203314,0.25738515678718854,-0.10682170161845894,-2.6879157783485685,-4.372380486660427,-5.817502216477042,-0.2956647866854629,-3.0489857401846763,0
-2.8031861225006067,2.0860094466107437,-0.3681496669891692,-1.6687880248062121,0.5914778150451311,1.988781446663656,0.67778897769229,-0.7892279588852438,-0.19868111556839854,1.043673334250632,1
-1.5435075358244947,-3.195327188027851,0.3720777826970516,-0.8837612944724933,-3.9318033940785555,4.25866198544754,-3.2362748215802943,0.45277243684083923,-0.17472166107781606,3.88420609859952,1
2.213258173004241,-3.1419661885338375,0.15518473804793037,-2.572900457297717,-0.65258046543299,0.3421251118699349,-4.638790508817074,0.9312299912089778,0.7881346436941644,0.9297065321168492,1
3.8084722176642067,-4.067131897907775,0.28348253305942994,-2.1638535056335013,0.5223402202494594,-1.0819250878459061,-3.893741501300026,-0.24903396156447255,1.2175457674167869,1.1049057202601595,1
4.047487621324544,-1.6128419027048753,-0.19685509039307414,-1.9344023658071767,-0.2861140549261869,-2.8313993715965253,-4.988994975328833,-3.65002776734129,-0.20840350783775094,-2.3525062096093685,0
-0.19689859816089234,0.26548369097194624,-0.16379382902566175,-1.5487344599976975,3.3011794602049678,1.1543392686258054,1.3473890765212784,-2.184019130099894,-0.5214465283925217,1.6355099604238892,1
-5.305299315743666,3.8872089952698166,-0.8907153157702533,-3.000415164279433,-0.17391564641300739,1.190317960485637,1.8676732495136885,-1.2824990571981918,-1.1782188256696058,2.27519436901061,1
0.42645599848776494,0.07743737470757472,-0.7937059803596388,-2.2599038220514127,0.63849801941819,2.7886679529804983,-3.8084405386776874,-2.3506496531351964,0.39680628159123654,-0.9341806500223466,1
3.4447654304914574,-2.312689524276965,-1.153040110345398,-1.880887246026615,1.9908220060452817,-2.0038815743190725,-2.3939101165638754,3.8646674591962005,-0.06472058724389121,-0.6508769638106644,1
4.400782896438701,-2.400937340679136,-1.7321861581367204,-1.179686753137137,-0.18897642386626057,1.0726865208801881,-7.183528330045065,2.1745527277976757,-0.5226488881400086,-4.01318497110554,0
-1.0362429577543335,1.2015677986925835,0.6754013279510187,-2.7173883135110586,1.2171691887571217,3.3779142092206884,-2.6754023151890474,-0.6244949657321796,0.9806719956878627,-0.5200960862111406,1
2.0664085910911143,-1.9304984836818575,0.45679810983621366,-2.4390755327488063,0.6054933356091867,-0.4827574247622404,-3.0747831658757123,-1.999389716361693,1.02601511105376,0.6808069890395037,1
0.3661106486584225,-0.34069355646050514,-0.1511077721598841,-1.6810421505604747,1.0731101683544784,1.3981835211940767,-1.389225266628087,-5.351411383659535,-0.7462326377000116,0.9761934754511743,1
6.147502293370315,-4.218075000418059,1.0740136453460005,-3.2744411907079534,-0.252305167203859,-1.1026305601960105,-9.151171406290802,1.2169264024899262,-1.8906579554280043,-2.9338573358766395,0
-1.1789666289036298,0.4053734097599597,-0.30256426671990966,-3.159965306916887,-2.2850053670106227,1.234644448609345,-4.5587796064812345,1.4904197107591597,-0.5765124719563917,-0.40280704135919665,1
4.706946744061707,-3.1288284935621493,-0.8073787727617568,-4.552719639510618,0.4008506439677839,-1.8175350446306733,-7.587649891376302,-1.1176571002572955,1.314231839836257,-1.2903867705554402,0
2.7006295885306293,-2.395450047896646,2.4056796744394484,-2.0736932208637917,0.9979274837475561,1.1066893505206519,-4.196039924714414,0.18831952741725,-0.4390110142743279,-0.3438534471096344,0
4.023308098744993,-2.915102058039192,-0.05374118290622152,-0.5809374792938019,-0.6107619971927863,-2.6707358586466228,-3.281857344543423,-4.359847432779346,0.06846807707050838,-0.4835469565957444,0
-3.0457619338721873,2.2562600441694287,-0.8167937272892717,-1.6564408534136081,3.137271073035161,1.2821377376523198,3.8986781708229223,-0.4406828000024181,-0.2728467963400065,2.6624825292083028,1
1.0778132718592512,-0.9486420970487419,0.11386689372979152,-1.0927148052381659,0.0967594304854571,1.7078450085875312,-2.7499441861728884,-4.572569352969152,-1.5727828329594977,0.01667057108395209,1
-2.121416371905361,1.5052287961014161,0.8674276913469608,-1.6069282399569682,0.45809470102058913,1.631672670814781,0.2745032731071141,-2.2047762084176883,-0.8821072931427189,1.1467650651382075,1
0.9224490889178412,-1.2247390888878007,-0.48883123814387736,-1.1037140422077931,-2.234766359090474,-1.2877357083296712,-2.9283585900151676,-0.8820860047238751,-1.2465218838312986,-0.03569424848545788,0
-1.1643457851247423,0.8202565208354018,-0.6569291947494694,-2.218137868029172,2.050994252614836,1.362731521408007,0.6018925323589324,-4.369352481151707,0.840368820426056,1.9922889289004264,1
-0.9637224709909079,-2.1183251621650347,-1.0833252609130402,-2.982860594396856,-3.0343649560820385,3.7839408988818435,-5.574902743636587,1.6322817485593635,-1.3050440031429171,1.8594604668279002,1
0.056889220370129126,-1.6477971818797792,0.9999728306429334,-1.9176612256903791,-1.3899412119880443,1.421413269012005,-3.137584243378532,0.14630363639574373,0.34474457819095483,1.3570275629848028,1
-7.562831238295864,5.195668330925775,-0.5661469398585538,-1.37549846191021,0.05659660335767125,-0.519370132044314,7.084674588541698,1.4497095815794978,0.216094866352704,4.005852253433834,1
2.87294966832897,-2.2697550320785407,0.02539465250022721,-2.143328539397702,0.932656308787169,2.452617517673824,-5.725363738846469,2.9732062383569184,0.059704439372370216,-1.7700288804876876,0
-2.7151590492998614,1.9399718899141885,0.6709369388102214,-1.7948283910664835,2.484293354093925,0.6458476314198236,3.374012136334885,-2.3548242182120376,-1.135488135927236,2.838547018381033,1
3.899977742194624,-2.636471136113153,0.27145279427660823,-1.9060599949500003,1.7239231184193013,0.6533725523427999,-4.8026656992595225,2.296856839523226,-0.6141259682265786,-1.6945197740155917,0
2.6819612341257906,-2.925442613829412,-1.0756676095682847,-3.423693602180326,-0.08935627676423707,0.4397817726898532,-5.580395399203895,-1.8448901426559199,0.2979146051656283,0.605576463680034,0
-1.6583553567244553,1.4993161959355494,-1.0291623331365496,-2.1496586311626165,1.0556718453569307,1.956026732120442,-0.6279680400408881,-0.7565902596937634,0.1180523244147983,0.41179590490353,1
0.8767192843210255,-0.7339391544109719,-0.13160363825591959,-0.8185768085908953,2.88639374983715,1.1805428933129072,0.7451346793424111,-4.23338215783822,2.0308815549228307,1.5463904142462188,1
0.4268187649214041,-0.44907236620036706,-0.35128016685000674,-0.48681294982038037,2.692932328245605,1.3760002454614895,1.1246632097023375,-2.7095125668286273,0.9593309562258,1.3820504299285252,1
3.290141276125011,-1.3119011951511257,-0.5498536065274171,0.559348006884024,1.0553811920556881,1.9727819527456165,-4.08764377647975,3.9474302688388287,0.456697562490096,-4.022317515311983,0
-1.2767904199546432,1.059651036847324,0.8754094254177619,-0.8430128951875855,-0.5959012736483706,4.116631225012027,-2.889256873096593,1.0098419579439324,1.3422715921519406,-1.4931192638991329,1
6.084879072706111,-3.1319814769310117,0.00791833987300527,-0.213045827383177,0.3954309066849966,-3.568066992599872,-4.270978576259351,-4.787979997570206,0.38289978573293226,-2.5440299875265233,0
2.5829653278781337,-0.2419979827407741,-1.4904694033346533,-1.8212750048677757,3.074339096976309,-2.590317932425232,-0.7859786970808528,2.3309779977126968,-0.6985896032416745,-1.4952997928736247,1
1.4923963862872425,-0.537709866124323,-0.2109724946124373,-1.4701605357420546,2.0812046793301904,2.3801646328889046,-2.9002830722200894,2.2930092837613887,0.03782522791170415,-1.5893650658902896,0
-2.004103608215691,0.14459778329483775,1.022522815599407,0.5132350720393455,-0.7735200494377003,1.0364605468882,1.8408793257751008,1.2638319406614744,-0.14388601621784777,1.9595545931456253,1
1.0801104665619632,-1.3572669791430836,0.3096366151104175,-2.672183341384674,0.40716542005628664,0.23773500019380678,-3.0602022496008185,1.3177564429393316,1.7742257245145796,0.47817938590887854,1
1.7683732897271631,-1.8997208808909967,1.4716694130232464,-1.5025510973162293,0.6917094532013368,-0.24975203914203803,-2.0827769802604115,1.4501256132853886,0.06271380898291594,0.44997316779364005,1
-0.06628458896433848,-1.6611479085407215,0.8615301965088477,-1.4722559018432406,-1.847860058343509,1.1331420928232143,-2.9643677882608497,2.6837661854151875,-0.44964573618608233,1.0020133347457816,1
-2.3822257546578753,1.638666445662762,-0.8955024521213395,-0.8606509603280242,2.011761675689657,2.0680445276499126,2.4146475109203758,-0.7182071042719621,1.286307121608803,1.7067295275223955,1
0.7452676109078102,-2.2137002246761357,-0.3085915214863439,-2.2126061415803955,-0.9453466661222857,1.3690840334844376,-3.726097082624848,1.933777555796622,0.44845906189263157,1.1195042104736208,1
3.432280096392209,-1.9430898518089756,-0.3600148598254862,-1.3896591252889592,2.459278369626258,0.7447030306316043,-3.409639867495444,2.496620700446576,-0.7007245777190404,-1.750989448027381,0
0.22692508126594443,-0.28117695694138667,1.173442915342614,-1.3485846725137174,3.2550856962014882,0.6143130950254755,1.7521692540524907,-5.312910165821005,-2.271613783978662,2.4733919892613123,1
4.883737374080981,-1.777661513807631,0.2744750043194891,-1.4898146903808844,1.244729763651128,-4.123051085300838,-3.4192820502760646,-2.8171932869447125,-0.09541274911381074,-2.3462799597023984,0
5.743669376618952,-5.1508216304314836,0.8651614867964222,-1.2381249534982155,-0.2173336049214447,-1.948128255308761,-5.180095736813241,-3.862130539893548,0.2497904334534407,0.16749034749134672,0
-1.1821248768007317,-2.8283480355411252,1.0846399127791726,-2.109319540953748,-4.291860407955152,3.5253825145234368,-5.033022369642288,0.9482608674599324,-0.11089299723893983,2.813004920853203,1
0.6403605284950108,-0.12231280730811922,1.309848411660418,-1.779247468639452,1.6540374739303694,2.154487302925805,-2.1334282734403733,-2.49796522508126,1.0341946707976646,-0.22524661004767577,1
-0.19499765400772057,-2.6489765463988046,0.1704564224822549,-0.4669780076761454,-1.5458238184420414,2.4786102001711616,-1.7027531653468952,0.8349779769005646,-0.06990200607602572,2.6556368043242604,1
-2.593264094709775,2.3235573794989857,0.3835978811834191,-2.7364906812903405,0.8984712254127866,2.7328272768849557,-1.0125043068361654,0.18834896011025526,0.4775761113970074,0.14452205124636697,1
-4.018941605099006,2.6640043469596835,-0.6755183781824743,-0.6923873021959284,-4.702769840193392,0.8353157726539706,-1.6814857326192267,2.9444746736624072,-1.1159351683896994,-0.8940514538352538,0
2.5131513744656733,-3.1405713711337575,0.2276393992468176,-3.8881441580049185,-0.14613798930228517,3.2936555431929984,-7.930823472751511,3.944282580945788,-0.6404499757293803,-0.738829792373384,0
2.8127537827643576,-3.2443897339870222,-0.12878767590384546,-1.769202337088788,0.6164079161073719,-0.37127982428355155,-3.0191335160701303,1.0762852300926258,-0.23572946928579877,0.9640976198344028,1
-0.8569193329308794,1.2247846010376167,-0.6343275602950759,-3.6288372687898316,0.862578126813491,3.090073985887293,-3.8601965451431073,-2.070315024894655,1.3060868702483144,-0.6283677485279275,1
6.212384862736783,-2.4094360776340444,-0.4519837469385462,-1.9728316604870395,2.381069058542863,-1.332357953594184,-6.49652158776997,2.2919159420678277,0.347488584140919,-4.6778796478696,0
4.288493863549594,-2.8884498757731194,0.7886845446289292,-1.8075793833116882,-0.10595148095924567,-2.2649300593875408,-4.704487130680051,-2.5747032194186765,-1.9795770714391225,-1.0414784270975537,0
2.8686994732740483,-0.5661527198750365,-0.36516508141544946,-1.4046648025824005,-0.6415900191377522,-2.550879533864204,-3.9804204253477127,-2.892342002403122,-0.13231491652930216,-2.545499566993335,0
2.2650643303471867,-1.8334885993496437,-0.41017019023107754,-1.1207202838142643,-0.5203266464582672,2.5330806743900203,-5.545738445079391,1.5532160118788318,-1.0773403363065117,-2.091850252270633,0
7.4461618402114205,-4.041585137630129,0.783558079083946,0.7765054081170999,-0.2600165179698113,-2.761609565176135,-5.994812707777521,-4.919931777288729,1.3033449887867108,-3.9570657257119843,0
2.2693986444990975,-1.4454346506134566,0.2271484375512827,-0.15083450420128863,4.139874590898246,3.708732095761908,-0.8989998513241453,-1.1909000739233704,-0.6161836055534412,-0.34971693081885236,1
4.6410843092714185,-2.6243464277433173,-0.002854243831696723,-0.8733655515491494,-1.0006131995871272,-3.2086780662666525,-4.747963249697257,-3.352117786129763,-0.9730751390103894,-2.071253748783873,0
4.890810285605762,-2.418819407623002,0.9483928129882035,-1.2999122360761368,0.6719166583848768,-2.272416173128178,-4.595329283574523,-3.4936321062489046,1.9072942576819765,-2.2124879443398893,0
3.8376310147011985,-3.4253154443642555,0.9562491502006394,-1.7545471448633176,-0.32929869851403426,1.264790781700334,-6.3975986937588445,0.5885606597806778,0.47505673125040004,-1.3704953367665735,0
-0.3413088538050259,0.6279494093207877,1.925075829863089,-3.0112425220689207,2.197550469390528,1.829944892506002,-1.4721274812844447,-3.1965070483728857,-0.3381984166358274,0.7539503387759527,1
2.7168761553525234,-5.286204209366641,-0.5055895399975447,-2.1308046637648355,-1.0475696279679998,2.0943477963298167,-5.104911370594474,-0.4378230995988779,0.09411677168073421,2.8346691646445468,1
-3.9186868768898857,1.166228430303779,-1.043291205661538,0.4686871082477535,-2.4158716774105,1.7561964354211144,1.9299017709113246,1.1906007952841628,2.0238796174855107,2.3314162674750754,1
-5.173832183929071,3.7333751447096133,-1.8000568117798457,-2.727181565278629,0.7427055783408649,-0.21884145881045725,3.919742833500377,-2.3699761502358347,0.11721725607293776,3.4332698415919203,1
4.450760600303158,-3.60393025239316,0.15918182118326307,1.0161819642446295,-0.7900664326396503,-1.772954068095033,-2.8762578111781427,-3.070312240792516,-1.909119651113275,-0.8130067644782534,0
3.5739120922339676,-2.059377400211579,-0.7496751119743646,-0.42054965636289676,1.4631127289982826,0.10672451866408372,-3.12529268840333,1.0054807996546893,0.9565799310177128,-1.9007692536953167,0
2.461574750387219,-2.2512129852600897,0.20419746861408708,-0.24156544740765984,0.4652142262216661,1.654316488455299,-3.1602542853228757,0.6035878917024544,-0.2930006033312716,-0.8406577784603089,0
3.0459350151370583,-1.4817467015758727,-0.08009339349343572,-1.4626645878002003,0.9841460419408219,1.5300249792010692,-5.1399607863605965,2.202114188059628,-1.0782252255970555,-2.8367489344350676,0
0.25881787087606106,0.09524045246190327,0.5748525793953337,-1.3772616944362397,2.482174012670367,2.1196465352505456,-0.6303888370276776,-0.3555074671995959,0.7262084217059598,0.10711745658957761,1
3.318683379097871,-3.4846361011406035,-0.6058085741543605,-2.8767971681667226,-0.10600575631659859,0.6414081816546333,-5.873648681379619,-1.1595821795033499,-0.7749325381750329,0.23733475238428503,0
2.882065424203321,-1.3771259042753556,-1.5059339950067847,0.1354810941643485,1.7287944843976173,1.7519157992743635,-2.9081570382087008,2.252620652982318,0.7914083074850622,-2.5472233298144755,0
3.1479971137514413,-2.3716485457847343,-1.4269238035023182,-4.707752563783242,-1.6621859784254094,-1.4115759779003614,-8.111867978947735,-2.15470276527636,1.8286422237434827,-1.0137315715873305,0
0.8350740899276204,-0.35399964137363593,0.3930227833047259,-1.6042266884236942,2.4702920442541467,2.059326530377346,-1.2069299118400574,-3.1772430867743306,0.44132217772987986,0.3763695496670938,1
0.22817829235137005,-1.7226086796650524,-0.7510296034113052,-1.9218049271860922,-1.3225002084830906,1.030780951921661,-3.102613124356885,1.3104735117834245,-0.16309383857185028,1.1861639018357548,1
2.45348657138054,-0.8199812471677946,-1.450934342684909,-0.6700934521991452,-0.6731706007342318,-1.475644626568263,-3.4591728347515267,0.04591821370048055,-0.05030439620758712,-2.41051637920938,0
0.03056627225076773,-1.8924785104728739,-0.13588414606669152,-1.931415666852189,-1.8541139551215848,1.1339287540567542,-3.354149443557655,2.083121784397263,0.8760243380191018,1.3312440596389012,1
-3.326436088691217,2.3344412422643215,0.6289170608741751,-1.7643110212756172,-0.4628791487320918,1.4174903708286606,0.585780265889036,-1.3250746351797602,-0.30910801645309155,1.2439930539217834,1
-2.615762409864229,0.8600411626341211,-1.9844090176000075,-1.5900677059774155,-1.865916023117261,2.260466672384405,-1.6176492109154499,2.9930117434887236,1.5326394676495383,0.6806997638027373,1
0.5532958274226402,-1.7433332591225297,0.736326867412079,-2.1126535598249045,-2.047429339708156,0.19318057036809155,-3.8575628492478735,0.4435869208275991,0.4095207618629686,0.7795560928566826,1
-2.4854548623030435,2.32523798440246,0.6405818559353188,-1.629966205623418,-3.373783883608688,-0.1906381819704741,-2.4801689795699886,0.6249261811825648,-0.6469951699892853,-1.3242875032011603,0
-2.9462003832509045,0.3852539025819195,0.9915126520227832,-5.131994683150112,-3.953494982278229,1.631553987660709,-5.679374101854586,2.245176851589086,0.35793227812345724,1.447068565396171,0
-0.9821214787039826,0.6809271790354348,0.5535059868540404,-1.4200073153728037,-0.047335979536180295,2.4924312439878022,-1.763412264966646,-2.836388885115218,-0.42143224839021776,0.1440667810095062,1
2.80257432056949,-0.9364703006561272,-0.6021793504688688,0.38951889468247747,3.1054412412729833,1.4379763666082408,-1.3169712585664595,3.0453533438326637,-0.3766841534307651,-2.4342545092493686,0
-4.744296574475623,3.6870526469362956,1.2673951828291294,-2.532276477909619,3.1932462597371902,1.1003475558910587,4.892194308150434,-0.13160596039814632,-0.09073209054713986,3.2360115996884256,1
0.2935842766861071,-0.2718529377550254,-0.023871068746969946,-1.1296488431865892,0.9015668602832265,2.237700328378556,-1.5972752933138727,-4.455350458297641,0.43702162114296916,0.41832137123997115,1
1.098718077892978,-0.5866233255000495,-1.8107213051670272,-2.2650309525683054,0.10440075457878217,1.7074286549564248,-4.163518151488653,-3.1996641456766923,1.5702922982743863,-0.7223162026854673,1
2.6806928456389154,-3.7217964610644203,-2.0790067910629206,-1.8745830940526609,-2.0517037795495163,-0.8955809715333146,-4.8831203028675665,0.6548841897938367,0.9004555810108299,0.8103372590982882,0
-2.5299429776766087,1.6040528939598788,1.822683773226184,-1.2794595427200357,-1.4947208403145114,1.4300020062255427,-0.6281499022307572,-2.873495501655003,1.28346882899372,0.8002158033968111,1
2.67583403323318,-2.6518966847103815,0.869959269366351,0.8204141311446809,0.4859037305434146,1.2920570264878561,-1.8583765633238103,-1.5315206178756378,0.24895673863819942,-0.14184284533173863,0
-6.072616194802339,4.224469448882561,-1.4151250996575062,-1.8120638025208162,2.9322378275934646,0.09346781815658711,7.6220136134965415,-0.41534943075178843,0.2740446038448129,4.7342150924381485,0
0.35995441085359486,1.1838901442155816,0.3918506029578167,-5.601114570014595,-1.8466718457588904,-1.2150023800798047,-7.400197923177798,-0.5515940382994091,-2.157802092700347,-2.4797792318711562,0
-0.18711535688389558,-0.7075879821850911,-0.41826717485911596,-2.627415282031179,-1.9461437144485338,0.9589651359535648,-4.335326659437335,1.396714306038022,0.19609694022873572,0.004403472912693385,1
0.3481343984923782,-2.929387789314605,0.7041972061427514,-1.5072503861711144,-1.5924304569837933,1.8583483382513484,-3.051203360044242,2.679474764635273,-1.6088486744468955,2.1932425791884342,1
-0.32450275711680315,0.31537780703150875,0.44935281754134754,-3.436649128576166,-2.243393560740482,-0.7289866768360966,-4.6893853032471435,1.3562616951469604,-0.465032339520143,-0.8640220465077215,0
-0.550224895969166,-2.3168309997445906,0.28461595346505564,-1.6416296103293988,-2.4104810044856624,2.6444619222327637,-3.6502159356131934,4.3707288711227665,-0.164240132075162,1.7053855249616503,1
2.274882415018717,-1.3336276825055768,0.1147348742649906,-3.440573589382047,0.2866244882125226,2.9912488966378388,-7.643633134479578,3.6796677998432794,0.879400580053997,-2.828600652030091,0
0.5842330077162132,-0.8829241252720749,0.9533103097660115,-0.007674833061086073,2.3573438796308723,1.1305231008557912,1.4467085488548037,-2.9735223881858444,-1.4409808153590788,1.7337468728525636,0
-0.9294092263646646,0.543017108780273,0.12287856012666729,-0.6676886037041868,1.9302210108890976,0.4327374230123122,2.1810021063765603,-1.9361571124303951,-0.08848365209126866,1.8245673840159597,1
-0.8286878473996157,2.249754063677945,-0.6359894778305586,0.16041333497661214,-1.7212434085607702,-2.048769696187117,-0.399549761675721,0.5176555061808976,0.4264166874443022,-2.432879427156911,0
-2.921441110751607,-1.5134172629772316,-0.1537686703588866,-1.3039372343656757,-4.189627826656498,4.682659568572809,-3.4086672702773075,4.489057643286682,-0.9661142769482137,2.5494841023010317,1
2.971599199363689,-2.06902580892086,2.0749225014902657,-0.6400495490743175,3.006163889149502,1.4277744908626984,-1.473191188472981,-3.5429714002753108,1.290192549937319,0.14399448962514194,1
-1.7602721608431988,1.3360417476082407,-1.3645289830360323,-1.3517301379319622,0.8758326670720137,1.6617436862713224,0.39805947457847357,-1.129950596873289,-1.5921323341379825,0.8490218156009928,1
3.399503179821046,-3.129060171509856,-0.6117020747295147,-2.9200379997866035,0.5398549615020951,1.9381979993922085,-6.715068111587243,2.6072947415538437,0.8950964627412832,-1.1797318248574817,0
1.360286125505824,-1.7037227213213604,-0.6108877920708671,-4.0257553735429195,1.0597283375456383,2.7724668856631887,-5.591112599476304,2.291206038193044,0.09047884735451558,-0.06272082438786475,0
0.607101555243018,-2.6098299558358855,-0.1783695923664053,-1.9747976449325058,-1.699004783096647,1.4471848976281527,-3.9418815720596756,3.3304742856434557,-0.15767558463058026,1.3003358900736393,1
3.6013624868489833,-0.8869104346102802,-1.3293212819150324,-0.9288332817904986,2.515134184811995,-0.1196888955530957,-3.108499924790558,0.0026523391003996366,-1.248688327662228,-2.954325922022176,0
2.0298693034742628,-1.1272380516158118,1.3100412066568037,-1.908116276805102,3.5807445154679645,3.2168440832144114,-2.5152541864280664,-2.200327476994233,1.2852852123783778,-0.2996653904120212,1
5.384530925212448,-4.391952605426145,-0.33521279317691743,-3.3840383574184925,0.15483969659087626,0.798806021021313,-8.954826248906775,2.7461684895296123,-0.09069916131847244,-2.1562437137920583,0
3.4559600520031575,-3.2408165067941805,-0.7986140101436061,-1.564655882697994,0.2748595177420292,1.289850637406641,-5.1988472606660325,0.7330281297044398,-0.17496761048237716,-0.7856805331458093,0
2.776724353016392,-3.1009945916560384,0.8708887535465665,-1.2709563038739793,1.3003649686724787,-0.5457498443049342,-1.904796087102399,2.570065347236115,1.316863389509753,0.9369192210177957,1
1.1482833232717324,-1.8579462955820218,0.04105436843104512,-0.22172330714114796,-3.4443339682330785,-1.034172413430436,-3.3347374090826216,-2.227657194744249,1.8837240553452008,0.04155253540409465,0
2.743135332196092,0.7070375326656246,0.24610641578230244,-0.2576038299978589,4.379451069700037,0.6759374842659579,-1.042418707377565,2.3963172155618957,1.1163614518342975,-3.827192982786242,0
1.5641404906550438,1.1458518742488977,0.44243691288071474,-0.255950793904862,5.855195831961674,-0.02055592830920805,2.4763760770368535,0.5713493928909854,0.580091726498003,-1.3373456982218472,0
-3.513387140445568,2.621654722920555,1.8421221078883918,-2.4020452933397043,3.8670726931412918,0.00450306589854077,5.415310253671713,-3.0672352413598385,0.47922755166995484,4.137264456594705,1
-4.401019418083061,3.311950951242581,1.1024326416172194,-2.1484730198031743,-2.1780903130508,2.024173552958128,-1.0306057030498974,1.2400473177507052,-0.9611550352626188,-0.052987131161289946,1
-0.13601101877590427,-0.45728711422916657,-0.6652477764685184,-3.2394951431047807,-1.5364129557266504,0.8335451763941023,-4.533452180667338,-0.2705969038172231,-1.0790360311459615,0.0972856416618828,1
-4.12746432818984,-1.0922894000110488,-0.6229437386484142,1.0267648459382297,-3.278106698624909,4.3684831284689345,1.3930884981618359,4.172035301769692,-0.5356757166597507,4.291117451098183,1
-3.4396271814904744,-0.4339795951527188,-0.2490197436628734,-0.9984329776577908,-4.039175467805322,3.68508823785685,-1.959140028492496,0.45337436905486816,-0.018266049166709257,2.7576077914582005,1
3.7549306059940353,-2.457684996405839,0.6790860184158487,-1.871801662269384,0.08211633679196284,1.51502991556944,-6.875413280199388,2.64885032226411,-0.33579055111002465,-2.948198051091727,0
3.5998933014860777,-0.7277946363122483,-0.7879509566025552,-0.6241044828627765,-0.5322918310212097,-1.4322426608459122,-4.899453328424449,-2.6054410974763558,-0.027558706080547547,-3.8937171267506088,0
-0.09632212968947287,0.31319707365168026,0.6659995470213681,-2.27097112795038,1.9605569717208664,1.3130487687844514,-0.874735462207944,-2.9128612973940156,0.10326850438008114,0.8224762614683733,1
2.0392128272503656,-2.700723645158419,-0.23258541064406948,-3.9533059273590405,-2.662515303799503,-0.0255530829150159,-7.480803918563805,-1.8508067791377627,-0.8853045561977715,0.1590728262880341,0
-0.8021513618468753,0.559391732728149,-0.7454768422990277,-1.6437855063097542,-4.540441703416549,0.6532439788390936,-5.503561959216482,-1.0245201036790954,-1.358205747033914,-1.8821232432412918,0
6.52776460065054,-4.067103814145273,2.311303586756249,-2.9880919896039453,0.1313625701803829,-0.2056434012301096,-9.882514090300791,3.100868220673474,-0.9947337988985762,-4.217878666528488,0
5.206261728813574,-4.206502733791183,0.38172399009546853,-4.317047007020899,0.4938879579353552,-1.8845811521737446,-7.261918795467377,-1.8635626638784741,-1.439754335347413,-0.23042311228997114,0
0.004495576912752136,-2.392323793020274,0.5072913791774434,-0.31540302321592173,-1.091993087827047,1.5824174098807533,-1.0571551790234195,1.970531779112464,0.6572850086940829,2.296069205969541,1
5.51849519518238,-3.54460234605519,1.0894408315803183,1.3319087685958575,-0.9455106890869452,-2.3086782086097006,-3.9528787230118057,-4.032647802421973,0.695482084644993,-2.357111749812907,0
3.6646192340240766,-2.1392581600920457,0.0033137815325484914,-3.49012290959059,-0.10960208305075048,1.3371886164471736,-8.452942260445514,1.983112029826494,0.5886118460328457,-3.123324464455748,0
0.4291529111373941,-0.8795810875251044,0.22865777420419428,-3.784496953082837,-1.4585447305012609,-1.0579189867894474,-4.271899719017994,-0.6003981476625896,1.6849151796680646,0.6549456879320084,0
-3.314433854554926,2.405147495880655,-0.6874571386709633,-2.1737283839795554,0.9190310746832987,0.792486455480491,2.0139052837543208,-2.727803724889511,1.2850398951980293,2.2979988871784425,1
1.1841241844146686,-1.0134647601704945,-0.9337167905851166,-1.323718234148722,-2.691492054552292,-1.4536400834552947,-3.93329390174419,-1.798827990365774,-0.21778386129827348,-0.7932013341411572,0
-2.1308380597217713,-1.3674119380376095,-0.3707448115871774,-1.6933742901874231,-3.4129684607409336,3.329400329464499,-3.216503911697356,1.9945326144972997,1.3015334610822733,2.3719185620472696,1
-3.8583902722299266,3.0339208960796062,1.348230044425131,-2.158945085863885,4.429349767014106,1.405874495942814,5.289334725251476,0.6309021787668612,-0.9961033363896793,3.221680497818815,1
2.46309232272937,-2.844021603217258,0.7414150946621048,-2.3449995837562496,0.17743883017766726,1.7484954055378894,-5.054129788477777,0.34152827065204683,1.2339138775909277,0.07635913373716763,0
4.553837800705902,-3.0120356705288387,-1.2053820793020622,-0.4271510609274096,-0.34153585328344094,-2.1434517214997904,-4.149202779495596,-1.3323833939339291,0.33254680995681196,-1.724707391133841,0
-6.609636525752228,4.742482052155324,0.043469775472613235,-1.5615015104754522,1.4782566916897641,0.7388953262030987,6.336650254405415,1.6596630682524771,0.6288307169074809,3.4561357939426527,1
2.297505469411357,0.10540150408921334,0.4259152425620742,-1.798676181200858,3.2598460762979626,0.9153340866351319,-2.713987111144279,2.894505564494972,0.06494838388705174,-2.8226028816173265,0
3.531073635830922,-0.7854999675340373,-0.5515268242807339,-1.3366030451679558,-0.1059472410781217,-1.5056064540246283,-5.087675388568779,-0.43239949714163184,-0.015490022116927378,-3.7555966967671597,0
-1.791724548710888,1.3189110122413572,-1.8268444656712335,-1.9247536598395922,-0.16603400190436002,2.136256463435516,-1.39228347891116,-1.408169819223679,1.09902993258149,0.30540171652845705,1
2.342262062458179,-1.194464638767892,-0.04624580089035779,-3.0042520042459606,-2.0202573664716614,-1.4139473928093949,-6.495528254010932,-1.1483441982657716,0.744529923983464,-2.0196954663212496,0
-2.2968828223648443,1.5802578099078761,0.284482462996506,-1.2400065306321848,0.31080199988058244,1.9290777808009714,0.4624396385008616,-1.8528387084089855,1.6638880724084701,1.047457996386981,1
1.834286519201859,-2.6908508920944803,0.8628588414252775,-0.7174677318196344,0.2144597035669824,-0.1399393557590587,-1.3796503419259334,-0.5873717480274707,0.18351446075409206,1.571611845391738,1
-0.14980566477872842,1.389636923566592,0.060754655714501685,1.0063343371683207,-2.424358325734398,-1.5687219643674624,-0.9815969215074677,-1.4560438878403104,-0.3578035998711483,-2.4396202415661827,0
-7.224320744030826,4.860436797948516,-1.932036950086159,-0.9421327364639276,-0.7126826305910368,0.27076961127812327,5.9273010676671465,1.1477480008855174,-1.2028123585469184,3.3358248660773526,1
2.601630032831056,-1.1399720015245567,-1.1107891836563013,-3.3553290958249415,-1.111557334395833,-1.3083357572983814,-6.4279342695274995,-0.8877532538886646,0.19728529119858065,-2.1080831579897916,0
5.302542198679614,-4.541222789107099,-0.5279280464329243,-0.9550156009700047,-1.043937828582298,1.1237725757038388,-7.8279797036021295,1.53638861869897,-1.0823991107019761,-2.484063356911351,0
0.6929311913109492,-1.471479792195968,0.4948260207117803,-3.0646389420272975,-1.1704083660946092,0.8397531485796735,-4.650985194796236,0.18165342177564936,-0.5193677110823623,0.4584943746933321,1
0.8102685053316754,-2.570799201143243,1.765707148506563,-1.1182981420746851,-1.1561817390753073,0.9509589731044601,-2.488144316319272,1.2925817127534878,-0.5804781804461929,1.6452126937058338,1
0.4860372176310239,-2.0078775188329416,-0.8209015268560932,-2.4538642879428942,0.26178956306854895,3.3153385019096535,-3.664943594139678,0.20375108234702277,-0.3013879166394584,1.435280842264556,0
2.678189129007488,-4.146403221792443,0.1901362449020588,-3.1037230170503056,-1.1070338865270872,2.3844604784646877,-7.000454366028305,1.146070952540307,2.7064695734887576,0.7958382669488158,0
6.891148430063493,-4.548523719669806,1.331746056956171,-0.24148904156036144,1.4656230301214364,-3.1634187599528385,-3.8892554329994553,-3.8666090521328784,-0.889738750373621,-1.3639084065061642,0
-0.6871439902503643,0.495633341958547,-0.49929067929880716,-0.6270632342775085,1.4695682317875984,1.9943320073875324,0.31309880805671403,-0.516795955094423,0.389214166993086,0.49117174357055715,1
-1.1349336596301123,0.3979148162968593,0.9870692442752159,-0.32575328538638204,2.169982922650745,0.23277685834115913,3.4048137436421144,-4.172091502939385,0.9353033453805998,2.9104761167780424,1
1.2008229023219736,-2.7853824721515146,-0.00015677064726898063,-3.839450265646354,-1.8916518664425883,2.353110190395912,-6.915876355282008,-1.2639933662443692,2.6567283494641583,1.0729888311330706,1
4.061105505841957,-4.283114115876991,-0.0917842896280856,-4.3928845555026665,0.08289504772898981,0.6624921217225449,-7.597168301572489,-2.792059168513907,-0.13407461084727904,0.7505638102848284,1
1.5673070271599379,-1.021885284061276,-0.688505233070774,-0.8366817292600311,3.7391233747494206,3.0197517831375666,-0.6641820699928436,-1.5523658672118832,-0.3368490973137053,0.24896325962478594,1
-1.9106710456785516,1.056554964077693,0.8719633817672413,-1.2576514691355691,2.8252742461175635,2.9783096856717153,1.9359968889381847,-1.0696503242038062,-1.245068253983848,2.0394136404337884,0
-1.6072433149716487,0.10931622215329773,-1.2832516215982426,-2.697989347131843,-2.9513786032932394,1.5890508636664675,-4.025724452485763,-1.2361006623633335,-2.2276461225073305,0.6827603235304921,1
0.9823857014296407,-0.1951141437622006,-0.34931606368447105,-1.5603997912961582,2.2653744373840796,3.5813619511388888,-3.225768287633132,5.087906668748651,-0.9374606876851576,-2.0894499896138408,0
1.1913074172935028,-0.7812960366145647,0.3547999477473889,-1.1853234681605858,2.9626512689277673,2.6923764810742514,-1.4193069593544017,2.9814069921273227,-0.7307838340448287,-0.5203794864620179,0
-0.5750296777223967,0.4205760041072355,0.3914343449942616,-0.5455867962038871,-1.9156615433642932,-1.7620723971764989,-0.6449097168004329,0.12655431062077915,-1.7550897414301345,-0.08254388966499415,0
-5.217209833208835,3.953601930264013,0.1273806344672715,-1.8405057992596154,1.9655183739394884,1.4212144501340527,4.508710816970702,1.9484212274553276,1.27038602812898,2.4490815928071754,1
5.7813018068582,-4.483122376226448,0.13071971171144806,-1.6922546488093113,3.357141413772667,-2.7272831668507163,-2.4396119322465872,2.453955708828457,-1.3036068420696652,0.18454211086187033,1
-5.945855140273737,4.488513938039475,0.22038281974204063,-2.5955585618434913,1.3882992731477901,2.289629095908208,3.532348698388084,0.35883138348965504,-0.376466527081863,2.4771508074087354,1
3.1942358527995935,-0.4705971005760785,0.8492500865931712,-1.3680737139303967,0.34551271655929083,-3.2028628229942346,-3.1536356758806274,-1.8941472408471072,1.1882167565482367,-2.6384478851311264,0
3.3132094815549578,-3.416281383501236,1.3383685495365274,-3.2135014449001478,-1.6636707550337317,2.2842143442159646,-8.98997814685508,1.2366360750569403,-2.528715764293775,-1.607008160999166,0
3.511168379828982,0.044187736958851476,-0.29797866679203067,1.269221625171518,2.972588526983648,0.03748838174746427,-1.3437549984958934,2.419591205441217,-1.6454760870359149,-4.6135524669740775,0
3.3282536366654063,-1.4678779159347422,-0.1539272783239065,-2.716494681086207,-0.2742099432966174,-1.8967471783543772,-5.496483204373487,-1.0600358049890377,-2.2650781819055688,-2.1285288721450923,0
-1.881035760439053,1.889339545128629,1.4183074699259375,-2.2396637638019925,0.8660783823923448,4.439380275998421,-2.6000709000925872,1.6922762937208455,-1.4106120061186107,-1.209079481543756,1
1.9300625050766058,-0.30581245885211294,0.5165849695700944,-1.6154295134825876,2.0788720226738384,2.097351684405763,-3.7059799005537313,3.2120360817642277,0.9215169693346942,-2.6861638965589627,0
1.6521689899985992,-1.3982710085805534,-0.8254095747162776,0.37185991763294624,-1.5202346372452276,-1.5850978236496802,-1.6387125707050518,-1.1019543470198931,1.4449064408682524,-0.5136206106175912,0
-0.348078421395164,-1.8193176889422051,0.9015165142816337,-2.099684250857881,-2.3420642352511267,1.9532327545446657,-4.090842924458157,3.326619441925059,-0.7592721496044921,1.0884764054687655,1
-3.5575171449063285,2.2155307629773473,-0.8516907263409009,-1.2323336835858665,-2.307530946925158,0.17387835139407115,0.5348825668521388,-2.0172361846116296,0.2339680303023632,1.3696383670032968,1
5.300736119616292,-3.452080851364186,-0.2879945478850487,-0.47394003105371163,0.15412130205324703,-3.4626929122135937,-3.596813812204713,-2.5422328079220655,-1.2235292186497402,-1.3068726318058115,0
2.2902711521871595,-1.7944126325918064,-1.710808116317977,-2.554673822219066,1.041673871279178,1.2998440366548265,-4.466947514288527,-0.05833345085699593,0.3087628210367523,-0.6018682873134872,0
-5.162515147043158,4.154218555952486,-0.3195766085961834,-2.8462657898721426,2.2899234908628556,3.2643561202152127,2.4225545555399144,2.9495699831493445,-1.3571274196708971,1.465565617440389,1
1.1636612833950861,-2.7308232284164617,-0.9123162473186384,-3.960531222313966,-0.5451722326845925,3.3079284832093476,-6.419291448778848,0.49581057047301336,0.07379216989812779,1.1218265850532791,0
2.1748499806917696,0.04238271591174825,1.4397357460414526,-0.40085520841443056,3.413972896644355,1.464162548797388,-1.3909253837979392,2.4827935078290557,-1.6094141434174631,-2.6686464320639365,0
-1.5499918932479582,1.2279223121336638,0.13171682309422456,-1.1919878052160509,2.5943492893942968,2.3745889724214813,1.4908320505702415,-0.5987200450288294,0.16770632411545522,1.2147091264622887,1
-2.3382080962519387,1.8947138078830614,-2.0064726150369934,-2.319371342415389,1.7543143847459364,1.4590469447367465,1.0547483703820502,-1.5983619631718982,0.6823570129132595,1.558708909467786,1
2.371214863567126,-1.5158643018453657,-1.4665115847458894,-1.4896372119154275,0.7324374523124636,1.7463737126343086,-4.443531311008852,0.8939532883272898,0.02108763563267661,-1.7034236131201692,0
0.746996112599964,-0.22209172469927463,-0.24271458844876684,-2.367672099457434,2.287458330217276,2.959613294534182,-2.5803058557026337,-3.9508223655040444,0.6305308163254753,0.07254108044891017,1
2.163656920476113,-0.7593820914031304,-0.5529594331405667,-3.1388732762021654,-0.2535230064779208,-2.608371769703929,-4.231081947659886,0.9485590255270631,-0.6586633472108137,-1.414281497758657,0
0.4422752468720745,-3.496812383759247,1.2670730034460251,-1.1863840096938614,-2.1441011254944535,2.3410567470623054,-3.2497202574809068,0.2730919762883952,-0.10176596099376436,2.841148577420256,1
-4.73409053854888,3.32857944818641,-0.45847846098413136,-1.5516971415352039,0.15949172550134394,2.647553291875929,1.9429326503693543,0.5774152506142922,1.0148972539380186,1.4963112977250324,1
-6.398329656692728,4.778702694812257,-1.311126949731419,-3.113448486394489,1.723803352623612,0.479978378876609,5.143997449559048,-0.7491464812081976,-0.6010895660413919,3.771129511460911,1
3.6732202102946623,-1.5134511162035638,-0.3542363129064926,-3.4336404995237473,1.3996327894080518,0.6598390706810877,-6.846915335903728,1.6598291964984129,-0.9820084134190988,-3.0484324524411397,0
1.8914439443455378,0.274010964789718,-2.4291597625184753,0.42914562468000805,5.513012026580604,-0.3711282897585755,3.111601839755643,-0.35000257812136115,0.086953290111869,-0.44729368805455105,0
-3.145250594570729,1.154772631929354,0.1376278637080844,0.8421347598143973,-0.46661182702920745,1.751362805526372,3.0387536330307223,1.4207292109820246,1.4010465079946839,2.059098834761958,1
-0.31159814595485824,0.4641301746263584,-0.32524802519659896,-1.2713146437129992,2.9905846735828203,3.4499305547179255,-0.3800515172596221,1.1030716740163466,-1.640965401018367,-0.013943825953370403,1
1.0102226876037848,-1.5161618036459306,-0.6909928128398913,-1.7090861652042986,-1.9640239984115424,-0.4272780700238137,-3.8587469477842014,1.056972180030011,-0.934891526418984,-0.16277248507159192,0
2.438136256030636,-1.8487875241744898,1.3046566274067597,-1.8116013029455207,-1.015208373994922,-0.1120373175924192,-5.047927869085798,-0.4382357925755638,0.5067690725044746,-1.2922677177422917,0
1.6368985354478103,-0.7272671542742609,-0.42197686409230856,-0.5997976273441861,1.9163078250883572,1.858274736466084,-1.9326946101002411,0.9738080663411253,0.40529411049309205,-1.2662962835012155,0
-4.797696980306116,3.746600951182899,-0.9326596392412789,-2.7148352458596112,1.6615101397490213,2.0000238507640695,2.600214671486674,0.8543317039008582,0.5907808419262054,1.9765286675532945,1
-3.133909239967236,2.7018599458205657,0.1589936912553264,-2.9922884926236804,1.1487174444708634,2.3698422733295907,-0.24934254204726308,1.0852618725996237,0.2691215249597905,0.543735774438109,1
-3.3117376479485725,2.391577907712233,-0.6386331648454624,-0.8364669572319301,3.9659226442451407,1.133876034244362,5.825005809757594,0.3855758914013332,-0.41434802073730015,3.1655261846787432,1
-2.3248798176997085,-0.8900776617021228,0.5663222641683407,-0.6309116722348508,-2.9819765672889895,2.378508868151483,-1.1457156657796388,1.1916773523985782,-0.12135900801616425,2.5571279581969097,1
0.9922938651712334,-1.595877871172866,0.7938438452438367,-1.7783031424055649,-0.02190560492954363,0.4752902336325957,-2.443270872907371,-0.17144908392714142,-0.19277959793463204,0.868208713735184,1
-3.275374120489494,2.097901597056544,-0.006275232844126985,-0.4779260879318141,-1.510069897233151,1.1745437499615625,0.8899399233926754,-0.18970542194088136,0.3074030933418858,0.8137994146609838,1
3.1974153735927353,-1.9922631831458795,-0.887314365439144,-2.9226742419153666,0.2001619297631363,-3.013381972649318,-3.9304523657701638,-1.5606655590823302,0.8917642799146199,-0.3713026888391231,0
1.3517377472326324,-1.2401641582049303,0.8088922453701387,-3.9901158615280896,0.7416234355384315,4.19554224186785,-7.2840092752055945,5.38025025371855,-0.0644492788381574,-1.939977991765065,0
3.949138369573336,-2.9464198450884185,-0.9159445150945713,-5.3614633087609835,-0.10107965109146133,-0.5152417447802864,-8.722882116308927,-0.235528812265291,-0.05357919029682615,-1.1790773495903437,1
2.6562360096819058,-4.505236352750261,-1.5784249760812215,-2.0255447409004668,-1.0877524560524188,1.1991838684762304,-4.939140429973828,0.8720845637332395,-0.6378255221768903,1.7940688597307055,1
2.583871187326655,-2.4109312105670178,-1.480457111519996,-3.226818625912501,0.07498112065493912,2.6024565537139512,-7.193832234195908,3.703540357856456,-2.5271656040165933,-1.631809684064165,0
3.2927339773285733,-3.4416845008892567,-0.04922550734819195,-2.6653821770153714,-0.6424272698477494,-1.7979999691326531,-4.44648383301696,-3.4109159254879895,-1.4484453023830397,1.1523391694140779,0
-1.7880202384623516,0.043340789305401195,0.6951285715453335,-2.8171269708605235,-3.2229069225970335,0.5250847547041806,-3.479735902461099,0.09414163361904504,-0.6361687813528559,1.1034132154081036,0
3.650305125358095,-2.702231572627195,-0.5875357849791466,-1.4368093915713538,-0.2791383158648828,-2.5755044942456378,-3.6485580669321864,-0.22247523337576514,-1.0457106472694933,-0.6996817550644673,0
-1.7397041802517033,1.2847280979035285,2.0805453315952125,-2.1995024697349637,3.7576688810001238,0.9865580123003733,3.0472131915253287,-3.262264835716268,0.2613514372550319,3.0120159315223125,1
-0.22438321524116447,-2.5537885346702263,0.7159928975840948,-1.5362859170085366,-2.612501285292314,2.626106880423037,-3.8138496316503825,0.2941499584540548,0.4084462038419082,2.1116598507098376,1
4.4748815232726775,-4.317832401645456,-1.0530827448757445,-1.7589077970345608,-1.3679862410048629,0.5201767260771873,-7.253321967182412,-0.6265914465523443,0.3186630921757059,-1.0662883869204594,0
3.789772472478539,-3.042305945574504,1.1570066978156122,-1.8345955922327533,0.26294126230811776,0.5342405905852945,-5.593149718227148,0.8999229698901324,-2.029348130065603,-1.3730104274597037,0
3.5444901300228526,-1.503029420847677,-2.2322817104157613,0.17259690579281495,3.1262978855059895,0.19167936600910207,-1.3379654600785444,1.6318779494000977,-0.809554515797692,-2.0369451006026145,0
-4.041432136803149,2.5554433701895465,-0.08798606741139482,-1.3605198337806375,0.664416699274204,-1.3825393029537776,4.9702458890804335,-3.358439444438207,1.0459778543567126,3.9102073882941175,1
1.6868801880523052,-1.0329970053471556,0.307815013556337,-1.741944319876206,0.5822691579025341,3.701051041245341,-5.125290976148541,-3.1479470835947794,0.6366699411613376,-1.4668536018415415,1
1.2978942522123644,-1.1876822794641968,1.548665843194722,-2.215086319607939,0.39648676784193615,-0.30593039659645926,-2.808353475282168,2.6208278131224736,-0.6904741421912183,-0.18482835391703945,1
-2.0434883946023823,-0.005454430324014492,-0.44845009096976335,-0.9248636984111454,-2.065275103970306,1.212544026866701,-0.7762875807111145,2.164113902188749,-0.5340751993472042,1.478232894978949,1
1.3345364270767501,-2.2190151713474426,-1.4323533558887906,-1.9091747635429142,-0.3570654691322992,0.432351037673232,-3.131534615087732,2.017766773226617,1.358618539843817,0.7914986041624573,1
2.666481260446525,-1.039230798630838,-1.2973474099415438,-2.6879588186116763,-1.7177238372095043,-1.6771149692493004,-6.248115257285693,-2.1477349355776636,0.10274961130801535,-2.387019689824257,0
1.7034223670670556,-3.3283185592230033,-0.34842708534788586,0.30775433483547077,0.8372738880342276,0.6423289067916839,0.27901091201345296,-0.9961181740264857,0.23633300981270786,2.813389763069282,1
0.7971160588447209,0.5854566795936229,-2.342731486510062,-0.39259402593282666,4.078908532984898,1.0054822922106534,1.4536733455616693,-0.028303841497645088,-1.441497470503702,-0.41438282195530585,0
-0.491206493627545,-1.5693839201951592,0.457843907588537,-0.8657794053980256,-1.869250564000281,1.0740068517347616,-1.5804933053074557,-0.8977755681490889,-0.6261329643506333,2.0849843321975854,1
1.3485645901592993,-1.0965487423513083,0.15515197528065527,-0.5744740077617619,-0.7073628548444721,-1.33192834466073,-1.6350401742133525,-0.6664639706965456,0.7181576130380544,-0.18308551485968616,0
2.0110696568532913,-0.8799753167746903,-1.1753190489050744,-3.091588985332682,0.26205492896061977,2.2764376789814005,-6.608127989388221,1.2534286012067524,0.49414934480535166,-2.5042517485581204,1
-0.19125864055890238,-2.9587426319919947,0.22480248929562452,-2.3620658752453085,-2.737569495464081,3.136081798541893,-4.9938738746721425,2.8341676321926546,-1.2767775363839153,2.0865289142053562,1
-0.0676749816963664,-0.48029293111339966,-0.012594201208507957,0.0795876098775079,-4.037772816830353,-0.6104935137071894,-3.095660874512431,-0.22834523365004067,0.05317794790313622,-0.9661474037501401,0
1.286153083730262,-3.3952132310815935,0.9090963850983036,1.1186824535152446,0.9976102394869968,0.7335562682488964,1.7447890023962052,-0.3792600698838373,1.439312176477542,3.478612572703895,1
-1.6958827967418206,0.9909917530911873,-0.9028441590357865,-1.0961566297080023,0.2612928296876478,-0.11573216154075383,1.4984166327780488,-3.9753716465982727,-1.8127877243469486,2.042633686940707,1
3.1710596164943072,-4.368423514348976,-1.9481142023764133,-1.9155519762992883,-0.18431286098395616,0.2322926383977597,-4.190514795970236,1.2918749713348348,-1.1632817122682675,1.4936227458690068,1
3.0360729500212367,-3.147798889708028,0.05013802515706501,-3.2166968846354824,0.03411078850140603,-2.373520141780229,-3.8283506374352347,-1.5411912859517052,-0.283231829277092,1.386966074598737,0
0.8959694856750907,-0.663903641858564,0.03708210431099252,-2.169627070288076,-2.404096275973193,-0.7140721344933318,-4.7472808474590495,-1.0735924318345416,0.03441584426248023,-1.0567676469231724,0
4.5437574295989345,-3.2414099867087214,2.353605232288445,1.2550641730122782,-0.6202406868136632,-1.8869013779386796,-2.9091096077263563,-1.0583553958855383,0.201848636957862,-1.73830188599934,0
-4.541010097027815,2.9984951757036984,0.40885418562167936,-0.841782108489497,1.893456830596108,0.5897396150279962,5.676354086122002,-0.9706664130150343,0.5399418303546626,3.525923493249437,1
-1.2638100734732716,-0.3754212773379586,0.769624285721292,-0.07366647510542457,-0.9636893906917491,0.5217117321052304,0.5708024291441129,2.827543643994811,-1.4573169067983724,1.461765836028004,1
0.4801765699377147,-2.7288532194538986,-1.3089327501473875,-2.3367587778928005,-1.39098396354599,2.5846862926160723,-4.324834761757995,1.3301352181815462,0.8629874553156563,1.7887090553376883,1
0.7416925929280862,-1.6106210798566536,0.5713195741270171,-2.7570890579978107,-2.1102760728610073,-0.40892006171833795,-4.444978739634389,-0.06982179313250847,-0.4067584644334174,0.5794141471610454,0
1.1567460049703884,-2.137807962239396,0.8677984994352393,-0.6075282136089574,0.5108736154716373,0.18439991946294865,-0.7502654125440663,2.7471472834324966,0.20869630408367235,1.2786625559395024,1
7.282655437590119,-3.3881407171595606,-0.17911148234595953,-1.6958998712039115,-0.29987758615390026,-2.3624993553519866,-8.84282708741081,-3.157201350761732,-0.008037934334656716,-5.001629336110213,0
1.4870149126739536,-3.6855737889432882,0.8503355529804406,-3.2303140165448467,-2.2546787511399833,1.9540442588259057,-6.336151920937579,-1.0185964274622958,-0.4269588364283679,1.8951936721091922,1
6.342871701376642,-3.802795482335246,0.7800059609916365,0.0666535230770573,-0.10854510379186655,-2.0994822386301673,-5.583089988582923,-2.667240619516873,-0.034682259045993494,-3.0504725246757536,0
1.0122150982046887,0.173216372290528,1.5309407165975353,-3.5349540504297896,4.3605250572001015,4.13082021322478,-3.2921272626414813,0.2753615113987786,-0.8086461408155908,-0.9253982867061978,1
-1.0512965224368016,0.4437768870437251,-0.21723296746987092,0.5910478302912376,0.7558980475785507,1.7928430691721027,1.488802150369185,-1.3524200825871864,1.664646536433969,0.9131288121325916,1
4.228113711421656,-3.5047043526849273,-0.8902913875802025,-0.8522492985746589,-0.14857994185924017,-2.704960625284067,-3.134766209707672,-2.1598456970815785,1.599091209031255,0.01889541397253236,0
6.244199162758401,-4.847321108849146,-0.9204993423159111,-0.4757191602422999,-1.1153776187783795,-2.1818675238122136,-5.9808147321822585,-6.414021880515598,2.2482747688205706,-1.1141621031826667,0
-3.1550427145829003,-0.7005633711594321,1.0040648102763774,-2.2536088256283,-4.2886538460473655,4.309597469842757,-4.065190956623785,1.0455133491206547,-0.7999036849913026,2.3557946086007706,1
1.6513226803137495,-0.42350584431334126,0.8513319673467323,-0.8996500111470941,-1.7726144439150646,-2.22086176459148,-3.2558490544212106,-0.8706277259403793,-0.6737520332390572,-1.8883724534968682,0
-1.2352287805724393,1.2233983798274446,0.47723886185136805,-2.60073653845622,3.263974022821277,2.2061180023340707,0.5727724013790694,-1.6719463985661855,-1.6651571520742792,1.3886410250674734,1
1.083024738189998,-1.757312068976329,0.949558754782266,-3.2207277828629364,-1.281903012088161,0.40415842399360913,-5.171307575933662,2.4790807834158572,-1.237316387087488,0.018857233937205953,1
-6.957109097218498,4.903496421151779,0.1424997477860022,-2.2290350726608716,-1.566473829862253,1.6677851524653753,2.5597638158781275,1.1542157600486935,-0.795406890330463,1.9929951642198274,1
0.5801539783751283,-0.366715523643081,0.24722547006929957,-1.6588556548653266,1.074304247442079,0.578049524337194,-1.2356181900934542,-3.748691101853687,-1.0495592663586093,0.7071568378613167,1
1.5613356444743793,0.160914003004883,-0.3261456472977434,-0.4449438515463273,3.8373968147466746,0.3068140834525783,0.702103407823039,0.7291899595377485,-0.7359259896700556,-0.9639001464610757,0
5.517019183710166,-3.095079083221473,0.9641074571602367,-2.416814213364356,-0.4227737988732376,-1.9872599344795747,-7.60196692815303,-0.41410859617560547,-0.6928430027718153,-3.2440317447417524,0
3.5031249932637474,-1.7871762232405073,-1.551215612881027,-2.352759657694812,2.2075093628200007,0.05161310703426847,-4.191600971168538,1.0033770329192762,-0.7145303822258926,-1.685893708556209,0
-2.113109592550913,-0.8134381659352097,0.45854175384171414,-0.1138742060896345,-2.2742137050515403,2.580557696014388,-0.4694659377420797,1.20249378834065,0.3855760361110734,2.357240190526961,1
-3.8236418653254995,2.449173049271935,0.29721669288730695,-0.7045681247148754,-0.9277314686247982,0.7962790653740582,2.2242824784189783,-2.035764199702747,-0.7019492100813075,1.8846008522071167,1
5.11315616907269,-3.027500827243716,-0.09598509598021387,-2.269697922662365,0.44777256746521954,-0.6051389367986655,-7.009675173285375,0.3982232690741654,0.6362026594027826,-2.891948683729823,0
1.4442696209296968,-3.2742738695083258,2.3902945049506954,-4.878221642270729,-1.4649865167532514,4.288991680653405,-9.076894502476085,3.2896127563824757,-0.8787856804858949,0.3092944994983289,0
-1.8501713796291306,1.4544784924397165,0.768736651590219,-3.01779010311824,-0.10268594890602034,0.06729523871152976,-0.7703333010126667,-4.474290489099711,1.1379669890013364,1.5198282090967123,1
-0.26657698639843924,0.4544047732442018,1.5002569910125267,-0.9158754606677584,3.1295342793386105,2.458122180223743,0.7895175456553903,-0.6661940329885465,-0.47535476332425175,0.6157793056673087,0
0.8823001462550177,-2.7569298105916045,1.8712094514935098,-1.4910111422532593,-1.3393705759800845,0.9237596833244927,-3.0619256418673624,2.4753678392449525,-0.45729101495744107,1.568774521304965,1
0.34852841850717237,-0.32096383845363774,0.2402088748456703,-2.3729145457510623,-1.4634037546791903,0.29086310559636064,-4.220981690699424,1.3447083284194807,-0.4740782029223237,-0.9723837895959366,0
1.9867685414784007,-1.8250087956218441,-1.8417597051832237,-2.374618893250473,1.9699220559208108,0.7309624756078742,-2.5581553970452635,0.21272642790334295,1.210226724912163,0.5502091484115375,0
-0.21912724595735297,-0.2337932168837631,0.7200136557275078,-2.1184679972772833,-3.688787819773604,-0.1512631964151141,-4.948880475303797,-0.9871531347901623,-0.08128405123786019,-0.8285391366335284,0
-1.2563928077050943,1.0415466933775295,-0.5514705080444088,-1.7499495370677776,0.08433701161055884,2.242777024719042,-1.682817703285979,-1.3704874622118643,0.16462641332220498,-0.0408747799164384,1
-6.228024776463094,4.469036055021514,0.5396118986536598,-1.9616114696032154,1.9090104906248002,0.497983872134117,6.314579662242193,-0.8090705337381031,-1.9586045972394874,4.006228930889032,1
0.5629493546463876,-1.9726576761079788,-0.4037699000588062,0.13574059952719342,0.6858199007615982,0.08379534728684002,0.9111352117918851,3.3917681912218103,-1.1228149627385904,1.9388382976766292,1
5.293299518057561,-2.80958217662939,0.21901613815395193,-1.0273575392299024,0.01673826753375285,-3.6154256887833665,-4.366430827235981,-5.020128712814405,-0.403834091710351,-1.8745437894831642,0
-0.022987816321337954,-0.054387882233157825,1.537646033690498,-1.103461131052144,2.814388956734605,1.8208397556062856,0.7919978581888482,-2.4137000861825593,-0.6340449517885848,1.3794049212851816,1
2.544840952204327,-1.1141466516845582,-0.20352239771808517,-0.9641584486626594,3.0177745557300377,1.5053192199892282,-2.177752958312788,2.765425458785394,0.27866845619765995,-1.6843791918905253,0
-1.843194179328391,1.4089813073704032,0.07909349686638796,-1.5008738208733867,3.1337508456194705,1.382382854958449,2.652992164886998,0.3746526712578271,-1.732973212883159,1.8898115114710246,1
-1.8009183235344999,1.3441029074277144,1.0270958696840424,-1.7382019201181205,1.760574135987843,1.9384470141675891,0.870082433142678,-2.361691142586081,-0.25856463122935547,1.4805404836531855,1
5.561155912454483,-4.863790490861437,-0.3505693925533944,-1.5219327601821708,-1.3635390715373497,0.12285306459312095,-8.123635111765928,0.5049122364257512,-1.8699795232073142,-1.9988029965430496,0
3.324899918160596,-0.41964931213438383,1.361711456225998,-1.2226231712223838,2.690517367841732,1.412147032050048,-4.263895433675296,2.668432937771676,0.7170601522553975,-4.1074016935319655,0
1.9185815134755504,-0.3716511307532515,0.6895511832274687,-1.851527013781315,-0.5559679878004381,-1.2913575997887676,-3.9613321002572235,-1.0151924386866171,-0.04237053041554661,-2.015268997209518,0
3.083370634323743,-2.5074879420476655,-1.2904869695563275,-2.533401680100739,-0.23240475966667895,2.117600925260229,-7.136387075885548,2.323497095326123,1.542296978044621,-2.0827061395900213,0
1.3170670890856315,-0.6244668439387588,0.02621029151865091,-2.0407725595268262,4.290663704963931,1.8962583771044175,-0.24202687760289554,-3.3714497753462176,0.38998586163351884,1.081256469144042,1
-2.256733090191074,1.9850667700655353,0.10668880840678961,-2.3186825563323694,1.0691195949182455,3.8255670349419644,-1.5239245388383544,1.0107560129517967,0.6732747217457513,-0.3237433313651408,1
-0.2208977828782385,0.5775616929034366,0.5081148671776249,-2.718804421583605,-1.204029139171735,-0.09900584183238847,-3.7806274642378517,2.037667120315578,0.1570432301206552,-1.2838560920220556,0
3.3101287499403553,-1.7813851010239488,1.254512745361989,-1.7590682141637766,-0.22167412038883105,-2.8271987231410645,-3.5517350556081366,-3.835536188755117,-1.3593798907896668,-0.8678206626174291,0
1.9256075198048426,-1.897734613757879,1.7222323105982171,-2.2665130524429173,-0.5842961163800156,2.764446918016967,-6.268857760673696,1.5815900014251665,0.6998712439998862,-1.4978276103824426,0
1.895051970478395,-1.9839694068140552,0.976440605102376,-2.021015738202373,-2.637312804525858,-0.3281901496318129,-5.641755361816994,-2.950965168278323,0.33488902581791796,-0.5533197534871784,0
-0.8599162076030167,-0.16838128942280606,0.012686497363241974,-2.0275634478482516,-0.9740135830535488,1.346112897604236,-2.320205628738118,-0.01660714949623432,-0.05216815160340364,0.7858748654913245,1
1.3814101999943842,-0.8838718452006478,0.012246940973342467,-1.4978128971239988,1.354142169597814,1.6936056579399517,-2.7572812993908937,1.4621167952390597,1.508473240120409,-0.8673091746322303,0
-0.020042472905492062,1.6981055216014345,0.2677976652873126,-1.0237405578818195,-2.292412167569569,-1.2722792107116863,-3.383256486243536,-0.09518346164605607,0.8949819723400002,-3.252677756648498,0
-3.865240574544842,2.779318199339234,0.5674857285689802,-1.187359195624185,2.3666036936967205,0.9515607109289321,4.646586426100534,0.1133213139763849,-1.0894192658759205,2.7537890564175123,1
3.065089978563597,-2.88073034940226,-0.026756335988941612,-2.388237392080225,-1.7199188007194364,-1.2310866104747977,-5.750800231768553,-1.6620621522165697,1.6986713062334942,-0.41254707363378285,0
4.174469362407565,-3.373763120542273,-0.452502847691051,-3.079824939480088,1.0207404997614802,0.31629447723558757,-6.308509080290711,2.37169368621345,0.6452448203221168,-1.1610185522199958,0
-0.7097512365222118,-1.536626972360862,1.334418608571729,-1.5074018707514278,-1.638876745352629,2.3142637752354034,-2.6602287026725544,2.2970861695150866,-0.25500497768937913,1.5843085564632482,1
-3.8459017241806963,3.085835178730078,-0.9514786809038223,-2.9083007005437946,2.3958384948992806,2.143743624336574,2.1409283165042097,-0.6261124464718496,-0.30926022202156084,2.0688682601997783,1
2.4497559766471615,-4.020655409206942,-0.03603877499436187,-2.3573576835186474,-1.2200928673993832,0.8574330219439865,-5.083695432357751,-0.035156456806933356,-0.2429427766523051,1.5898077700000885,1
5.154359785879408,-3.202352452184275,-0.049923946869495056,0.26852420397672083,0.33316146727436924,0.6999211549595202,-5.753451532503579,2.6987272488545164,1.448754116136872,-3.7425272117439117,0
-1.378005751684063,1.1384735631008467,-1.2566656386173585,-1.6436804460291345,3.331615774062029,1.5150542803685516,2.2149035760378974,-1.3192608642458754,-0.02256011627592551,1.9087447115633895,1
1.7900518213493164,-1.3737220867296573,-1.4123630905147786,-1.9368209000075582,-1.736715738801124,-2.3733045420284165,-3.560209611161842,-2.8505363539459907,0.3501772153138715,-0.17088571562394472,0
1.2061617254837131,-0.5644395953384413,0.8107912830404045,-2.5287742501516712,-1.5328082088701755,-1.5612795655157488,-4.143954900203248,-1.6927356079665115,-0.3386198683240373,-0.8344319790842656,0
-2.927952003820625,2.067880736242628,-0.9628571052335393,-2.0290516686249767,0.36378069174905403,0.9994671736678175,1.0856635368601795,-2.565456085120103,0.5000482414457211,1.814839741010378,1
-0.5588380786028755,0.7976767504937317,0.8392769797993096,-3.0891233226703703,-3.382762432605906,-0.42377888736817826,-5.695117646345863,2.119381433788888,-0.13055922891086488,-2.079895013110283,0
0.2976593553519906,-0.4149643656067934,0.17700564117512363,0.5308740992478853,-5.5487629959302,-0.8335469771769488,-4.431794344821915,-2.9746837931600485,0.6830437968590438,-1.9287110105556904,0
4.085860883136533,-4.256254441624021,-1.401984268282893,-1.4002851463267239,-1.9069118901245665,2.572508051914242,-8.604924417489537,4.614783384902768,-2.102701753557958,-2.418476513352946,0
4.485031955567029,-3.1602427158670583,-0.07841952809067326,0.4406222546579097,-1.6463189782900303,-1.3532115266150526,-4.9813484106896375,-1.0819325392810153,1.401928253102732,-2.4300375280619093,0
3.1401812398576294,-1.6038098167345787,0.4042119146002209,-1.5053482876918802,2.115303106236936,0.555201229345403,-3.4217333519817785,1.2023490349363914,-0.8391465791708572,-1.706826746921637,0
3.2510213120632083,-1.511135388567772,0.9385715398455845,-1.2574909534451577,1.169305824504054,1.0978661473199696,-4.757525416240921,1.9771250479594815,-0.31820245782744283,-2.8457524078527205,0
-1.5530671003384557,-2.9097759784490553,1.4086154010445082,-1.4569296779451213,-3.845878046319232,4.293111751682705,-3.9343700780050104,1.5444212616890631,1.135133005106634,3.347274727496094,1
4.841400960772297,-3.1558156500023413,0.9212357908422122,-1.3265909733273078,-0.06163675429591997,-1.2166305707817946,-5.634640200990939,-1.5263970871149382,0.6703041192930385,-2.0539863297914946,0
3.5683888200989444,-0.9961150039745664,0.030323871849971658,-2.06776641153112,1.8952762103135963,1.456721122223598,-5.9061390409286965,3.3986058765213665,0.3172749402640901,-4.08453389630242,1
3.8478861200151595,-3.261630715843628,1.419302649277867,-2.1795375824482175,-1.8746753959030502,-0.7642412688400321,-6.878498440237446,-2.7432361873364357,-0.02237733411017302,-1.147721432082017,0
0.16951054574405314,-0.22754160946324964,0.5061612257039468,-1.0092722011527557,2.672402863446768,1.2685947943402762,1.0209793380887016,-3.932888586476435,1.04166512261565,1.7055143777765451,1
-1.0243402190248005,0.7240103010255434,-0.5194201740895246,-0.9465908291685453,1.3898571897948422,2.4036129175642893,0.04451131717386509,-0.6973480681023424,-0.8167814782605534,0.5356940722307543,1
4.10823820048245,-2.4718887982485658,0.36973314476333247,-1.7533563827044076,-0.0814178604788196,-2.7539507195215034,-4.3225991712878535,-2.2120085824462037,-0.5691120403904832,-1.279264063597843,0
0.5707246348726398,-0.2875116630171377,0.10907058305041537,-1.554989874073353,2.26450425859736,3.7473781995600906,-2.2056664766863547,-1.8913140036677518,-0.7559513886453921,-0.22202461793787953,1
2.5564976672623345,-2.113451096318796,0.6932893586946344,-2.3315660366270006,0.23221789370031032,3.014394928202598,-6.638954721154514,3.816245233184501,-0.4676929367310304,-2.192556580231633,0
3.3333441820458267,-1.5666048720223242,-0.5222122265121455,-2.197608095868998,1.706832221096076,-0.14687534839472915,-4.248396834556124,0.26262891384953035,0.9717380125217053,-1.8355826720724808,0
-2.2605303739697518,0.5037481614793995,-0.3077124836199878,-0.05990357695632276,-0.643573864369029,1.4360089205628264,1.1155411326487992,4.703436233182311,-1.0698629961521668,1.213875265560223,1
-0.5562755322027615,-2.395997523568788,-0.6348363515497958,-2.448017314983829,-2.936651577417647,3.002449022133164,-4.810731167362279,0.1301109429073839,0.6335039556375781,2.1794725038711857,1
1.3243012827809684,-0.9891372963592,1.341465825240393,-2.5790731384854455,0.200570745729179,-0.9567763975717778,-2.9163771287905726,0.25358651318091807,-1.2034750580700446,0.0009904943055452087,1
1.6182573062826797,-0.9595123976216874,-0.12303339134922658,-3.3158276267251354,-0.3927060216014908,-0.7264890303824894,-4.494293402581867,-4.225613744118257,-0.027675593338968962,-0.12613210856604073,1
1.3216327495299507,-1.661789248471122,1.278103503956293,-2.0531339192671205,0.0024752560705252336,-0.5606038580610595,-2.6609923061673566,3.218840609684885,0.8786816503762953,0.2963350527573323,1
-4.1856862610168974,2.7785713228373448,-1.7967832458768926,-0.6304384250463678,1.5063646113168663,1.113067648237127,4.691235995727987,-0.046570668899633016,1.6356295007752812,2.756217050868136,1
3.242205805687014,-2.42150156820589,-0.726656632260249,-2.9848625541924063,0.9471102669218563,0.08982813351621455,-5.1602617233440045,-0.49740851911591055,0.1388657981988194,-0.6601330496040205,0
-2.7163045431748514,1.941490585270766,0.5810681834486101,-2.4726916214957844,0.23801002733733245,0.46778802100248296,0.7316042603637121,-3.558418529825701,1.4702135105503937,1.9883002636929712,1
-1.8674143419630393,-0.24275950863654594,1.4245144808548083,-1.9126827972676943,-4.963950590679023,0.10562245180664132,-3.7986860883559244,0.14074743146001545,1.131165893697313,0.8654358683566756,0
-4.1464912578249775,2.880881471648162,-0.16874333829171168,-0.9646511104878884,1.6290403634918145,2.4870792934262047,3.4742189113681294,0.045506945573495994,-0.11947817607274841,2.1170335533029,1
2.2845493765233833,-0.9259158857132037,-1.4627395648477357,-1.4564513331275426,-1.1731890775357336,-2.0066231149618363,-3.788284225706998,-3.3254281895112996,0.3900209560943685,-1.4491198574102315,0
-4.712630623762443,3.2784445082386284,-1.0802867936962772,-1.3525927979236236,1.5404775894992278,0.8268930847178882,4.671005328954834,0.7837247969843446,-1.2680580991954225,2.84731428284676,1
4.584632747183567,-2.9042230527885424,0.3671283190533627,-2.499649879032204,-0.07954687646783687,0.2696840186671834,-7.669823061884954,1.391605739944722,-0.4877280190392609,-2.9698622218775936,0
4.252119615232157,-1.8057536385703792,-1.0673185830543928,-2.545296163041149,-0.7047429751722875,-1.4625867311249285,-7.0962352409553855,-2.9078878743249374,-1.1738650552773442,-3.1582262045820686,0
4.218669330203386,-2.656694180872101,-0.6725122630100434,-0.9459314464655032,0.42667525753565383,0.3206068012511174,-5.37080250507327,1.1593371566167783,0.1956125186384623,-2.594390825300663,0
0.9308497335786237,-1.8098424992282633,-1.1286930007626592,-3.061872464993221,1.427941736731151,3.085778711211313,-3.7004124042265047,0.09787551500650027,-0.9841727817125441,1.1553596936705817,0
1.1899677854980402,-0.23882714326565146,0.5669309652814761,-2.58927768256726,1.5684690096297802,3.137917388492374,-4.708408991824548,2.93614817257096,2.7509485335216635,-2.137011540996193,0
2.4798512038839333,-2.5845412674032904,-0.46604802000971546,-0.18340523432356814,-0.422157637025828,2.176183434743172,-4.196608880402463,1.3837096531992046,0.744648949116316,-1.1208129166843888,0
3.8278426381738617,-2.912748169525415,-1.8788519511582686,-1.8503142779631165,0.5551352108790075,1.815318346403842,-6.416380453944196,2.707743450671065,1.8847395547871757,-2.2310170081496614,0
2.8169945454499015,-0.7548108005464893,-0.11426613409281816,-1.8940434543947902,-1.3679732738118568,-0.8481749237587402,-6.132123708196578,-1.9631528545809813,-0.6551589463725652,-3.264531020253134,0
-1.7836778508384084,0.0007156405992967407,-0.8623714996572766,0.42483716567402685,-1.2453523663229158,0.42629701356105265,1.5761423724148045,-0.5786504305520146,0.4611888582411175,2.1112730411824323,1
-0.628796306093758,0.7317960364121973,-0.7543359103240641,-1.7670450590057527,2.224451241345262,1.8654927587209673,-0.10230309252319415,-1.055407251517874,1.275897384550694,0.6240840756362684,1
4.061972286024679,-1.8556488635373585,2.2279714645380406,-0.6226874905435115,-0.30335744409741006,-2.8623445987602514,-3.747141580289555,-2.1952039423693335,-1.3159074006951113,-2.3154368755622285,0
-3.851037879080038,2.495561141914468,-1.0128156378409354,-0.5621143618268555,3.1707906733199778,-0.5216214878779697,7.246950641595234,-1.567291828335553,-0.7380175884796651,4.33877569966411,1
1.7712928009692614,-1.698074959044081,-1.3425632570442838,-1.3288083960089758,-1.198629950650391,-1.4415997342960236,-3.05118267788513,0.172028943992228,0.5790633493185502,-0.2190609937689978,0
-4.927595478485473,3.628983107826939,-0.009068630142160621,-1.376495695992341,3.4933932059306905,1.6033390222117578,6.159583472112477,0.915998594479329,0.18531451608881952,3.3493104852774325,1
0.015298815321210949,-0.17534263765449354,0.7479064407234323,-2.8359958887007677,-2.3102525093010717,0.4698310387033482,-5.1429476064552,0.573881458999165,1.1713424115085216,-1.0121629833705363,0
2.4114934702459627,-1.1162530394465107,-0.9104363777509252,2.1582300668609333,-1.0666481327111992,-2.7822994886954984,-0.05084845882039548,-1.4095182755090778,0.7753398523081075,-1.5679357331042216,0
3.1129556031627432,-0.9799706682545214,-1.8387660324127755,-1.9133664240334407,1.8989725538720068,0.8891751060090525,-4.5299287488577145,0.49460004441697825,0.36205499056930357,-2.7227318747961626,0
4.027687507446132,-3.7486406617739494,-0.2083660129166857,-2.4544107643498503,-0.1590261927375083,1.5328715959652377,-7.254709405888501,2.4923367488507937,2.0095396507971155,-1.4401863345106332,0
4.178859978309538,-4.305029185544117,-0.913868192187912,-4.658213973117919,-0.8335470896628594,0.3825938644570168,-8.947292312061363,0.656365660343229,-1.2637451820635495,-0.31364489283187114,1
0.6079329453722153,-0.6702273797956467,-2.3087413987177623,-1.3991927516951626,-2.2977659538939177,-1.3141898281638784,-3.2312995373247735,0.8288324850795781,1.0913075295376,-0.6791081133173327,0
0.7185721882192835,0.06730654388456525,0.26621090638894296,-1.2721091682072894,-2.264975783747216,-1.3311485306051276,-3.5679111228175016,-1.1061222230392995,-0.12859119835121371,-1.6749563608758304,0
0.9936800301985566,-1.2316227839676477,0.1151993446996325,0.7327261725364878,-3.122565583215128,-0.7591970983745611,-2.513798873681581,-1.7138497206264927,-0.5735974236464758,-0.7644087297317511,0
-0.4159529889518276,0.49796191385627186,-0.6456423672363373,-1.9602868883587607,2.5788143097149256,1.0965554762438203,0.4481497218261881,-1.7414264175938263,1.0049555144458242,1.2272304642443053,1
2.274960928575679,-1.0920829177349742,0.7771764057656726,-1.4815470169301364,1.5897472459204582,-2.4005055697397975,-1.0578829798431615,2.0370132290775644,0.5134081209875093,-0.4854462418487884,1
4.64372608551664,-1.587129562813689,1.8985554488719767,-3.3624098435215295,2.9076213489299207,0.4880863194454379,-6.7872193278295585,4.8247338173172,1.426132819595001,-4.159410091947943,0
-0.9536874572622567,-0.27392505057107686,-0.014436018759578981,-3.8317490891418333,-2.82469911678524,1.9091148258946167,-5.972593011299597,0.06526214555972931,-1.0849213054775788,0.05408629923985919,1
4.184418547402182,-1.479389553961449,1.3353758419158992,-1.525668887300454,0.11054565353124546,1.9901846154524478,-8.22020256298971,4.658713791246704,-0.3521014990427897,-5.654460135915255,0
-0.773373464424186,-0.3213844458137509,0.9617738202223154,-3.245785735504346,-3.265305327312686,0.020306509945888784,-4.791675979394258,-1.0898138733135965,0.6928530345019192,0.4342848826089041,0
0.2740525735068862,-3.422102180947822,-0.031167103966363498,-2.4481086571434023,-3.3186814909568128,2.426933786809842,-5.3840490801348855,-0.26382294043063004,0.9174610113311096,2.52806148038676,1
2.5399889878703226,-3.1012422837361417,1.9998285955346222,-2.021775017073806,0.7237580022392405,0.22277622536776454,-3.011363575646394,-2.098363293974635,0.3246238742502759,1.549137815456507,1
-4.527492555067089,2.06686023571503,0.23831720725837066,-1.019962904463012,-3.3919668104219713,2.436155050230196,-0.5620740025159313,2.1653213920401555,0.46813173286748644,1.0948209515981162,1
2.2608500616146987,-4.033947086844002,1.0000461431316872,-1.7173080145967214,-3.734995214740012,-0.04113720860943215,-5.95692631456986,-2.1873857626010618,1.7438359012909188,1.2474292986505366,0
0.5822472152851388,-0.87621145190447,0.4664242341649626,-1.866378831194622,-1.408056553565614,-0.5930549866335915,-3.069346169535555,0.5075762366757508,-0.4417468587036535,-0.03543741787212995,0
6.991188066206711,-4.350692704020487,0.06544209467121667,-0.7700249946132881,1.3645592475138453,-3.4823662750343596,-4.59435882345894,-2.9752615762119383,-0.601112147049588,-1.879583128083781,0
-4.771456585355701,3.807042017392382,-1.1922005533657254,-3.409643187295069,0.28263944302989796,1.6054512121790356,0.8613912183581015,-0.32352614448944506,0.5158043878138158,1.5093062334933889,1
6.944288523390557,-4.267623950025947,1.5134334167313848,-0.11284060991059919,-0.8476917831030346,0.1232350594979974,-8.979196963351095,3.985066381505864,-0.03139033582737019,-5.51468688384126,0
4.178056033499747,-2.558469488375156,-0.9071442050203588,-1.0361616105701712,-1.7966266603317602,-1.066091492498968,-6.436891629812698,-3.4363707070373195,1.4261846921856318,-2.5812172059998355,0
-1.7433618601417775,0.9778341996074627,0.755473767866845,-0.40513872335398693,-0.5186224413430809,0.8566567567761821,0.6553832036061745,-1.7105106705999131,0.09339640045504466,0.9832296490054921,1
2.316876202849739,-1.3270219712048863,-1.0529246194624655,-1.1324085891648334,-2.024882469372868,-1.2657742191976398,-4.7045409616602605,-1.9871111514199506,1.0365440763613667,-1.812933311510738,0
3.2027680324535033,-2.2567113352984425,-0.5789615915604289,-0.7534189479689765,-2.2107256482414237,-0.6816011611458067,-5.577125774942852,-3.368556674360188,0.09425583737168268,-1.878045137549386,0
1.1716995808240795,-1.1203419031091526,0.3563624649933631,-1.2373376082679926,1.4675463811950582,2.036989209507781,-2.0198212604468972,-0.8869441252447499,-0.7756436481886212,0.13355049056239854,0
-2.5061557198710553,1.774780783354466,0.8517658021167832,-0.7895265833050839,1.1755182905991926,0.14088833800223122,2.991902618341817,-0.255342195578693,0.4320334774580093,1.8672651784292091,1
0.1638035583726218,-1.5753044468975832,-1.1623002592070144,-1.2029267114439266,-0.4419850847738769,1.0714923004729433,-1.5978151109695222,1.3348870213279185,-0.31270429194281313,1.4458544842208738,1
1.784823748106941,-3.4203069151771786,-0.2197862509378595,-0.44544708677998,0.7228841364597742,0.8546613542700673,-0.978356179467588,2.833613249707979,-1.0077851950050316,2.122272423775013,1
5.294267530641736,-2.890386472166159,-0.036878059294752734,-2.7423808351003363,-0.8373459847680658,0.25846805623352487,-9.63019435197739,0.33427801174149074,-0.021342950672923657,-4.3172380093177285,0
1.957991021825239,-0.3438664970607346,0.3749015427999338,1.568793378493237,-0.7914447220853285,-3.153197694488398,0.23238609716120023,-3.139559076985068,0.39764497401543053,-1.4584279751837221,0
2.847360652924043,-2.727833329233162,-1.5420092560496208,-0.17324429041515477,-0.8215627233917265,-2.453370363447893,-1.8070085984378477,-1.5243698813921507,0.43475052987282753,0.4244839158339857,0
2.6062169689755876,-1.4684547641959724,-0.5478328533149631,-1.1486811604326312,1.0490370000829832,1.5871049181363508,-4.1731784649554236,2.12431193839066,-1.2812849199958405,-2.1530312154653117,0
0.7732370235830339,0.16898970823551118,-0.3310427306235488,-1.4670091142896182,2.5269032145438155,3.0150588460758954,-2.304028058377339,3.244260982828259,-1.516355703651181,-1.6964689441987584,0
-1.3720705379702625,0.709322767778908,1.1512538739550502,-0.030469434890488367,3.0779257746117485,0.6051316617583073,4.365408180182142,-2.3049939424363495,-0.990752808860645,2.81517323762327,1
3.462384103426655,-2.963105766224647,-1.1097220699849228,0.13365357369771536,-1.024723434413478,-0.9581139766742912,-3.509391037867827,-1.0612657752217252,0.27185737922293396,-0.9161438810744602,0
1.5034695812059344,-0.9679139551006659,1.1477162469478168,-1.2091223113274396,0.5867674613867542,3.371031641097204,-4.583023002963184,3.014241644578033,0.6487882058302696,-2.1882940355637226,0
-2.539157952322923,-1.6501133070138558,0.5643856452854652,-0.4087026478445641,-3.558672473844946,3.0928615234194545,-1.3027214212059368,2.934470249650093,-0.9628461747486526,3.235293208218995,1
-1.463428095639993,1.0626942136005892,0.05160633151094324,-2.668489609246225,-1.5967487926649087,1.0844557054945219,-3.332253245116797,1.7711643865079192,-1.0568037078871093,-0.6444553716076942,1
-0.7908171966583238,0.7098048835618465,1.2348339670139743,-0.704575950924563,0.8563053073882059,0.2842708603032933,0.6546909592944138,1.4492741762878618,1.229233955682836,0.30178225013662763,1
0.02751986036019403,-1.4380801179276719,0.031163399367781428,-4.122644545637658,-3.675616261041171,0.850627596575662,-7.110266474430775,-0.12627591369296454,0.7515388279762827,0.2945710010602782,0
-1.7551175152134022,1.1356652271827576,1.1312991452024375,-1.4771801398580213,1.9198154595536694,1.597153286132018,1.5625106792734076,-2.5179400755784362,0.36746685333501855,1.9431302762066167,1
2.544003695295196,-2.190929751313819,0.635128501151511,-3.260545713574263,1.5717835681563401,0.5949868778418825,-4.252493671428663,-0.17950005892065213,-0.8872192590540526,0.19841609986348496,0
-2.5042285034289598,1.799495477122361,-1.9258652750401701,-0.5104021292842976,2.698538968096769,1.688970888791031,3.6575913144734926,0.6240026193646893,1.036189345096718,1.8971443618118333,1
2.218999919263596,-1.0614702881216664,0.7645189085160549,-3.0991012023199183,0.28447092813234254,-1.7317670204974478,-4.1088639786385395,0.5468958479685857,0.6230347539913936,-1.0049265097691016,0
6.10425682149908,-4.492806811780338,-0.6663329518217799,-4.237749696008685,-0.5047486243040207,-0.8938890415843073,-10.13711854309518,0.45445616650754617,1.3410338589611683,-2.4556287488038473,0
0.9902189554936561,-0.7178778447427501,1.109663663601451,-1.744334785393114,5.39119214280932,0.30773929257950283,2.835972067636088,-5.377484064663392,-0.41836502398950526,3.17884002700572,1
-1.747919027219734,1.4417620769905584,0.2289989646791519,-1.9794746226155557,2.6655196280547315,1.3885379847803971,1.6762028584563158,-1.021736045159674,-0.6091335023449491,1.7019028407511791,1
3.265712727287704,-1.8837679221197,-0.08098411445023078,-2.539559045202515,1.570231154535812,0.781520669108406,-5.007472718342822,0.22729873342244145,0.9451189004723339,-1.6060234374920195,0
4.702096512687257,-2.5212521115626148,-1.3337046590436523,2.012607686366749,-0.7944713721482676,-2.5485362575264148,-2.387966302531842,-4.832622922757814,0.06283441927758608,-2.403564107991288,0
-6.884512889539799,5.101027612901294,0.8320548780275395,-1.8920982192267362,3.0279738257438424,1.2251323823367408,7.374200718384322,2.510562039819943,-0.1913817623944925,3.8407057665151356,1
0.3897711250248727,-0.669068295186853,-2.4503466850785802,-3.030379664279088,-2.231379666180802,-0.5352796898062863,-4.820773711522066,0.3667187444956619,1.4712976877213146,-0.3964072094518756,0
0.5869076284112719,-0.11331615144881058,1.2514375595954574,-1.803278353396895,1.869514697610893,2.6512710782285165,-2.285491647529023,-1.114464645346853,2.0319510246210855,-0.44222212231130875,1
-3.639826428220746,2.7011183090564006,-0.13339262920384803,-1.9305296111744212,2.670252868248788,0.7515956222120563,4.137830216407768,-0.3431677460302238,-1.5370501547228934,2.8653624149133696,1
-2.728101681913816,0.12995356500333433,-0.9428350001009562,-2.061725660844891,-3.654566460977029,2.704687021799865,-3.4062098184397924,1.754538769579614,-0.8515270464257608,1.1518096747094477,1
-1.704408935363839,-0.33806985861549044,1.0061618987324858,-0.5891286746989417,-4.457366427936217,0.6686574665275353,-2.532894109491346,-1.4709371202477497,0.11201879419688723,0.9899907128719461,0
-1.959229768226739,1.436215054217171,1.0846179907362428,-1.3899779507848218,-0.4754778753577007,1.8539268043036432,-0.9094337058182961,-0.40768869318892165,1.5470330638753529,0.1344031663507499,1
-0.3104176361095343,0.07896530868389062,0.5762334538931424,-1.2107055044260897,-0.04305868485617559,0.5489699443455984,-0.8010045228337812,-4.611619969642444,-0.7975635293505443,0.9778327075655668,1
-1.4078846656843707,0.1251139915250563,1.1852472467614408,0.6190104576552318,0.3191541335626751,-0.19652447031815345,2.776850418305113,3.929106313061469,-0.980451552972441,1.6012993355314158,1
-6.874800265221898,2.2569720798606863,1.1333765723184925,-1.1307463457086744,-5.819593637166833,5.322079393060124,-1.5908225967938745,2.384271791495398,1.128265698178955,2.234879160695031,1
2.519600467742985,-0.3617652506027671,-1.9863457455111244,0.5804192005299202,2.4887894855145545,1.1982891913012836,-1.3720911685723518,0.6552021179854768,0.7632036192756562,-2.7353546855908695,0
0.7286663942716953,-3.280653054832726,1.2772621273506148,-2.340418854699699,-1.540015039090835,2.726233641837349,-4.730031330148289,3.388514520847827,-1.0417033354840541,1.792982101541121,1
3.498393033478157,-2.1013594406221556,-1.533864741794206,-0.0946470664995438,1.487460274549272,1.6505242265195912,-3.77493684593408,2.486951263311639,0.8297830079490026,-2.510940875846126,0
-1.5074053609947582,1.2680301747515867,-0.627615991220787,-2.712714321754942,2.0507490486287008,1.6032357232948695,0.1389477667588931,-3.0817040123151305,-0.8424790842487032,1.5791272057050574,1
2.1080412435609888,-1.8185030564740723,0.056243745622817504,-3.0795815137527525,1.2874018076462614,2.0522312381298216,-4.927559096652851,0.1425163195199204,1.2840533990474368,-0.4142027213404462,0
-1.1343377919718851,0.6289120892944762,-0.37691501648456616,-0.7018249114793426,1.405326245754284,0.9050982122959353,1.515401130655056,-1.0473395376435664,-0.3273499603225963,1.4386376427405225,1
0.9102912860583925,1.1180741215447987,-0.9052850220766508,-0.4458083541732296,4.473708210866967,1.7313394805449351,0.6817820396760607,2.061780435635535,-2.106043857594188,-1.8127160231466644,0
0.6905071993824949,-1.7599341526190846,-0.6810096727739703,-3.222443558277593,0.0038164898682373494,3.2135962588686438,-5.060505701239854,0.8763977528588921,-1.145022237757557,0.5690290967573031,0
2.8601822354208966,-1.51463526842176,0.7476301789743467,-2.6261042569735076,1.7872580473597113,0.2803832718320849,-4.158465025792554,0.07843002392728016,1.5993921367192492,-1.2171249326622873,0
-5.2555075894011285,3.8306301305642956,-1.025329550768051,-1.784376544386389,2.59138497662206,0.7489720347301164,5.834735405189187,0.6950689373574641,-1.251470562361394,3.4595309457615393,1
3.4368005280381007,-4.562668524723897,0.16681030484677933,-3.253413457453876,-0.7425960285655304,1.156326656401812,-6.834566316523668,1.018514955428336,-0.1723470691996438,0.8900673398281542,1
2.416192278958419,-2.638838960017581,0.8939292814307211,-1.7542993059411447,0.27660970482956304,1.7368404596796745,-4.498009078398428,0.8658229910715726,0.3610374198447618,-0.23624759574581966,0
3.9420559022039625,-3.3668390416713287,-0.5400180771324748,-2.532048517240902,-1.0909626881726786,-1.6178108067151507,-5.904404757517045,-3.3306086938462176,0.6160788719192721,-0.31170078398993906,0
-1.4730777286794836,0.6742786139929421,2.233722037963169,0.3820639410589868,-1.0248518333456942,2.0607531903243537,-0.11398968495987975,-1.9173719153960493,-0.6395314891636623,0.32222569568141535,1
-5.754272300485555,3.907714062473367,-1.1320231885512633,-1.0366680939277306,0.03032832040344502,0.0265839236956249,5.171722201159958,0.5838872720852364,0.07447497343108751,3.0459195424297114,1
0.9580329064949938,-1.6921090889425798,-0.9256671432872929,-1.070635313421065,0.44481232908100155,2.6305472732409765,-2.624919967324237,-0.39340526781133356,-0.417538228326973,0.5376904483470337,0
0.8528662498702202,-1.5348494306997702,-1.6106178528918353,-0.3423183753414498,-2.409681859564639,-1.1466213034039732,-2.1599795668004202,-1.4752766219361952,1.1620707443287746,0.464652493759917,0
0.9798833288826823,-2.9427274483314827,-1.7407625850096013,-2.564804402685332,-1.8559919094551933,1.935573053346772,-5.084509369578809,-0.10731439429242062,1.5438288305213863,1.566145158716938,1
1.2742317201215008,-1.8823821116169197,0.3355054412351294,-1.2003410494892301,-0.09964697543962209,-0.016429914220408515,-1.996080775235964,1.1750334682615358,1.097793351904618,0.7452719582750542,1
-0.4147592700570157,-1.4320601877324162,-0.4240786137713816,-0.9387652107361376,-1.5561499821337406,1.2261936267144673,-1.7908748611368035,1.4538311458474606,-0.09947603356888676,1.480612722133508,1
0.7495699583849756,-1.1266742881084661,-0.7592211672317465,-4.22719121595221,-1.5820291385423266,1.0310923467298534,-6.771892902584286,3.6127522105388894,-0.2798370787091966,-0.9269198133529484,1
4.722127055785308,-3.1123617208459855,1.0529774569252168,-1.565236970599381,-0.6477717215602917,-1.674249085093531,-5.957909351601937,-1.8719139841212076,-1.3696491795380676,-1.998849341349445,0
1.7595846302912002,-0.14802759873115212,0.4400965134003775,-0.16648431240634176,1.5788509531908494,2.0298778647027964,-2.522968536562056,0.9712389855725223,-0.7904842720890186,-2.623900390477327,0
-4.81118520325868,2.9553534296256876,-0.31769139020044407,-0.6389258639514532,0.31367920921209635,0.28981916763252435,4.9982550449379515,-2.012854559878653,1.396968566715763,3.474780676470177,1
3.3290868535259404,-1.7939034666853897,1.167268538967427,-1.2646242602314326,1.1913458650273767,0.6710821245309592,-4.257917620737737,-0.24417233144141526,-0.5012444992846619,-2.007500092317557,0
3.1764757906140564,-1.1436513311806302,0.6318042771966538,-0.006714386791986771,3.0251566673153087,0.7676805186942373,-1.6983715633964083,2.2865332163066894,1.3128254505190116,-2.3614909306612497,0
-2.140741575849834,1.9624436087587978,1.3216428012500598,-2.8159611095887382,1.2015608926056323,3.034804966428429,-1.358827905368802,-0.9831657863316099,-2.691199756059211,0.22988480916637033,1
-4.7779910468607945,3.5494486899892133,-0.2675118006368401,-1.9072335879635216,2.959052365390494,0.5897750011488594,5.678070992672451,0.3003280054299966,0.6113434289029646,3.4545589906278567,1
2.1476822446124437,-2.7782363231159364,-1.2309981875052616,-1.9649801228700285,-0.8598618344934952,3.561623983842075,-6.597181199496872,1.9625356200446076,-0.32547597587649235,-0.9857745828378842,0
1.6840986862080372,0.18908888566840965,-0.0739464084180024,0.18365569735338583,-2.3980059736252,-1.4405650319771857,-3.777521530522468,-1.5331217854563255,-0.8283445699442776,-3.4534756314139865,0
3.2263225582421984,-2.2184056560476355,1.0235755955682535,-0.700814924542326,-0.09512494078655243,1.2915554232015451,-5.090855009639991,1.1365813306646728,0.22013935838958884,-2.322603000111981,0
4.122601852772546,-2.302687816904881,-0.5956862261097823,0.6055228052885937,0.1407719436806727,0.8328562732402729,-4.722164111825407,2.3885327211512775,-0.6755520406248401,-3.619433819071032,0
3.9259857436563443,-3.0245871008743856,0.48030462154151127,-4.53565939341005,-2.17276206221173,-1.2404757727156792,-9.299611363767335,-2.5315641801061814,1.8764646113047316,-1.5070368804854561,0
-3.8141276302943647,2.3696201677253996,0.5010216584844239,-1.6048760811614984,-4.422612344578404,-0.7434553399281092,-1.1579265389301252,0.3449964862397066,0.0024072179382927834,0.42103946298443273,0
0.07172251977526865,1.1113621487307492,1.1752144703007017,-0.2624364568636559,4.372293137652717,2.1390877117892693,1.8456815038059422,0.3729025047229164,-0.08555568317611022,-0.4043732162037412,0
1.1671114511388474,-0.9838433640115893,0.45139595241603503,0.05848736686540246,3.0451781172034815,0.7914145271184393,1.479002289615768,-1.0668159562811228,0.4013213737267121,1.1242342982196654,0
-1.5493196785919536,1.1149918250851911,0.6616385017196478,-1.5581958860525327,4.205530656012354,-0.36461602421568506,4.786873169310595,-3.2480519745415366,-0.24282037189422107,3.6384621186055917,1
2.592969036015381,-2.009038254474567,0.9070498189055277,-0.7272155162740557,2.8784483119913498,0.8736077327481523,-1.0245619565455817,0.09249737083798326,1.5809464319541704,0.20119292663657795,0
-2.1544631948982063,0.13261576071969028,0.6569210323526465,-1.4528968716798856,-2.530732649305507,2.1328367191930946,-2.3171016366334936,3.261784534587213,-0.20427501072102375,0.7314357969085068,1
0.07489395782870781,-1.696170764743138,-0.8139173388487111,1.054821463323059,0.5845282750141036,-0.6132651709463026,2.797899059456534,1.4083884347129694,0.6188755164948907,2.741353115910499,1
1.818138880655952,-2.257895168010633,-1.311038150542693,-1.900242650612989,-0.235675883731443,-0.5691148244983482,-2.9832851184566778,1.1211842228951394,2.014422456650858,0.6449576759144363,1
2.1902709556792006,-0.2775388877845857,-0.4024800804668359,0.9295564122986666,3.7560136763748093,1.3320587262001822,0.3987945451211859,2.9664500928531172,-0.017386888612843297,-2.1371977045547332,0
4.960644544093082,-4.695275898611197,0.9599663437990721,-3.178194596894117,1.097414038997354,-0.7344693896108399,-6.092932627210814,4.053433076820152,0.7298264345456617,-0.2084104083001448,1
4.823323382528573,-3.2300477226872295,-0.5600851557607555,-1.5755025238469778,-0.5426452366881365,-1.1184052425875959,-6.3185361791938215,-1.6914786938370836,-1.3251970816011804,-2.1483468405351007,0
3.257335757588396,-2.3621656571623855,1.1293948852632025,-0.35078890649771854,-1.8796914921542762,-0.9994889113735222,-4.900444190968095,-0.10150004145053937,-1.3751591490453814,-2.0727328758372128,0
-3.1773178455471673,2.170424678190396,-0.03637733016512285,-1.1270553679264403,1.021456336605444,1.5388593807719995,2.3361189694912485,0.19566565911156797,-1.1452416764385691,1.6927720556531034,1
-0.7433592387573676,1.3094311571633899,-0.10677975865396522,-1.9082624088013977,4.54868176446882,2.346430446095725,1.4822065183781652,0.09738432422108545,-1.2415162853732897,0.7506826520822383,0
-2.9193363136191146,-1.0628011836525881,0.3838270237759844,0.3504547825246811,-2.335506475442186,3.4979067154101022,0.6332528076040548,1.450255274984436,0.10744942050101824,3.6002363062433913,1
-1.5785670048173526,1.326282629625474,-1.7022240610950148,-1.6309834634444622,2.132987794679844,2.0071181358296295,0.8590735592118206,-0.649602105613529,0.8117678410332766,1.0374609968728623,1
2.038542448109804,-0.8217812188923129,1.7461053201173238,0.09302066616173388,1.1996244418990707,2.7914390069999078,-3.392957049775707,4.59505285715888,0.30364180040609795,-3.086291240881801,0
-3.396750819430112,2.6042302297468156,-1.2644924064722456,-1.8956918345491087,1.3629035065180901,2.8049329463943233,1.1957591697000716,0.1493779509706572,0.837968841977436,1.1497050785918317,1
3.173728196075508,-4.591482273438703,-0.29843141636075693,-3.006604079920877,-0.6499526368376033,0.8253254208902446,-5.748724026100479,-1.1374138043255546,0.6738877844087633,1.8507767388015643,1
-0.12179736507798307,-0.7702053211776245,0.6840486314536397,-2.12256695416631,-0.6222175908717301,0.972436673807808,-2.513272409796125,-0.4415005830639229,1.7576808103878363,0.9365225892453742,1
0.3067097270191709,-0.20791155975959086,-0.7531428760730741,-1.4469597290340768,2.8173397631865615,1.4944147623181208,0.40671820125760316,-4.0804771968441695,-1.0172945976908025,1.5031445879288245,1
4.770469607219851,-3.191435113035647,0.15896068611246306,-0.6642938763430802,-0.014477829453946267,-2.025019423496099,-4.282481394376339,-2.11602423920371,0.3521924646437224,-1.5222985692537292,0
-0.5795515147422684,-0.8684407418694652,-3.427655528304998,-0.8012403325122104,-0.685407790661526,0.8808967524444574,-0.7615062272539421,2.6627620451389236,0.734839430207506,1.2298941916219226,1
-6.447297117801223,4.312851273844225,-0.3030367639869885,-1.077342570059525,-1.1482091330279505,1.0055463498551132,4.113333266266712,0.5194012722390662,0.7843795699167146,2.5792018207475174,1
2.2224673072882286,-1.7051185119409022,0.9677687879834663,-0.04660448395280259,1.4241816457066336,2.6308456836325282,-2.4762419923678727,-2.2166458069434913,-1.2624330931945689,-0.7214257004997688,1
2.884529553627415,-2.8586819793163616,0.9823260632987384,1.4309507786968072,-3.345406879687141,-0.5626136637254833,-4.096584273047308,-0.6845623376426059,-0.8595251117402818,-1.6340820306270265,0
-0.8437931054601148,-2.705905622841245,-0.6300009056631399,-1.4211971989896477,-2.9056036698585155,3.4156954182977417,-3.5398003062797003,0.9198765657759345,-0.3231176059461702,2.794226163193856,1
2.671723557931291,-1.803252434376893,1.1956352431945556,-3.0970431967192167,0.752511931148718,0.4779526735247326,-5.224711680579764,-0.7954939686580289,-0.08282290882277982,-0.8971018927618484,0
-0.8138990835441522,0.8751983007836616,-0.6078129620198454,-1.5315610258672603,2.117215100792444,2.825668110102131,-0.466528903670778,-0.5928271685213847,-0.10189562611957757,0.20980712211775332,1
1.9851491578423441,-1.1749332319600811,0.7317542110103611,-2.2431659976172544,-2.8492296459892934,-0.6420969886111031,-6.543163799509016,-2.0559668846412356,-0.1589601392113693,-2.083129037090892,0
0.06646176939724749,-0.23565048220607898,1.00039691332367,-1.2672801331349561,2.9301826200732997,2.2425190625484213,0.23958218458431632,0.9394614922552215,-0.716764652715561,0.8972465807880785,0
-1.6672213198297272,-1.4839246013447234,-1.6401673312416813,-0.7065756929733673,-3.32168186283671,1.9001567538550526,-1.7936677534565488,0.3691973273520106,0.3743780995040737,2.5690645559190712,1
-0.5729977406241242,1.189629306257366,-1.1949378259506007,-3.2132010457996456,2.7671912819320603,2.621100867187756,-1.855758876968433,0.43958550716581857,1.1755239713559191,-0.31539749370107084,1
1.6379756154139309,-1.7867753008516902,1.0603572933755796,0.13419719581523326,-1.3140521934639664,-0.9547817545286762,-1.828916190104061,-0.742398952311578,-0.590692422455163,-0.04723540317259434,0
0.9976491725486125,0.26894416594132475,0.18805894937134307,-4.3166562823576395,-1.0966916660051136,-1.4669245513993923,-5.661684014621658,-1.106269480164041,1.2664791618313562,-1.5892774392135278,0
-2.095103920304103,-2.1536082678759914,0.12729148254837966,-0.3398623314674136,-2.883173530449795,3.772418300801123,-1.3522180278020306,2.6773851720845316,0.15080876862502166,3.455166954754158,1
-1.7435453135964338,0.7497727083075745,0.06459336021737178,-1.7713116025731752,-4.428140338061779,0.049040405245228014,-3.896750372588618,0.032517135360254246,-2.00851792376992,-0.5727621160989324,0
-2.8976093965647953,2.6805096834770588,-0.4977660870338409,-3.7511958790459206,1.0704309039886213,1.0225205214789432,-0.3530908731673224,-0.8071217257766442,0.35379650799198925,0.9939084760252279,1
-2.1619686211599634,1.5029748063371704,-0.5028308938186279,-1.3634488019896254,2.2323685824215853,0.905782319505828,2.7532668962764695,-1.675742212312878,-0.8854656261311179,2.280163840230197,1
-3.587607263700229,2.3223836008774303,-2.0157712011576367,-0.539633500678512,3.5010196618451053,-0.21768123284740537,7.113622747533821,-1.6453382998185089,1.3587435664499423,4.26209561645153,1
8.554155247575922,-4.710497541638274,0.07602968664895711,-0.3410322600029816,1.615352847903576,-3.882776470444499,-5.66068759568301,-5.04725800926535,0.5342657703813887,-3.226413034884507,0
-0.049252941960158045,1.2828055169421182,-0.6108239556042889,-0.4914506641435661,-2.4730922542984093,-1.6613812040766787,-2.6310397629751723,1.6757810912070963,1.9327958553329974,-2.8354332286281005,0
-0.790114329617732,0.5859934861491158,-0.4476743659563957,-0.9286176907001175,2.029728163758341,3.581497244904319,-0.5184270077217096,1.9604279943580791,-0.3074323454493165,-0.142690688097745,0
-4.551155619453873,3.4149722495969095,0.35417735389621,-1.9541860124329302,0.2104118553080292,1.5090766746150979,2.048680210624114,0.5358937282683072,0.4837062946446253,1.5334976592480745,1
4.77389182872209,-4.138003213956413,1.3610473636530522,0.19960992365854158,-0.844799861690277,0.811517629302278,-5.75567774192536,0.4121393286141113,-0.7819920716278592,-1.9508227285535684,0
-2.70558970808536,2.3285100084806407,0.20108565915376136,-1.6100243450722587,2.116373944578822,2.1817725578806435,1.611206510416512,2.3173990824326576,-1.1920339103771125,0.7179816177160384,1
2.1504593424219776,-1.2744972526007885,0.7118273685976673,0.571228245653598,0.6888989814505239,2.3616390005265986,-2.902987839103392,2.1668400254563664,-0.5260876875400664,-2.307192932757808,0
-1.8184569535444124,1.3711651776645222,-2.4362293206111074,-1.5931276387596673,3.634304605839084,0.6451682943144279,3.704086472607716,-2.2458599864349162,-0.2919785595855003,2.85706991395215,1
0.7204284247476297,-0.8984792620636646,-0.02313351908421224,-1.0139729295700706,-0.17528062295522195,4.3651467372358965,-4.770062251301296,4.311444442067195,0.883024557866187,-2.016946337839482,0
-0.6998289759734602,-0.022299235604210432,-0.6615414275288143,-1.6529297881743024,-1.0294439068674621,0.40491701066472285,-1.5950370286742432,-2.26573384994893,0.17302244693420957,0.9490620088942114,1
-0.12262813854381735,0.11909892646224773,2.366972660059023,0.35803844894069314,2.5588411904457633,2.9898159494326415,0.9237633967771807,1.1177082736328379,-1.1032587225641184,0.05703030945674081,0
1.2851784442126242,-0.817532174844828,0.8965041830082391,-0.3321894296076078,-1.7637421616727091,-1.6705423275645737,-2.298461817769701,-0.8602056484312187,-0.09470111788131681,-0.9220504098909493,0
1.6960649741390637,-1.3887779784616296,-0.24541148304684085,-0.7718599268075396,1.6478942767199338,1.1321555513057597,-1.132706472180417,-5.522081104816252,0.2865529440796201,0.8506356684089474,1
0.5359229183544827,-1.0920324871952878,-1.3194830401400899,-2.831600517468947,0.1547875759644397,3.961599154088315,-5.32550007934959,2.36130118028754,0.9159628086021071,-0.6776739133265628,0
-3.433155774729814,0.10278191782034596,-0.15918909113792906,-1.5450520920344355,-3.4276697572629047,4.032705239519118,-2.424768790719773,0.3890346918304608,0.49246093067146557,2.1479027786682794,1
5.406378610984971,-3.587637321048992,-1.5193420734923568,-0.10681471193525383,-0.16032469400968097,-1.966306056671284,-4.450513849629013,-5.255610552230267,-1.0976103535087083,-1.5403970665686055,0
-0.5258895276144258,0.6616812386876154,-0.4604181408097928,-1.5907734770766189,1.879980857453201,2.3394413911789766,-0.6776418234090041,-1.4264760905796245,0.3358171199543676,0.2736593800676559,1
3.364898496433394,-1.766434180871515,0.419081012564048,-0.4423852641577515,-1.3429751752376835,-2.4458882837027724,-3.8905694947270697,-2.306777049332205,0.04895502445723428,-2.0201297838565706,0
-2.979819659601998,2.1544055941584976,1.6708826128258876,-1.7162755102432041,1.6227484494834983,2.075618968842423,1.8607246907239794,-1.485659426920197,0.3476004769326332,1.8314840766127731,1
-2.3835091955029974,-1.366828001001719,0.3274456973695609,-0.6548371748847273,-3.324303979503426,2.9945391222117497,-1.4825281313946694,0.5066516297548387,-0.8627433192868692,3.110609951863589,1
-2.471506641492531,1.0363133315702076,-0.7357455536280098,-4.964502519979858,-4.629083398157782,1.2120144669025916,-7.054396639817246,2.6516853057237464,1.200996333626334,-0.5946019160498653,0
2.9027424368438326,-1.8273942496810174,1.2152901726375547,-0.8646461539499609,-1.0186707225509446,-2.1201667142455642,-3.4982454819991746,-1.501356981055492,0.6069747131714861,-1.2429391492462147,0
4.787044807122672,-2.3507847527859522,0.4611552006334153,-1.2717601701280101,2.8721961485752265,-0.7086069300107862,-3.7807322393327674,3.6717485556288545,1.2714747922803773,-2.7410766741383568,0
-5.243450744704949,3.818028585754681,-1.4484174747755116,-1.5376207272838531,1.2825567106673492,1.351210446423842,4.302708426328698,1.6329678897996969,-0.503893690431518,2.4080627692003245,1
5.075734374711044,-1.569699249893387,0.7550737317968852,-1.3266264976083144,0.7190275001427646,-1.5572136367990668,-6.039946753080154,-0.5187795264878076,-0.45376535028420467,-4.536575599070172,0
-0.8946714289972514,-1.7092820487954747,-1.334238147735143,-0.03111928524438179,-1.2333672490762373,1.766352837707884,-0.21310475621982408,3.0820291982084145,-0.8685544383438216,2.326934616064642,1
3.0399681299232415,-2.8742897200610726,0.19553323783929896,-2.4874881058083806,-2.1230963599695865,-1.6899755850733285,-5.825384763185837,-2.878513845805645,0.5622959663541561,-0.22338755745294692,0
-3.697995663812699,2.780490588512621,-0.07548235316110327,-1.7469560154455257,2.5512258107318817,1.7761237430663752,3.573085862547978,-0.6559767729688898,1.0125206348103097,2.448827976431326,1
-0.7005296175207547,1.5221200537729906,0.5001986209124233,-2.277909602592522,-2.5499479754957917,-1.1347539686674781,-3.890565853431722,1.9758545207683285,2.1143762679708056,-2.3319958208837477,0
-3.724481952902135,2.295928159351548,0.27373937750748817,0.05120004702068259,0.40210031607854835,0.5572959413840208,4.237346150346524,-0.5412446981446389,-1.52180837631082,2.441235860254903,1
4.99612132905932,-4.465475951671858,1.424812186366273,-4.7957359508064386,-0.703293121479045,0.833001106215323,-10.431988887563353,1.7716924013941457,-2.3924848315411182,-1.6277088166162939,0
-3.754877739610314,0.7725216766756726,-1.2085746333301841,-1.670959563671093,-3.210934225699476,3.0341967675944783,-1.637178482852353,0.8621735990762466,0.5314100023954796,2.013970988100616,1
-1.2497571610575227,0.7647626921631303,0.30940532483967215,-1.5021609137629228,0.4303693573638063,0.8832065442780199,0.05608462289155796,-3.12512115012562,0.2823316647908166,1.3065008731635652,1
1.8791062716944666,-1.4748069071372134,-0.9409090106097221,-3.049290830289235,2.3426533620679617,1.2818873587777193,-3.2714290364667695,0.8662956358025156,-1.3586158073784438,0.10989428147323799,0
-1.5185060939726789,1.3689554398506916,-0.07438918449552662,-3.0252060592315466,3.5279780194751376,1.5449468671437958,1.2678668751116,-2.559631652684641,-0.09426634125386558,2.1531628442575332,1
-0.48391306808050244,-1.2155837824960203,-0.8247034572684357,-2.6849772147060453,-2.2103055806665433,1.872870349617124,-4.557940150977953,2.409342204093905,-0.3698655827853876,0.6471334228770961,1
-5.473707346274372,3.838500750188626,-0.16652401270302583,-1.284547608047816,1.491307439816569,1.183620931608261,5.210294438041325,1.1918482428594026,-1.2792974977895843,2.96370426964857,1
-3.7458658299237833,-0.6862057238199293,1.377117433508258,-0.7922321866855233,-3.918184883449318,4.469656439194313,-1.7894210119531337,4.079354564823779,-0.044645541331812574,2.820920305145271,1
-0.004302900713312687,-1.58772468482483,-1.5906795108244651,-0.7035207628387232,-0.5264699094445797,0.9408721709557574,-0.998481122023777,3.1755714870841674,-0.10761288541150188,1.405529510780985,1
-1.2794924184040506,-1.1560898697905875,-0.9329036334665967,-2.233039777036266,-2.795897731860972,2.523185737960368,-3.9451665051406772,1.5697601101750303,0.1780528280658048,1.395297206694136,1
0.8342973042982739,-0.2679133613429332,0.5240162119156936,-2.3922609921356544,3.1101843676488468,2.9175819675272106,-1.8450102422408934,-4.259835751762607,0.7080687853118298,0.4931636027561346,1
2.4002310937868683,-1.3171664248955959,0.26356552489985674,0.37853610921788383,-3.1521767789109205,-1.5033842870327354,-4.433282541953045,-1.5367766976711332,0.41398215154040124,-2.624453386885227,0
1.6709919768153554,-0.2858522639654537,2.478846056933467,-4.241398371510716,-0.7041880518291073,-0.5547009198291396,-6.615484372766861,1.2199720867873132,-0.45967578328567216,-2.29988524800777,0
-1.4032504019443048,1.0379224639410851,-1.4239138406470426,-1.7548163920489455,1.2157467817614198,1.7077597308504693,0.0761815780977814,-2.511668883307916,0.6606311230264938,1.1526703866641568,1
0.8068265530207709,0.09848830298013134,-1.3527348851099972,-0.5214859668353438,2.762892099013864,2.099744045003079,-0.43252258193933324,0.5525007196782429,1.6979655193513756,-0.8202062596988927,0
2.526193113007505,-1.5241261702046793,0.3855640216451009,-1.3430216512697295,-1.583342511824668,-3.218174547612469,-3.444022620683129,-0.8215826565728706,0.20554342053911084,-1.0953925659288308,0
-1.9627727073891532,1.1824844281388267,0.917165663986085,-0.7017257656180056,1.7991276071021536,1.2236478728199187,2.6764135235428608,-2.4445337181031475,-0.23220202336910778,2.2091422514566115,1
4.916514106387302,-4.6821516516875725,0.1882813886599442,-2.1944720897251315,-1.383600868880808,-1.6153963072291972,-6.535748387001572,-3.0949615142887343,0.9952543946760563,-0.024944311821707643,0
5.407738754991655,-3.0478607849785386,1.7168974461534028,-2.535565030889566,0.1913933332102813,-2.368342155751889,-6.711592357519502,-0.5572683181777944,-0.9663275642986852,-2.663089535883419,0
-1.1159578588161996,-1.0309280682218898,-0.6480079851831785,-1.49280217419862,-1.4865948492846481,2.5267197856345818,-2.2796403924119804,1.2949264198862507,-0.8756311611257722,1.6070874656198622,1
0.8292025153337894,-1.8101113807505311,1.4803096006619325,0.070940138925357,-1.9866040112140169,-1.5799857051376696,-0.8810435171448963,-1.3383029273449512,-1.3749656476773362,1.2522694127825678,0
-2.6973897086832483,2.1371308939145814,0.7384451661811908,-1.3522426511826586,2.693244834115327,1.8424345815438443,2.8410974212540614,0.8674800244395358,1.3874983320028031,1.6366023352015493,1
-4.965865419856155,3.701803284065145,2.4213421166717644,-2.5227346663712895,1.2738407667896325,1.005179966877778,3.3905512945182648,-0.12918987382692593,-0.443449437650773,2.6143536682694566,1
1.6072235414964597,-1.1599786140420467,-0.06205485179272471,-1.434437624295554,2.7540985935158737,1.7015363858136303,-1.164432726915253,-3.5099511907308227,-1.481658563256228,0.7181252448539647,1
3.9757798747208053,-0.392563028914358,0.8353938659852992,0.7034195850037621,3.0008509619168873,-0.7757937798320342,-1.5720173931039512,0.1194342516157374,0.4735735373322883,-3.961224416715248,0
-4.426475252014967,0.037885775329842275,-0.9763663337674485,-1.0507716510491638,-4.200387550177096,4.109730547283714,-1.3378348844677352,1.5291572979065549,-0.28056083055667014,3.188393654907455,1
3.7702590772042157,-0.24660778765192592,-0.6777464982678786,-0.9421432424179751,1.3198711181569056,-3.2108553141397964,-2.74404277491871,-2.653070843882073,-0.6242386236337543,-3.3051864572040515,0
0.4491802715955724,-1.5670322877847154,2.047308950921435,-3.286566864421429,-2.0859753093735236,0.7168667493391743,-5.352086230002907,1.6771813779482834,-2.18044112000055,0.34141638544484065,0
1.2139541018824307,-1.2132962310824884,-0.3470640531869431,0.17717764429712268,0.6569456948319571,2.565483679378798,-1.9355886856508664,0.060669963675812566,0.2004156634338564,-0.6362271779393972,0
4.617234615333944,-2.049397973581464,0.10621726392200276,-0.8678693794367031,-1.4279064234226955,-2.253436278069224,-6.025089763912029,-4.716941103716108,-2.1016926478173197,-3.265220709625632,0
-2.7874834354931535,-0.8827805514365603,-0.7468229894047271,-0.32177422499921615,-2.1420475683594478,3.9625160183897394,-0.4246015182265966,1.726254740907949,-0.5252876363534668,3.0435988499234314,1
3.271142526006697,-1.1967702040057842,0.652697520157137,-1.5240803581631175,2.0329097817361,1.8054816386216743,-5.0055877902464045,4.512884140961935,-0.11838025553020513,-3.568177745977567,0
-3.3478978502426804,2.112090312724771,-2.5841279189392345,-0.6228358721331256,2.34533943129383,0.12432667331031699,5.444967132484573,-1.6378388063122211,-1.3380512762574128,3.4988355190783103,1
-2.018722732934736,-1.7255856292391656,-0.27466013095650416,-0.83171653361612,-3.029312861622835,3.607827640778309,-2.100051036415896,0.8466430062813443,1.1875894738309067,2.9790374451221457,1
-2.4336797517417237,0.13676633475318378,-0.9546731912379831,0.7138827437588451,-1.480619494735885,1.070174158607542,2.0223817087159013,0.15534049337144684,-1.303236874048536,2.446680809485356,1
-2.0840079071155717,-0.3440209921237214,0.5871186879279989,-0.8897751986133912,-2.7050503756626005,2.0411542639211397,-1.4478981912678694,-0.933371756117646,-1.3474249674586936,1.9465155448046119,1
-0.6268853345383292,0.5361827415185819,-0.39602726286791157,-1.7138329927225908,2.0965056731892986,2.2762294111153905,-0.23985802606735698,-2.457773684943915,-1.8683113111391456,0.9376077459555989,1
6.016452314066362,-2.9653280699748743,0.4722395776438684,-4.3409731498790745,0.9502538006780905,-0.8718245797022967,-9.543662210926149,-0.8438851659960777,0.2000234056665911,-3.738226665626863,0
4.46282496029511,-3.6223528497838995,-0.7038260165325425,-0.8222572257412204,-0.7647410864077553,-1.244978904186447,-5.0349348449998566,-0.8825497257550096,-1.0524716931310973,-1.2131651340177925,0
-4.329738828244431,3.150379082734724,1.0833692963605164,-1.3639156245115855,3.5302119716822857,0.8148814995276014,6.17718566063389,0.222680949030436,0.3871686266268043,3.553346191586769,1
-0.14276966300738383,-0.8158841312181369,-0.2649159166814195,-2.2121679357787576,-0.9244751917607903,0.7164542813508934,-2.9986277921598075,4.6704694321544995,-0.9023954846402445,0.15570809825294507,1
0.29757013050989867,1.436219905813998,-0.75948503499512,-2.0244210729573386,-2.443046318608357,-0.9473039909548322,-4.899632466767518,-1.2502101976337834,-0.7400489652367772,-3.2912345594579584,0
0.20074963500330711,-0.9116987578652214,-0.5849044402828787,-2.928699475312442,-1.258575393448098,0.9047018573662392,-4.192513815237802,-1.008265364379679,-0.9257832358664522,0.4854267357305273,1
0.8724490095845286,-0.2384596115212292,-0.37154133777271353,-0.8041789412489373,2.818197402270755,3.6089864013897905,-1.584114237917221,1.5631293603564758,0.2927600209148427,-1.0523072130697355,1
0.2549744916223222,1.7704306014541054,-1.2577036658592413,-0.6118099353798879,5.916730469660224,1.6018427216935407,2.5293148490702007,3.29935539387562,-0.9700205758003195,-1.1900138485314942,0
2.7033245431329336,0.6540117630394016,-1.0477990436021298,-0.2768588208717928,4.272064561074657,0.6126855609071477,-1.0706691124051946,2.9869318452032805,0.11493605439387525,-3.8082974279807975,0
2.9681394755652373,-1.470941467174435,1.1998588661949168,0.2678345213668727,-1.2409295469730066,-1.9044099186097636,-3.1676775886927593,-1.0543937521833726,-0.871890164708353,-2.2372026219372616,0
1.2955032502054908,-0.9196945182527321,-0.5238185636690267,-1.4539124842273459,1.5658794442535755,0.8063849493235918,-1.4052130074675713,-4.210628168961419,0.12148281007163754,0.6628413003682171,1
2.000870033109031,-2.0273197161405365,0.4178229935558582,-2.318005373994732,-1.5646359452879446,-1.5485326251159395,-4.300592561205143,-1.16674489475589,-1.6195445938757005,0.05889245709230995,0
-1.9857506252533923,1.4140552939140354,1.4980433353899014,-1.769329580267956,-0.3598334938027783,0.9377214146644884,-0.3723812189758771,-2.1823456605483007,0.02403607828630582,0.9066718538591542,1
3.0379783676467054,-1.659881090239379,1.3298683420109085,0.47783615559055304,0.8211251473218089,1.3449439165646901,-3.185934001822331,0.8275686171121338,0.24155798328814093,-2.4675513310602093,0
-0.44536234375626765,1.3709995155003418,0.17598818952546053,-3.3154072798707643,-1.9789608133306515,-1.7082259600321195,-4.061002609090815,0.010557779284939617,-0.8084963992003955,-1.621799281175856,0
1.3968703175451196,-0.4739758973918553,0.8294875898567414,-1.2568853983689359,1.253525928259878,2.2836604320289213,-3.2516488074863252,0.7065117900179845,-2.9173628613030647,-1.6837575056996945,0
3.285126530434213,-1.5133437207318237,0.4548977432022152,-3.303409624299931,-1.2808732044222726,-2.7808119541879943,-6.058635585976681,-5.60886894419665,-0.25260598723733896,-1.418068118094214,0
3.336850943114924,-0.8191752208428356,1.3658704330648481,-1.659671650347134,3.5144875776013675,0.2799515731403688,-2.8648328557875784,2.473829296121578,-0.8773425286979435,-2.6213873441161333,0
-1.8320034353448913,1.5696911395919348,2.5102281475277115,-1.4658702375022625,0.5484897159686791,2.0578390338854105,-0.4553265591349552,0.8217855721189085,-1.571866188296753,-0.017041300406142046,1
3.327713351695211,-1.199623289419949,0.7719080873108776,-0.46969257321862146,1.579742039148134,0.030134380633749736,-3.158061983930357,0.793923540270306,1.0730797439725925,-2.7228086833736533,0
-3.3659400896673133,2.4645793284923947,-1.7084413658844426,-1.7952331135200943,-0.51894361776804,2.0474513115274946,0.09106503572631693,-1.7103688150567207,0.28182008601658365,0.9165147083890441,1
-7.393257056589694,5.303069028872866,0.26829116716341245,-2.625024896259891,0.9259484617560232,0.008067980745166459,6.190116644525927,0.5156911902659473,-1.4803291198232909,4.059271703495841,1
-1.062464699410215,-2.462174072431727,0.7173906066377175,1.6129087682760814,-0.9231867001879644,1.277917879449854,2.7227268261130435,1.820888419289026,-0.05896340684894059,4.195360654344352,1
0.3764428568139623,-1.2476589908186655,0.6223026774078732,-1.0721149387584872,1.8280355896040712,2.8418141761638704,-0.8232172000883309,-0.1847910028924875,0.07563037067748683,1.3710415076932256,0
-1.9542635181719148,1.4768349588623804,0.20028644146179478,-1.614420621312728,2.0826693844928412,0.22712555102548282,2.597429711004746,-2.740945834770684,-0.2310797369129438,2.3430290374815264,1
0.9122424152182705,-0.6618279370424318,-0.7486327239940261,-1.218832880422161,1.2459643424193356,2.6824773555751715,-2.475373717340543,-1.9389576387706742,2.8611392932172115,-0.34087717472085965,1
-1.3429230052243264,-1.2191882874601747,0.6703023546736777,-4.428494685912602,-4.387969059703117,3.2486771078883785,-7.955969841668446,2.819525367529094,-1.3255462574350425,0.46045753070184414,1
3.1483388336165805,-3.41680009242675,0.7274922867269737,-2.89267450136407,-0.30884300278925436,-0.15646283340591483,-5.450634454464753,0.35460124440282836,1.4089735388430829,0.3376439666158231,1
-0.8376567622084586,-1.9007445378417154,0.345181909032462,-0.3321410059149368,-1.6079616855929153,1.665617808194286,-0.5915021400339331,0.5105908785468746,0.7360172425833017,2.8132744207485745,1
2.919545431178166,-3.3025788961663283,-0.09475314631534462,0.12410824158251232,-0.9359688275866986,2.4040404147483283,-4.809904091659002,1.8345159274520475,1.1461704509257484,-1.1394168947798475,0
2.6414663048261664,-2.0012412497687855,1.239834359294089,-0.6590343709716048,2.6194704209903477,1.4370913000033056,-1.3047181426630134,-5.443079699164873,-0.412206452497665,0.6704302046086601,1
0.42237553706831166,-0.013102463955902977,-2.6562383752768257,-1.5489674503474353,1.932981049393733,3.0312466817120844,-2.0982906802483887,-0.46911878673121676,-0.46005857432603064,-0.5595667242721536,1
-1.9245747410361416,1.3697205024283075,0.7864301081167289,-0.7428266991098791,2.722386551419137,1.2484478621522586,3.2001647781826583,0.013482827959570898,0.6753876060860706,1.9265178041067423,1
4.264700276958448,-4.213397922204376,-1.637973732071693,-3.499415624286696,-0.26942314367500764,-0.6541903724535718,-6.980199179934479,2.9615482925050562,-0.8798534432943514,-0.3834815147329964,1
-6.175749166783419,4.092353102287641,0.21810686803426127,-0.6342253016528686,0.8883932757059877,0.4739420918951285,6.600280553593422,0.6886250784540104,-1.1442072287932656,3.666914453699498,1
4.140051986084161,-2.526187854804572,-1.6444751006314595,-4.638017775796484,-0.00824401964259569,-0.923373274667939,-8.264655868565843,0.07798465328724014,-0.25407298955955926,-2.0414732840936045,0
1.0264012922162067,-0.8653618169353604,-0.020466724909825356,-3.540754288486647,-1.5838542874634336,-0.6545178585430033,-5.413544479702543,0.5932048632208362,-0.06424873618608622,-0.7326660769466153,0
1.7202276703813721,-4.292859336160637,0.5528064705268864,-0.9870969032448033,-0.5731563927675178,1.9609288230125141,-2.9634904278906924,4.673535936716881,0.2307031660256825,2.263441384259045,1
-1.400672809777365,0.627277239082147,-0.5188359294659994,0.09683559042141598,-0.3406001461573258,1.4539424756393016,0.6471700554514592,-2.341540221156294,1.1219677374278254,0.9330769167947351,1
9.935158045405197,-5.606723052712984,-0.8118915303839981,1.4882846324128156,0.6049558186012822,-3.1934978852359235,-6.901068642204463,-5.539701497302182,-0.15344855244114008,-4.827772741625154,0
-1.4551870813722416,1.0631808102963611,-1.6182671890502973,-0.654568452467487,2.665882851814461,3.1465830901017426,1.4512628887412233,0.27553763973696155,1.7882156399829787,0.9072149675383463,1
-2.044600134060292,-2.2167095725629062,-0.3817212966031513,-3.33929882799195,-5.3825564013331135,4.752096703367207,-6.96918876924332,-1.6637127781090957,-0.28487917523926515,2.740217995243739,1
-2.0913321615995875,1.6240818433487214,-0.3974492987894051,-1.4379346620726816,1.3585861282174112,2.6636838830473764,0.3431584361835236,0.5271448906077039,0.2734586496812827,0.5567952846103393,1
1.8707122337250357,-0.6485848008333694,0.12333075761887453,-0.6819880496838251,1.9544730946649724,1.0302038512414544,-1.8412123645929306,1.2485163738029403,0.6137659938071383,-1.4863841901049843,0
-3.6850113483897853,2.60575076551835,1.2128537387842062,-1.1249476031052832,0.19305139777292468,1.5874384725515562,1.9939439263832852,-0.09467162379006133,0.7304107950830058,1.427565303720878,1
-0.9069030414659244,0.4425144586751828,0.3408163943331779,-1.2138926096749132,-0.7161213601929498,0.22872284273403953,-1.076239995882216,2.79146266063474,0.7383368600316264,-0.06822184248853191,1
-1.3549030614947035,1.4997068346318296,0.4215629025033875,-2.7781060380916207,-3.5264609638920636,-1.0332222745265376,-4.2505640516420415,-0.18039555170018162,1.1746443679507879,-1.4123013316019637,0
-1.4200157705188114,-0.021979534696779046,-0.11424496107048325,-4.546198417773571,-3.2772113596067793,0.36174920661292376,-5.602121615300975,1.3409698267825827,1.8812455979210698,0.5598442278424578,0
4.682140993091105,-2.917586141486395,-0.8084464297304403,-2.4267366346384334,0.002215079233721884,-1.001814772033273,-6.554899603354157,-2.730906931989426,0.5160874099730932,-1.9492116744349457,0
-1.7042020183399689,1.1217199940571316,-0.396956132474094,-1.280882495763721,1.9195923635216592,1.7906288258661998,1.5293783512160828,-2.230916275897298,1.512375137495705,1.7560959758929005,1
-0.665509037763871,0.41044385427845964,-0.7989512101530608,-0.8895375270267728,0.5282192824982213,1.2000318959987533,-0.17997776741185767,-2.572132855446627,0.8750245019935591,0.737902423094096,1
0.9506130260480095,-0.5273612939606765,-0.4616477458590575,0.1560457449999606,-3.5474354462756237,-2.115767194577006,-3.00736682339727,-0.7329259144548771,-0.22706516564371237,-1.649984235214283,0
2.5302650035341463,-2.2961121602501153,1.8047306133960543,0.24685959546911085,-2.5751743246789984,-1.2157004665958966,-3.587155133758999,-4.192189174006209,1.3966518031533512,-0.6762715901786805,0
1.2249357719099434,-1.5645260332016484,-1.3989214260045872,-3.2911909098836203,-1.3765913280583169,-1.74369304046753,-3.999083669995988,-1.3514335992955377,-0.2608010296479459,0.8304744162077049,0
1.4651709077613422,-1.4357647311811712,-1.2700847385126517,-1.5853669667420995,1.0617924229109712,1.5677941475336765,-2.7486808161441423,0.28069692720913775,-2.477903509100612,-0.05022291825759306,0
1.6895547658049173,-3.234539141940277,0.849056101242407,-0.4440975428312186,0.36993334288545054,0.6975040506048344,-1.1571026308597119,2.245324755739388,0.6637654719829187,1.9545861948002465,1
0.4368344701299944,-0.255523268253558,-1.0929627913052744,-1.1940305795528232,-1.3886715769592226,3.9561170087192994,-5.496945105067607,-0.9612954843585858,-1.0133526164968634,-2.178872196605675,1
0.7114023088203377,-1.0421100101807603,-0.47558593246390446,-1.154998950584795,-0.7054008744497282,-1.069104809159688,-1.4871643377779322,0.31752086604545027,-0.45464418049025607,0.531179808297288,1
-2.1748561072187576,-0.3851185001220405,1.388296524800516,0.625889324017836,-0.5882583353215942,1.9678743124729556,2.1486424374708406,0.4861428061094837,-0.9496331188556748,2.938438391545307,1
-6.055088178947073,4.080251807455901,-1.1456139838605006,-0.8502228438068197,1.888988061765267,-0.21408395020212256,7.733397931777041,-0.29560860722129534,1.132069596638471,4.423799193776979,1
3.2360499535716896,-2.850867429568561,0.9063067376616446,-2.3066863797859254,0.5723777974915917,1.352313280297881,-5.552384309444998,0.8943788645946316,0.801151961960901,-0.8907885544800763,0
4.04734145836866,-0.9281732427316124,-0.5574421938468871,-0.9347455800409211,-0.6708920954350228,-1.0538694295335664,-6.295535689684855,0.20625355622439612,0.5608497527843965,-4.93322615253605,0
-1.2552817669623273,-2.450726142020824,-0.6921889937428377,-2.5307108167973094,-4.012067488795637,3.794460702483722,-5.3477234872410895,-0.5627845501424287,-0.21452204637898578,2.6612862173920906,1
3.414958622170917,-1.585199091398359,0.12763259648281905,1.0784718920198029,-1.7260796005637942,-2.3902807225651377,-3.0529210382962404,-2.9712631863192582,0.47383794556642633,-2.588273823980746,0
3.77066112439677,-1.5679586418290168,-0.08238928755214436,-1.3123756268215874,1.7474339622088193,0.3746110051913347,-4.4499241843588475,1.1918589182165569,0.13077868197977363,-2.9001304550349056,0
0.7397355034219056,-0.41558285496754976,0.42158970013564595,-1.5314512314131057,2.6078745286373692,0.9189048917154189,-0.06387555829472494,-3.337326111219251,-3.252029432671587,1.119835532759065,1
-1.7666589411803642,1.2496194625010124,-1.6256827074814433,-2.417536340114392,1.8434945370486227,-0.1987294467012921,1.8601038200819064,-4.191042954733302,2.332049604264109,2.713053555838145,1
-1.5758451149781876,-0.9886624332758501,-0.6664137106614183,-1.3591277173867369,-2.1473986743867792,2.78648851865195,-2.2950099217313036,0.9010315615297759,0.5484544952248727,1.8967516645346207,1
5.281374814995194,-2.720236575534876,0.3516188365547248,-1.596200116319463,0.5324676910943374,-0.11996975074148475,-7.102931758193536,0.9305419709221241,0.8043143414202529,-3.895583687827264,0
6.721155141096936,-3.504312551324867,0.5524368099775481,-0.10212236945453723,1.6556748671973183,-3.2952908205507185,-3.9709547932225697,-2.5007108284600266,-0.43154580339070847,-2.8041711890745353,0
-3.408074530096033,0.1928564066824916,0.43025301660559856,-1.257697575883671,-2.947410094379351,3.3967912602640107,-1.4533320499868296,1.786774669307667,0.3118669158454754,2.194888265365273,1
0.5265769885793599,-0.23150169304523538,-0.2843758413423561,-1.9058406090592768,-0.8176618901307516,-2.6128357863340517,-1.5439692358941859,0.9925019370900565,0.4160823712415787,-0.0072299663717909635,0
-0.9545155100732546,0.8264345999102137,2.34887597041423,-1.071765344807354,2.698030485742339,2.2554618496399184,1.1399526710041894,-0.5411952969331061,-2.9543905990807193,0.9710902278805694,1
3.521567620381635,-2.105049509029986,-1.6241006779780383,-2.152389823334065,5.172233336005432,2.778777155134591,-2.3035970767725535,-5.171797382003569,1.8455654253792761,0.31771267374232237,1
3.7497153325805925,-1.094658262889104,-2.0307962694660584,0.11809692644826608,0.7196753363857791,1.1378004521465592,-4.98152815953562,2.209589254491691,0.49986161047286753,-4.65738476716891,0
1.7858089792099074,0.812401019815943,-1.147155377478833,-0.08484474741251224,4.054409987685863,0.22399733253373255,0.6764093894830668,-1.0240238207550214,-0.8236997751999194,-1.9334737265298347,0
0.5627562636160264,-1.1452869827448335,-0.01906339785355501,-0.8594087398548093,0.5335400511662165,0.6438429145447881,-1.0036341233078283,2.9228680458588947,1.2072883114752209,0.5151339164183757,1
2.932711115175381,-1.8515343698203184,1.3606112048522843,-1.85449579216166,1.2647047214483977,1.7946078329079524,-5.0536887182178996,3.050129034690389,-0.52824629497982,-2.1433316589576177,0
2.021147777032895,-3.0249027561448596,0.07045959065910236,-2.297340731538335,-0.4419464286060979,0.8753908900829103,-4.426487354951978,2.6436234183450846,0.6546310170095015,0.6770903115362339,1
-1.8233106404768893,-0.7540841181099683,0.024166138725236413,-0.31526551808668857,-1.681334626997672,1.9568574646269488,-0.2691481829955922,3.370842933177837,0.21596970972569457,1.9914288870911596,1
-0.886159583246326,0.6504428958803395,-0.11415121752646497,-0.4306518128846262,1.362029705519187,2.2877464162419248,0.4293233849951147,-1.0465089204784175,0.6318887653919859,0.4805487512172444,1
-1.7705187177266404,-2.1466123158369954,-0.2871035198299246,-2.367601815250335,-3.761303801510884,4.317454566044153,-4.9452964336090455,2.9682415210489665,0.652168840309869,2.3685977372603886,1
4.259827157348515,-3.4612685018451117,-0.6038386269228911,-5.019651838321343,-0.13181498184763063,0.9566635294887235,-9.619054037714365,0.8172681189900419,0.6199160472041114,-1.601875320315159,0
1.5829083274131939,-0.7994680841616989,-0.0070791300016539915,-1.6788668141576746,-2.3164129384347656,-0.9225133057195772,-5.083112809661361,0.007613853978338803,0.013271752391360402,-2.02553790442005,0
4.403439970593747,-2.009146030646302,-1.1881336398286189,-0.4895068307784656,-1.4257329979134101,-2.652052709877146,-5.211024054760791,-3.318029117861221,-1.4348628083647066,-3.096176376324823,0
-0.011028181489883434,-2.072678934815662,0.5085322959665433,-0.6333192775295431,-1.029361551631279,1.2625845044390718,-1.2088580810581269,1.3045355012056037,-1.5692993382289517,2.0971073475016873,1
-0.2545826275150569,-1.5358865027761128,-0.9445107528722869,-1.3440745102923632,-1.4169608704364878,1.7604043219026577,-2.760802456727641,4.675950470419245,0.47439560544710485,0.7743754012732909,1
3.9575425067285828,-3.5190413501049016,0.30584364441417755,-1.0556733709205954,1.218474269893021,-0.35657554758923893,-3.2154211235501617,-0.4563859993986177,0.1109150976333842,0.076823728776789,0
4.8266480582689,-2.9308827312667303,0.4089254624218011,-3.222919232709282,0.6071346146115024,-1.802372336351943,-6.335477688845587,-3.255713492476733,0.8960273456611808,-1.428183639004895,0
4.590602253044641,-1.6804039912911404,0.013668457540914473,-0.6474869704643733,2.4579180180329283,-0.35653915741737774,-3.9555132461938673,3.4283910324258664,-1.1884355910592455,-3.809882704382173,0
3.059348732082898,-3.7786931625889606,1.157321897908742,-1.8723959616487502,-3.6181828001588894,1.5475080567849373,-8.472736347638296,-0.714535470962075,-1.9496103915437153,-1.1508014633067476,0
3.6800442668395594,-2.8677944919587146,-0.7138102772901164,-3.6055451536457364,0.5441578221535196,0.3485250674444118,-6.752293658693905,0.7195751904149448,0.7067425969553479,-1.1168539657576404,0
0.3869261536107827,-0.2226680716809759,0.011722149085865649,1.4625397334681045,2.1349519746080756,1.7067831411678727,1.9275152829917361,-0.5986585403692066,0.6161730983702236,0.2229089259005792,0
0.806510523950198,-0.9357630853036509,0.7165772397413153,-0.8780715357797693,-2.544028119203337,-0.9918549386034946,-3.188735334688725,-1.478040999088783,-1.1063432565651852,-0.48256862371740383,0
4.4620748734685645,-1.868546043256143,0.3755857489573709,-0.4358999127215899,2.637820397768974,0.2799781372151431,-3.6341340346632087,2.509687676077401,0.8302093880397223,-3.311348430069696,0
1.3830946267352018,-0.13380387644770875,-0.06460771777354891,-3.6614244601820825,-0.2593264739897647,-3.157291953294347,-3.4488586440600284,-1.077963588692759,1.4759646948424598,-0.5936563348394772,0
-2.139935426771543,-1.348162047051634,0.024211008328300997,1.1624486549110835,-1.5322146551258782,2.2678506002209446,1.9060882853507028,2.825764515051678,0.5615052873804263,3.378237997682504,1
-1.9340070538699465,0.3127096798820741,0.38483529560789026,-0.7014314548025472,-0.8480562663758059,1.3338096391176502,0.34342303898929166,-0.20154868933737347,-0.9468823193535822,1.7582041286452008,1
0.1526916895677709,-2.5294937970655478,-0.5751789549976456,-1.406909723747577,-1.6725374539144702,1.8588859129815094,-3.0779717251125294,3.946294820023306,-0.3995861733910266,1.6291048496823604,1
-4.561126633457123,0.8853000353889229,0.41221379514787054,-0.9444248658582126,-3.523893116921975,4.260779045539959,-0.9739190691900422,1.167436841773067,-0.17897602203862556,2.428705551146362,1
-0.657688423419017,-1.4669607579030637,-0.6403697443878648,-1.4836588430043989,-1.0394445602430964,1.8054886068168736,-1.6867314833635008,0.045277309579117686,0.8110846134524657,2.2434512940498186,1
-4.101235567487622,-0.9139228147064796,-0.6400373318316083,-0.20811098255417715,-4.443454743360557,4.713583688418104,-1.2380648591628511,3.7278470012277327,-0.06807474003371629,3.4037095344319788,1
-0.8998889273353156,-1.125033240520459,-0.17326412410434758,-2.2023150304368517,-1.649125271523698,2.50512095340023,-3.3846042118040045,1.9700542633376106,0.5611168958119932,1.2708990404966871,1
1.658510772403857,-3.9985471381361717,-0.9661703877896614,-0.47110471603395543,-0.05171967687471035,1.1512466545395614,-1.4806693978432617,3.857995660177926,-0.3071195781752972,2.556611041840779,1
-2.649956851915995,1.0718820956807105,0.2369917607314634,0.3305797882537833,-0.9626429063962947,0.8607710254615828,1.9711811404776443,1.5357759247107108,-0.15279745402249575,1.4766197346737975,1
1.672818485251279,-2.8191302159370526,1.071376009750154,-4.645204554576183,-0.19799876358199575,2.7492422490808,-7.034100878553274,0.37710714038918725,-0.8435228108598902,0.8891482122233514,0
2.727307085190244,-3.161612728081951,0.4935550838254577,-1.8364877374790476,0.6018770337568617,0.2431294878588799,-3.3194637140041534,-0.517871893962095,-0.7707850460027027,1.0080243289623823,1
1.7011946145081307,-4.366686135388978,0.7766463098556433,-0.045949549443035975,-0.1190670602304158,1.8181412243335968,-1.2868065652752807,1.6526740651435419,0.503175456998856,3.1199006824312003,1
4.046319147905805,-4.280887418147455,1.1084959171771165,-2.080542541893234,-1.0374483767230336,1.296124704907164,-7.177491719916362,0.304306387310864,-0.3271153430915307,-0.6780644289395279,0
-2.8003414538637275,0.11918827461586057,0.2349901586757452,-0.9891054213212122,-2.9801540018759693,2.095230851206128,-1.2165933804494307,1.3772234100389475,0.31707841034863987,1.8370497916538067,1
0.8472334770005711,-0.5072603463942231,-0.23686286681924823,-2.068984804793227,2.318420132894354,1.898498640825921,-1.7802283954476064,-0.41849427875293377,1.4686470145390538,0.1584168889635411,0
2.3334781709742454,-1.5215843184013786,-0.40258307110950714,-0.5210673328644329,1.5076556941977215,1.5570080561918325,-2.730521671286488,2.8180254219677217,-1.0123799738276023,-1.5437233733294764,0
0.9180999125957464,-0.567621053416021,-0.8103141571972697,-0.35910283233633544,1.1955291816932574,2.2856100089648477,-1.6809365189530687,0.1915427110829857,1.4884708301231753,-0.7819028674641717,0
2.3190964393471343,-1.9190362560074465,0.8980806925781035,-1.6519097252812638,1.3667874590057099,-0.7285508818722839,-1.9973031573905937,0.676224433400045,-0.26971031102471027,0.2550765426732835,1
-4.318540042457825,3.439443721366079,-1.1265941729605462,-2.5784654494798573,1.9678387114213192,2.010108198611789,2.572352175942435,-0.2928338684078824,0.7468800939723581,2.0229091912780643,1
2.6650940007665334,-3.070778966759746,-0.7463980097641445,-1.109379695679491,1.0391269624805273,-0.2988417136327546,-1.9374597600474013,1.1642445817118279,-2.653379100182451,1.0629169404009327,1
-0.9735081158460099,0.5756668636819477,0.8506873246896567,-1.2232604987775295,-0.22481646933917254,0.0512945839257688,-0.3512158493831942,1.0153631170566038,-2.4070285957820063,0.43307234605874734,1
-2.408425054035848,-0.5158403094668901,0.2834725072556046,-1.6013012968535731,-3.1477007450383283,2.9596073407226298,-2.813072786004873,3.084183426137978,-0.11018719359214611,1.5730784992153481,1
4.057237265786419,-3.2415705694393027,-1.0123417836661144,-0.6261845072674966,-1.3614737675932616,-1.0887179439291712,-4.967061852413503,-4.129980850139097,-0.9704785435309563,-1.0094619213903668,0
0.4866894932657862,-0.9504479296895091,0.7577433174478562,-1.5021469163964725,1.3268250140684483,2.1806711854219016,-1.6093600482691872,-0.44984983578591153,1.010532767038355,0.7814752189887955,0
-1.6210831634048712,1.3288476746173112,-1.6572079385712764,-2.9810094221781265,-0.2708340925679058,1.6277285181885894,-2.327324193295785,-2.3922331106084087,-0.46619795034685974,0.3725035490659314,1
2.18330291039847,-1.5468468870903305,-0.4475062273628483,-0.7336839371267903,-1.6510286972135306,-1.5818496393953145,-3.4700448550202663,-1.3157861928947563,0.28163480374787203,-1.0891587073653681,0
-1.0894466779574066,0.19954859581098816,-1.1041609270916755,-5.0858464302905135,-1.9822519053865086,-0.30577713688808705,-5.000229529851812,1.174910182819827,0.4064313888247452,0.651620281894576,0
2.407882209473796,-2.3487105860750703,0.1251064517311541,-1.8144734341331876,0.696840925195271,-1.2212696359456547,-2.455164529028512,2.3044677622197742,1.9596915005941495,0.36095853363176955,1
-1.0957446435197735,1.3267315089273808,1.30217973561921,-3.9675300168387677,-1.9340706836966184,-1.5981579086176734,-3.679878136788679,-0.16073630715430376,-0.9483895549878306,-0.46528984865782586,0
4.242629154825217,-2.0100054278352575,0.009060053756755178,-0.035668918940522154,1.470702288053832,-0.24461124957960778,-3.5600437019685622,0.9959298696487346,-0.5984802264241189,-2.9354525244852265,0
1.6169656563136785,-1.2250604668670504,0.6336381650075443,-0.8188742882342501,1.0216814506112213,2.927159071062885,-3.1073547251913913,-3.2222187322452216,-0.1553669733555032,-0.6047290567102892,1
1.705430228820122,-3.3707802304777967,-0.14593419520458695,-1.2936882288023368,-0.10306305464190735,1.7660552562573208,-2.9809838561347277,1.2576980725785654,1.3285418523493597,1.7345335474398524,1
-8.005160633038837,5.576242752987758,1.3803195745797507,-1.15605930583519,1.654037210487455,0.8376050014478654,8.33217375477532,2.3839186062821924,1.8577258289483811,4.2891464202196286,1
1.1435928868901042,-0.8661270025532906,-0.7983686328937818,-3.6004742659458944,0.01961739442602961,0.821240653029126,-4.993385158842397,0.020513387590384458,1.704794157624586,-0.522803956596329,1
3.1516437234474868,-0.8439085181762656,-0.4688053252108123,-1.753733350041116,1.212868284267824,1.2452398941223317,-5.573501151635744,2.5979720547190213,-0.3586146001587534,-3.824324743435601,0
2.5484659389650774,-2.3834859954653536,0.32251899480844265,-1.224447875571672,-0.5251925836455269,-1.23715274093404,-3.171519322960449,0.38051323126013625,0.6071282753567034,-0.15588757538303644,0
5.152528643318089,-3.677327145888329,0.7514489489854189,-4.014212732696935,0.8252969046330279,-1.9029965505094733,-6.816824840356864,-3.0379532027516696,-1.4327820390357926,-0.6215582008485137,0
5.374566687204855,-2.6757508133114074,-0.5301573530521742,-0.36376500174141624,0.24903021570668304,-3.4379116755538184,-3.961247490186767,-3.2956635738283175,1.0865833433451362,-2.4775578992757,0
-4.318533042543938,2.7708894919280587,0.7316835593162645,-1.7511565901109887,-2.3060443529062478,1.744206648197496,-0.3528482918675402,0.5909998051757802,0.0981819255132007,0.7708297905863536,1
-4.605717949185783,3.421445433813703,-0.31824491475683536,-1.8860160271288355,0.19789585816459154,1.582811879353981,2.2008653310247093,-0.587745701251886,0.03842217897642197,1.7549621267593218,1
-2.7143911568969017,2.017797322206982,0.2756970956476243,-0.6098467605064869,-0.5866886261580206,0.7281433436106389,0.965189724741459,3.220394676949087,-0.8228646908892977,0.13505495391951183,1
3.588587701342834,-2.370107293641652,-0.4198892083193451,-4.405093617093467,-0.28838172237076565,-1.1803555182956784,-7.347864258053249,-1.236226920176956,-0.7055711977561145,-1.2625348633220268,0
5.110960009550399,-2.1912065471550726,-1.1481194663020629,-1.8702616705873187,-0.29773594298725103,-2.230030982019007,-6.665312950600054,-2.073097658173962,-1.0046240659096013,-3.6216104762356554,0
2.9249432424927844,-0.9268302794108835,1.101345039542963,-0.01572607715235752,2.5510304942875144,1.0399707784638874,-2.1213837471390367,2.4114759633419904,-0.13621858546750398,-2.658151354463798,0
-1.4941758035442627,0.7648373182615034,1.263374815596718,0.3626687313638499,-3.1705602585345094,-0.7113655848381598,-0.6366411459741499,0.932167428447098,-1.3514964119272816,-0.361526791393737,0
1.659030239528133,-1.7447734594728503,-0.8237888751853936,-2.604495286713395,1.127696323977628,1.8416760072408507,-3.9220409875237547,0.6765604239694217,-0.5013920459765787,0.06069689007275714,0
-1.3677131069705057,1.2723307840844247,-1.1680002841696138,-1.2733433181696387,3.972331255357904,2.1128813059988167,2.6417298866895282,-0.49256184097665634,0.34437886473180945,1.642909114548174,1
0.6290256141439693,0.14683171431614017,-0.8046329957379039,-3.3952579687426994,-1.6126569389016716,-0.6392090129008224,-5.314529012469767,-0.023694855375628876,1.2487716185599818,-1.6056605963782578,0
4.574783521947831,-3.7264356968825063,3.26428951086901,-2.020726479776562,0.06777791529812016,-0.5121447500295195,-5.97801072144325,0.3516745477481311,1.311571386827943,-1.1848030609650841,0
1.3351384999835276,-1.7907027182469157,0.4256347581359233,-0.8658764125727569,-2.1782578501243286,-2.135442125575915,-2.324211707176768,-1.4406499634280752,-0.24423163189471098,0.5934222763725026,0
3.696590557919338,-0.9261138884942159,-0.8076692668884292,-0.6304747813822861,2.365544209212211,0.352312999972606,-3.5053797412143455,1.4661144828552193,-0.6063122569782615,-3.5446784835226546,0
5.69101820111531,-3.575975904619635,-0.05592208531401828,-1.1194319628570266,0.7479026112647656,-0.20643503777283945,-6.597613363568307,2.8130350477900175,1.0182318332034739,-3.4094548223339243,0
1.906656509055233,-2.1006884860023183,0.9698812070148356,-1.1493066151125975,-1.8134279156319624,-0.7874420067700819,-3.7647589641287187,-1.5193799598113575,-0.7345676581005282,-0.09281021537542711,0
-2.32793825704538,2.0436024487406392,-1.1737333986905423,-3.17584820200718,3.6398607621224413,1.5547977568870956,1.982044086756632,-1.9632924668269418,-0.0457446887596508,2.35730620203924,1
4.707843691876225,-1.4839950472618038,0.3891846739243447,-0.8484151367069113,1.925950434737681,0.15927742765296116,-5.388138768503132,4.773083150438495,0.37186191593013557,-4.961952347671537,0
1.5056861831816795,-1.8448665255179288,-1.8587695564520077,-2.2518695907918858,1.5335011166025496,2.145161454433749,-3.1109839843147875,0.7402707509226928,-0.9800722169135948,0.5275476082625521,0
2.1449115459106354,-2.0671784550583,-0.7366687908953733,-3.224481201743053,2.035329472871516,1.5919130629667082,-3.987131389380523,1.1655693452229492,-0.9983653063492748,0.30449456496851135,0
-2.8802900702238956,-2.7252157534282513,0.18898664574364774,-0.5379760183790276,-3.763839997849703,5.726971011505542,-2.0550582561893287,1.0172464665207357,-2.106877890149133,4.729708838442604,1
2.9036035300137346,-3.1008427087398323,1.1950497596109866,-1.712196247520048,0.6749117925778626,1.0478104179358898,-3.9433866555049226,-0.8159335013992983,0.1348892064273157,0.42551652627224823,0
2.3012272618401184,-0.8127728342991825,-0.07403700626459676,-0.3064711499748367,1.6891454483683774,2.2798744162029054,-3.2849021483988787,3.7890377370645054,-1.0541513965914469,-2.9295245511138814,0
6.020209961898249,-2.608093508206203,-0.7322723096186016,-2.165655470974666,0.6325789641424193,-0.603882950362332,-8.483779396626263,2.534965821151453,-1.1210820579333853,-5.244548676788813,0
1.0185118403125546,-2.32755431739112,0.05105475379079683,-2.2155333238441863,-1.538681352018446,0.44599669215259374,-3.9250827736686333,0.10983802585838687,-0.2670083650374359,1.1807143286115114,1
0.4001821201448496,0.10532776166895341,-0.04775287882518631,-2.496981117569779,0.7272845822377081,2.597843566441771,-3.7960415786240467,-2.2757150496345986,-0.22359014013222114,-0.819489179704056,1
-3.0265924041452044,2.3978721260393816,-0.8592192763599443,-2.3032629147124433,1.516274550495546,1.664423441884599,1.3176835765173966,-0.13289748286036351,-1.5206935588047945,1.437261940534353,1
-4.827004469309266,3.731951622693205,0.5836819998960658,-2.3672822282118693,1.9149476678392547,1.4304996595753199,3.7023245330372885,-0.7710432480951412,1.646502985014507,2.6182498869226345,1
-0.652825703556011,2.155643602743868,-0.04085233955940816,0.9416648743186187,4.869392429440426,1.9362946812834232,4.011062054910473,0.29796035352041406,1.1760790596352249,-0.6161993204896956,0
3.3940265589111256,-0.8118150195839118,0.7840689769583304,-3.304083100514338,2.066315628019537,1.0221424167651034,-6.463902302678154,3.748651538635531,-0.7782939812578648,-3.829320792550768,0
3.42988011453581,-1.9935640118511726,2.0123285817551695,-1.6657436490130237,0.8448852843505364,1.3822263612483985,-5.605598741674998,1.965332886487091,0.38599081101934346,-2.6183273860320053,0
0.05043934048428532,0.27794360897313286,1.2492893562748564,-1.9622962468163023,1.6035569016914692,3.002351394940457,-2.315329720132591,-1.9260784217308686,-0.9964186623966719,-0.3174323220148312,1
0.6331445157040629,-1.7659322143610532,0.8257682286943172,-0.8141114025719787,0.2752330463560466,0.45793992426649743,-0.8545992245157745,3.542106747908615,2.9945362981141135,1.1993906314202178,1
1.6012495460005884,-0.8807665725076355,-0.4784186665386511,-1.2330480966126283,4.232195834868859,2.332966431653701,-0.16995125846073642,-2.4467624223527604,2.211853956785108,0.641852327465215,1
2.9829236105506594,-1.993436936684125,1.5693659456886264,-1.6560621656751107,1.9956135312012213,2.256451133479541,-3.9404532130326566,-4.634923373137421,-0.5854043384698656,-0.5612611842005886,1
-3.637224562314511,2.5397225363056797,-1.1657430528109622,-1.0568868204568098,2.5729136599588625,0.26167651008573567,5.25029306891002,-0.16086704632216509,-1.812357282672106,3.150401464021611,1
-5.645741084459519,3.9829214827440733,0.4782133655155708,-1.2086902327057685,1.4647820639573945,0.972722901849738,5.533154844283506,1.5906036067952778,-1.7777361470731945,3.0042766390333933,1
1.8285406352971796,-2.3464548916904735,-1.2314353114312526,-1.5237128963837114,-2.4800644939081478,-0.4263555018454086,-4.677789558329065,-2.392326318034749,-0.5987316890020711,0.10941958529286744,0
-4.787459024976222,3.745047801504334,-0.0057697164272695525,-2.2078907041723785,0.7947812514385314,2.553556623940368,1.7597966196175077,1.965986237319317,1.3181456363396653,1.109733169912915,1
-2.213633263693928,1.6451685056288632,1.386519732148224,-4.212895167993706,-3.142955603617409,-0.7668553915014896,-4.294673817616002,1.6579069199839322,-0.58856603632002,-0.37629446150037027,0
0.32936833593459725,-0.24259350966859605,-0.237543510969575,-2.4201190199559246,-2.681020090441407,-0.6788102347423256,-4.76735493719344,0.10150729011691184,-0.3231434786224676,-1.1399275776116728,0
-3.4109775598827015,-0.3948173641950614,-0.5309256971590914,-2.0646059976834494,-5.302719719536091,3.877901879542569,-4.339669374821344,-0.14011198883645526,0.5259545831479395,2.0998994702864353,1
1.5730646109568318,-2.1376477253453925,0.5696443121930809,-2.360944864683976,-0.21245323039897768,0.2883271492737871,-3.805218588123488,3.406434547465323,0.3565419827267528,0.2153725705510081,1
5.146657329889601,-2.471234926161503,2.533710829130129,-1.5524239956956483,1.7467201387323064,-0.7779852623255779,-5.481174790363265,2.3942736392627832,-0.04853252597824866,-3.452824863623067,0
1.540798171819857,0.2854032266813562,0.5352102851436686,-1.9099833668154589,5.154956167256312,-0.24580913344652822,0.9488643390884605,1.1142604843886856,-0.5253600037300187,-0.22165318510336118,0
4.224990784348507,-2.9704816173420117,-0.5258723322979134,-2.2371389216829476,-0.6188607713465651,-1.0712455468099282,-6.388254893024508,-0.36053296942962576,1.0978509099699816,-1.829469818994151,0
-4.75997422696696,3.1097361710210736,-0.5953372747430775,-0.1049648238812455,0.0899446856030508,1.8754655310382575,3.8646325837313356,0.880664462217406,-0.6246973662957356,1.9738248752151204,1
-4.342260267721386,3.3401922609344536,-1.1225892759611076,-2.24969778699512,1.7955980417779522,0.884792899763908,3.5113355955603516,0.1629438679571804,-1.2523197329106066,2.4308838756269435,1
1.1905483127228387,-1.118671391562882,-0.006275072464621584,-0.2893776353409381,2.599424491362108,1.3297833209793664,0.6172225307184601,-4.177959513282861,1.4086427164541364,1.4030674781596748,1
-1.9891973685487967,-2.288041458998626,1.9340919702848542,-2.0877102010577984,-4.07204597882862,4.395916105877834,-4.520446613382339,1.2409384312242735,0.27810534449101165,3.0105781284727495,1
6.065843499688464,-4.018110123147509,-1.9215437032844853,-4.446644209107736,1.9930345424022553,-2.125385624314769,-7.157389425324229,-1.6158564839259721,0.6461800485031812,-1.0680826812848203,0
-1.6095239652670685,1.51274941512739,-0.8202904971574921,-2.946436822704756,3.3070820564087082,1.7051230428497774,1.0679152320131742,-2.6309158527635432,0.08973303704435358,1.9105711095911881,1
-2.1165537061238413,1.0176220918185876,-0.7835548040410614,-1.2850171292105845,-1.1625866963727396,1.3928310036534772,-0.7476264093436068,0.4224385276021989,-0.7279033391981439,0.7061386977984218,1
0.863803411233448,-0.7056753729982179,-0.9614153211818028,-1.0835212710772897,2.816066215660432,0.5029047634321521,0.8852543041232339,-4.317789117200868,-0.8878914702845856,1.7579037604881913,1
-0.5405186228516305,0.3513473345251188,0.1658189426639553,-0.7498565669112693,1.6654350779841447,1.7541321655767819,0.4857114641373884,-1.4856943514662313,-1.1316506367888417,0.8327628205605462,1
1.652488361865856,-2.1191840119300096,0.2722317474079267,-3.270408571950792,-0.5804819598387212,0.6630648638491266,-5.265478099864079,1.656920787152857,0.43211416532507396,0.08048152526881158,1
-4.713500002257529,0.8049955520062917,-1.0262240853738636,-0.5104447223823587,-3.7443969947550797,3.985568948039711,-0.37287727297115286,1.7452456563187684,-0.4346573348188805,2.6590407842284396,1
-0.6689712514863685,0.5236205074126564,0.46993708041215404,-1.128185507535644,2.8622438006941247,0.3864170603982,2.3548676450574964,-2.2828818724751176,0.11407416709394286,2.0205557442279187,1
-2.3292768790887655,-1.0023655060872616,-0.05555380272270304,0.2877888560129198,-2.2363375476652334,2.409728333346013,0.4245395570182143,2.182444599179307,1.091518256591683,2.890444517857712,1
2.076658871361313,-1.6890444954131225,-0.5128098456173313,-1.1189414734908978,-2.217366592651079,-0.6348989468316671,-4.73966474564353,-1.5953965523369027,0.2204092150596172,-1.2543317691609137,0
3.0991963981525226,-1.7203160045534651,-0.2978611921969897,1.9546456793699298,-0.7285306856498519,-2.714706591374425,-0.5967228743648066,-1.4343683321843719,1.1455327999159646,-1.5548427635154654,0
0.5843323613093269,-1.201122407463283,-0.8947329982105616,-2.8158744161116083,-2.730877775049583,0.24132322989392163,-5.576234127237108,0.20251189459682029,0.0850245902830276,-0.39646730294433796,0
-1.4609447513133922,1.4325210170089755,0.03456941694860591,-2.6178209431286135,2.968065106914005,1.6631538099396668,0.8090525248489757,-1.3712154498490587,-1.3720932431328694,1.4154107250002574,1
-2.4592332207846868,1.6191374532721832,1.0452579140309335,-1.8037173975377523,0.276477457685117,0.1073318551566178,1.4034522953994233,-3.032900360720455,-1.5383355802373202,2.100613491967553,1
2.5999729489551284,-0.8304921952662606,-1.0562928133747795,-3.8386403013041175,-0.8457870509418572,-1.8527702143704365,-6.440485529020933,-0.8967469517660115,1.0711133698724304,-2.2251405921511744,0
2.7630204312346027,-2.118620997120165,-0.7532399901022582,-0.7555847784482419,0.40696088472982916,1.1739376228779959,-3.832562705983159,-0.5131240763846137,0.11653842761644315,-1.171953436759366,0
0.804247854987274,-0.20964718810752103,-1.5200670453452327,-1.9848297725007193,2.4724467092132727,3.0175251558843463,-2.3348529069963946,-1.5332262104032561,-0.15883598037252938,-0.3792811975115511,1
-2.378044142756733,1.4741010761190207,-0.5702563850236023,-1.808794527500316,-0.9541473346678684,-0.3462130297795687,0.4654525359649622,-3.2425373407323237,1.6000076397893528,1.7615852107537668,1
-1.6921530843926809,-0.2883343224666053,-0.8162921660792138,-2.549371904892136,-2.5483900157577786,1.7682978639590108,-3.3073344435798826,-0.14244847611371458,-1.1039135331636605,1.3929669736192287,1
2.52564029869504,-1.7390563312915654,-0.06144568092050759,-1.89243356759264,2.3404822243690657,1.4816793561329746,-3.204538008837695,1.820928323135943,-0.6389548508027719,-0.80766116274585,0
1.5797451744022364,-1.5348974211536002,-0.6504844860472723,-3.6603043370036765,-1.104404004204108,-0.03173144880714651,-5.720205542408862,-1.6863477864933545,0.4659601202162137,-0.16925020997095297,1
0.5857465175934142,-4.55597517041498,-1.0121835811265585,-1.119251121851448,-2.9707441284484624,2.9549472199959013,-4.068832904570668,1.8896576991755987,0.7537747113564292,3.3539567739802445,1
1.1908996010965613,-0.45769059088285324,-1.697296149187732,-2.1830034786854364,4.864469166039591,1.1205609919494308,0.8239372922589131,-3.9229325829963106,-0.16106808577359089,1.6898137043659085,1
-6.56764375228933,4.820452278740538,-1.2055232791399972,-2.638352228354143,-2.6680909140079665,2.2937837454194403,0.1467586366287558,1.3071618754905505,-0.03713844494438515,0.7181670065172764,1
1.830536815839817,-3.0185210851283095,-0.46090098446826944,-1.883392677227667,0.076997224271115,1.2261880679681167,-3.5520652155363144,3.6733257628681653,-0.3667557656500116,0.9185207710195998,1
-0.092002796992073,1.3046971340044777,-0.21230454157659961,-0.624447789429482,3.218675778451326,2.5319403228629414,0.22993328918187295,0.5398427259144488,-0.9364311967413436,-1.1791093943430335,0
-3.345298997033375,2.0736620620780775,1.5651658481700523,-0.9923033585074772,-1.097327838925695,1.0554869724751952,1.148419779827509,-2.123436874602816,-1.5847343329729098,1.5623430398866436,1
2.7344586958554933,-2.0699703532324114,-1.1001920513341499,-1.374369425643054,2.472836698139921,0.38667955406212196,-1.8830186429508586,0.26636391922832936,0.2979661384893192,0.04942903819367683,0
-1.6390992532296549,-2.4726986256976655,-2.009216539117004,-1.7992703253969218,-3.6666829212103935,3.9892727388455764,-3.8937832898160347,-0.32048978872315437,2.0341889257906116,3.327247062446413,1
-1.2592494380834875,0.8420870235910911,0.03633894027753327,-1.3947914778155246,1.1807592496358028,1.635153542425828,0.3646071006497417,-3.0913868770380133,-0.8987494245569098,1.3068465259060909,1
4.844632393195625,-3.3749660380338424,0.9687025207058747,-1.520077453813682,0.14637545516861517,-1.813901477904748,-4.9646875272046715,-3.3452805852995207,-1.5695800321850586,-1.0930782675236859,0
-0.5198153416368231,0.5161754193845296,-0.4665229262332153,-2.519012526535973,0.3651657872550391,1.370491618505092,-2.1171914409341897,-4.327111617186835,-0.4449302995664328,0.5866329469756029,1
2.7006931396724947,-1.861637217358398,-0.20754932996690803,-1.050674330371491,1.7187427201734398,-2.1174286643098217,-0.9618912280383194,3.3276741361135826,0.6884933938660034,-0.2356392727764398,1
3.984966541126832,-3.53299804046756,-1.040948901171178,-0.07470886103032659,0.024035684568935123,1.1584505499417197,-4.613871770558946,0.958827687322071,1.3522810829223855,-1.3865103923228745,0
0.44563249155499934,-0.2851501548457316,0.2447850879665718,-1.00841966272836,2.051314649792119,2.9562624923087366,-1.4991782400364124,2.5626689660019046,0.42530876948877877,-0.6112339389468874,0
-1.239740723704502,0.9190653013891001,-0.6020529003640378,-1.2138881693723105,-0.791802011849212,2.745540612498753,-2.303396856100355,-1.8487659520677353,-1.7611503871981196,-0.4612322033647589,1
0.7662539231005733,-1.5960445186804162,0.13917408865938882,-4.544328156641233,-2.796989834641974,1.2582567012843835,-8.03920974895523,1.993759107628164,0.28095124885799544,-0.6440190106762271,1
-1.662916996056137,-0.8151456595139317,-0.0950659358636343,-0.9481171799318736,-2.114628066006536,2.491138047089828,-1.636764470464603,0.4030925103115859,1.5522780576075415,1.94076547527828,1
-3.6908885418308097,2.5610506661561194,0.6253880055057691,-1.72405240215388,0.6638984664473805,1.3569696470457868,2.1118433454020242,-0.3287546168005804,0.058566967681915515,1.9059496355896197,1
-0.5232048295671697,0.49928031053174604,0.7940929822240419,-0.7256521537830586,2.002870034615527,3.22620443181759,-0.3638130665658491,0.34564829094361404,-2.1922989081809443,-0.07175202626128807,1
4.63566881762323,-2.176457747374641,1.1550274524446362,-4.507982573397145,0.19130718413638337,-2.1911602514482023,-7.838936891671135,-3.479811472818975,1.4527861337260592,-2.2546363472449134,0
-6.878481251467906,4.954261568776795,-0.4128944431601334,-2.0832719594656655,0.5600499698257834,1.0017333422394643,5.060591735761545,1.467277825341104,1.7151918109213173,3.0549724536634417,1
0.5207907536013792,-1.521634438652858,-1.0198956514977724,-2.629166092685172,-0.7102326066101684,1.1381181025532978,-3.8003684006067555,1.6357065793249874,0.8054061133164855,0.6769774393510367,1
1.486764871564934,-1.597107286442341,-0.7719480207601692,-5.156866706884822,-1.329508967733644,-1.3771274237346809,-6.338081168873821,-0.4001676318281169,0.24460568459459026,0.3254315112235502,0
2.684157453718588,-3.6769065303983526,-1.113105737694444,-0.5446004734354103,0.6109966062197527,-0.7298887767896161,-1.2442728534235243,1.6879916083188513,1.1754260623468091,1.7880405592806592,1
3.0219905172444332,-1.469761312108237,0.8105220889230482,1.936299206596432,-1.282606172452839,-1.3003510184699272,-2.052939153049065,-2.627812152129077,0.5949466602489537,-2.4131962594854017,0
1.0538402939096845,-0.3500634246183367,2.1972580075702917,-1.0193374141301925,-2.8773172822446558,0.03026799284783399,-5.030750732152958,-1.795634440081924,0.5565984140731257,-2.25983580134975,0
2.738913917927744,-1.9523097645614005,0.6856818462013826,-2.8867348552823,1.5549642381200381,2.1832469494393845,-5.646992150103128,3.4801905888934765,2.150388392817886,-1.6705453171227778,0
6.810375616262705,-4.533123686183547,0.829817777833716,-0.2600308259556263,0.3383334364643409,-2.496460523694614,-5.362273119111768,-3.6202745957476825,1.3131828994599333,-2.1123288957310136,0
2.1782077394060737,-2.080963480973277,-1.0231319747820262,-0.4284596068328128,-2.0714674251024525,-0.9364386039209456,-3.6607508821441206,-1.7629367754676384,1.2912124590415666,-0.6416555762056899,0
-3.0784046327910364,0.3112289598147586,0.5983889067843892,-1.7321136025270545,-3.305586828980899,2.670880494895861,-2.317961098910246,1.6062191586108006,0.322898686169141,1.6202255504182812,1
1.8865831794299093,-1.3007577400952623,1.4866715800162802,-2.688450626469347,-1.2222291786457558,-0.9802757540469857,-4.998689276017701,-0.528589652379082,0.8145295361635145,-0.9952875651346313,0
3.57313831869366,-1.254089419270512,0.34372467755792957,-0.5984383054614855,-0.294881552358522,-2.025049348516297,-3.90087800574178,-2.3662455605317794,-1.1465535779730305,-2.7407679760328,0
-5.051441203455965,3.399055136580805,2.246873118376549,-0.8177458859331719,0.976853779596219,-0.08387406647482876,5.6562145190390645,0.4524538917170202,-0.5625906916806249,3.2514712115565727,1
-0.22860841046931846,-0.41450516324324016,-0.4973607919744184,0.7282868829380016,-2.7980704410517028,-1.2611209418487488,-0.5587613677117441,-1.634071133246108,-1.6982369421888497,0.23894271525996724,0
2.8568867813390897,-2.350143808214616,-0.9530643292089958,-6.032201751721901,-0.07400512265312997,-1.8791016831583929,-7.112495728961101,-0.9302821410802903,-1.128864435005698,0.2825837242836562,0
2.5264100353103283,-3.2531495603518805,1.3220915901608283,-0.970547547006678,1.1196824091845197,0.260923546986356,-1.8633356242804033,2.4646290700152527,0.1150052001417412,1.1906666718749372,1
6.857973090100855,-2.9506759906617415,-0.44560971627225043,-3.457626724995106,1.0078167788605001,-2.6263794726923217,-8.674952001045844,-2.5429418126975425,-0.5663122698614174,-4.229274058606058,0
1.7433542414151706,-4.6306404985528555,-1.520170102559706,-3.497131895224086,-2.790340076357362,3.214989073808768,-7.701987959775237,-1.5088792471730383,0.8666625575835016,2.3330397045526654,1
0.05995917099226618,1.3754927977735254,1.387710635805243,1.54359137595074,4.1410633135948896,1.7938417404165872,3.3520274943260544,0.43244046867140806,1.8538161755900895,-0.9187345572025017,0
-1.6508279406333861,1.4744070893893066,-0.2485944077180711,-1.7275175549401838,2.21644432930369,2.833491721152676,0.261210115985459,0.33373131925385735,0.6652556949544319,0.5187819300246512,1
-2.143906385551072,1.7982866238835324,1.7951827631260182,-1.2935233976186147,3.730807260000409,2.212088461812222,3.087021731298327,0.47202988847735106,0.4399152112491272,1.7447963703155047,1
0.17191737669401497,-2.4876653833683364,-0.4807556850236828,-0.5238477983487864,-1.056024387980306,1.040568962987204,-1.0614230623656622,2.1911487117707362,-1.0039231502429298,2.3665701676916044,1
-2.622159464743756,1.8760459006353072,-0.45631683001923196,-1.8183073686789468,1.4392017802148052,1.1955736035353066,1.8020842030919366,-1.450219716666358,-3.083464793168555,1.9148411919717896,1
-1.4642828655078526,0.8358798042518623,0.006345309800637443,-0.8699811420739167,0.7717389414277296,1.1745080646731605,0.9910308495271825,-2.10836872196983,1.5762242847171393,1.4033474440459477,1
0.511214342035836,-1.6334482419146514,-0.5195862624966334,-2.5861250730595655,-1.0201181618604824,1.5988374651737198,-4.368077761077794,2.8990643894505697,-0.4841993876773266,0.33688199404285335,1
1.471178672614062,-2.7366141645357285,0.6808862123789485,-3.030169067599582,-0.01849177220249887,2.6593131864389976,-5.088937832435478,0.7279011895474631,-0.6049617538213081,1.0443868153899105,0
-0.7287346915343688,0.896922463976049,1.3760393953981929,-2.6040597295521106,1.9772278204883045,1.3502393203148157,-0.6639056361440457,-2.0613665221571993,1.355668658227289,0.79867282466945,1
-1.699486512535939,-0.6157646194650732,1.1331495367689026,-0.08896943484216702,-1.188963288268197,1.951237513178838,0.1865365821209829,2.9278283178104534,0.06582267995480498,1.8907690231370349,1
3.1953870574548553,-0.7707559387777506,-0.45394154722152685,-0.8996259500743521,1.8240222120841993,1.18595339462967,-4.350771953880354,4.021696301509703,-0.3372789695314452,-3.958775541405087,0
1.0521677798127635,-2.3522428093058902,-0.8499599239738012,-3.495760210697246,0.10274104006760965,2.497970481184527,-4.776763916587791,-1.23972259306115,0.7464576218021075,1.5800349476025914,0
-3.005949624473785,2.4407601896989166,-2.9010706290439163,-1.9340743466007833,-1.4983560351762666,2.870635120133306,-2.2311662429297194,0.8327550140416147,-0.3340981759418081,-0.8149373321183511,1
1.2445820447855767,-0.16796869780210666,0.4063431191792189,-5.070854316224316,2.5814005533734,2.2089732632755026,-5.519716377722702,3.215194453569514,0.21017955735585955,-1.370822699302009,0
6.062381114532003,-4.828709086731715,0.16414366454732138,-2.993124969601679,0.48966573973696526,-1.428381062555669,-7.221006742596936,-2.1587548396633665,-0.23916303370920497,-0.8247676191837119,0
-0.5474044332608727,0.2729047742244717,-0.26374383622861286,-0.8477618841193187,1.5190451645108156,2.5731774883175076,-0.1642780520481026,-2.4665183930227843,1.0308470804937446,0.765280390642902,1
-1.2165353705427215,-1.569751993554921,0.7369628241849298,-0.8434709256131004,-1.9063815306465108,2.5435046197231808,-1.7264657103217156,2.8621669836369605,0.9950973398329115,2.088936065644707,1
0.2909439002583055,-1.3330411346919941,0.19522813294033114,-1.034352810601974,0.2723630427545105,4.65349353616526,-3.6139258266615886,4.112337318190712,-0.8183843092411778,-0.497334833553877,0
-4.437111571993948,-0.2636578340004134,-0.6667936022751275,-0.9591635771280812,-4.2260553384900374,5.283360267695145,-1.8676944035000065,1.8373271687659012,-1.7014352225909024,3.1894438982939723,1
-3.024163030399277,2.1709643843301274,-0.34665119153553686,-1.1326810120009794,0.6900397800664669,1.4127380187984908,1.8255475211777876,0.6989859462424888,-0.2641528737251507,1.242280881327762,1
1.515388846885364,-1.6224976633315118,1.7230934464632142,-3.052530798225321,-2.182181638488008,-2.017306603711456,-4.735636154351438,-2.21429688577738,-1.2988223787337416,0.2672869291358202,0
-3.309080286734988,1.69722248539657,-0.8397175571153462,1.7680679835874926,3.7875335328560156,4.691518429092504,6.14336922291492,0.14802253878475713,-0.4960771723575772,2.7594077967781416,0
6.25130114281139,-5.481656197694862,1.8060342085701266,-1.6525667918730194,2.9517180142647472,-1.8016368641160594,-3.2548361776778587,-1.19314818169495,-0.36387313776746005,1.0424244777427885,1
2.8667934086863784,-3.2266208409023664,-0.23059991204213479,-1.6285512510070477,-2.1087988097480546,2.470421090652136,-7.505675918643834,0.567840864856422,1.7242782491692652,-1.4805299455153005,0
3.5748475263425568,-2.238100005709255,-0.04200020796551447,-2.2554455485537193,0.5576965198514501,0.11615647366079984,-5.545380281109056,0.17234104644989423,-1.4891599781454952,-1.8385437458034568,0
3.1327603376241893,-2.071370389202295,0.6268431074478203,-0.69680952001399,3.176834647846198,3.7866918770458726,-3.2112285074494578,-2.5484557059067594,-1.803684855896633,-1.0147194391409484,1
-1.6184746957921408,0.9835034726045436,0.9825873813112866,-1.0363819241097216,-0.19190400917544315,2.0887603429901533,-0.6154451747287283,-1.4943702668188992,-0.0554356791241922,0.5121477807326562,1
0.6048546738573349,0.3109232003150202,-0.6037583687311271,1.3005098390104401,2.717013475845872,2.691803610211206,0.843673413153601,2.562682462716836,2.624626679162744,-1.5056567939263483,1
4.394886565302589,-2.3708280197266216,-0.6014424611430855,-2.760494755395581,1.1830366863940278,0.1646359445581722,-6.6388960994940955,1.331342086289198,-0.9041313739919301,-2.7872936458441857,0
-1.1235340146016628,0.23054090096148183,0.66861033539399,-1.0799120104877877,0.9915971313047311,4.990491653055168,-1.86457698186997,1.5630895470235562,-0.7696169002835214,-0.017190874786598753,0
4.344846789587376,-3.215424816733842,-0.2412037034756634,-1.9267162894342285,0.3295701361421295,1.5261479814302448,-7.141104418801172,3.3165220239658515,-0.6184956850543406,-2.6885712366374226,0
6.165356355719003,-2.685378644586636,0.9010301758605995,0.2959996799523066,0.7430962591129013,-3.0374003638049785,-4.276827554635131,-3.7113295473264016,-1.3378311804825176,-3.5837979067241617,0
4.366923482272084,-1.6356579023663682,0.3562275463363117,1.0022976497750364,-0.7400011594176501,-2.710117335739321,-3.3488474256356695,-2.6338890538068838,0.24912024654008813,-3.4540197152916825,0
4.203636412857986,0.5059630267374478,-0.046567188333475715,0.8113888398568667,-0.8635152742199032,-2.0340606502130454,-5.213593627971629,-2.066189677431828,0.9716748215178921,-6.909251407362594,0
-0.29392512713296964,-1.3320817262588895,0.5123495670539698,1.0686396848377306,-4.256464213080745,-1.0494824713398563,-1.1404428010536596,-1.8957068522586167,-1.0846903647884312,0.9684223019601519,0
0.6543023511593565,-2.0636819895856577,-0.07969582873034067,-1.5690836533220678,-0.6926926001940049,0.8066689178540681,-2.390784234679716,0.6569047237284764,-0.5012192318977378,1.5246652373613376,1
1.2360494481494921,-0.10160214449424232,1.0172413511892788,0.0034709805710955166,2.640712682476889,2.757530614861847,-1.1463000582451666,2.5071206792712477,-2.112888358164718,-1.837057327177781,0
-0.7460429326316999,-3.0375675581116326,0.6415922695974778,-2.3088896520754214,-3.239183610625477,3.4081989822185417,-4.681119271787144,1.8798723242660045,-1.0500244746968712,2.8885014894709666,1
-4.757823244756677,3.374246325371802,-0.91500645098859,-1.443219197963671,2.153557337402869,0.610714434619505,5.389730610894739,0.061658460250352265,0.0461813237578895,3.2835785284695644,1
0.7175113106215764,-0.44948708282403027,-0.035840980146165276,-1.4448367183979751,1.4220501537517374,2.3844007002199152,-2.265316813180864,-0.24067669441805029,-0.9237453648017658,-0.42590403332271554,0
1.2661899311821312,-0.9958598372658529,-0.8744078870912738,-1.210864013966016,0.600805472253178,1.9196597467338414,-2.694671304195973,-5.449014770653051,-0.5756743521038501,0.1232653507001158,1
3.966771835457832,-3.180988795703465,-0.01108052613430389,-2.710892233506324,-0.4747750223681746,0.7685392623894863,-7.3588103494309385,-0.610399031374909,1.00295181583541,-1.5989973630101832,0
2.540268621739659,0.04783645951278559,-0.274984386289914,-0.13043311311647376,4.009618982521433,0.7404815728959464,-0.5452787899725251,1.2257083769914203,-0.0333594993899537,-2.5102711048744317,0
5.127689784039042,-2.8881241996440394,-0.7378551296404019,-2.28968894547468,0.9014072308802447,0.7111916598515173,-7.789090248876783,4.008723452020588,-0.5813900212799901,-3.9488885143042722,0
-3.153456851296765,-2.2879798795800887,1.2309218023330422,-1.5007503708244072,-4.59885957348578,6.1551722666356845,-3.853698392543021,0.17356785802207564,-0.7987671374300426,4.102376580898912,1
-0.9134781766983807,-2.4101447278521024,0.5818800633396266,-1.377272198221288,-2.625668011611543,3.247045825534376,-3.0405080241328384,-1.4096997024134486,0.6518473989183489,3.022058398579832,1
-1.011787914455916,0.2837829897022175,-1.0932899655067536,-1.8562497756919742,-0.912566127716442,0.7930825570966772,-1.806544904373796,0.18964984552897035,0.6418494855523148,0.5069433193905294,1
4.042592332991228,-1.2326862780307135,0.08469963671290325,-0.5831149625637064,3.8183936916513943,-2.0000335932616333,-0.5712230155499879,-2.157632593003875,-1.7325613427047113,-1.4559555067822205,0
-5.665340874791347,3.895639566592866,-1.332149820289441,-2.006405266060327,0.9668683177188838,-0.6765486599831974,5.665795712035465,-1.3043464063640517,-0.30992422142022996,4.020521327824159,1
6.053441881658016,-4.377648471890042,1.8115547192523307,-3.0759892068711,0.498181998984377,-3.0768285051555377,-6.298895797948174,-4.811434621049587,-0.17351184419511592,-0.4891078833546203,0
4.116357130867137,-3.6003805483120117,-0.7459701096565426,-0.03833276661723173,-1.327477476317085,-0.5436695399626228,-4.783368510866476,-1.5835578537369561,-0.1602702983762718,-1.170755065670389,0
-1.0599463447271427,-2.1465223829948448,-0.45186689518997386,-1.1675041775879453,-2.2018429666862525,2.884760934838776,-2.2357061099568694,0.10678870391111461,-1.3431810946393392,2.9315727466009176,0
-1.8279714826806635,1.3224186205144395,-0.0230199841502025,-1.3459409737145325,1.1531256751459746,2.3894727111384984,0.3383209075674441,-1.5978530935124058,1.1765516333280692,0.9372253688354165,1
-0.3564667579747422,0.20341604668141344,1.15043651973614,-1.3715802225878684,2.8090646785200395,0.5594768896832659,1.7683213579630108,-3.3585540824804587,0.24320730740426297,2.123041602098114,1
1.2892719354470128,0.42157407596581287,1.4209578654605897,-1.1312173928276086,2.9761129239388557,2.2022006741516975,-1.9057265252757332,2.657440351941374,-0.6562933160502777,-2.318111114168776,0
1.1846604654173438,-1.2920435583586367,-1.5656636971576086,-1.4606440180436826,-1.5031591460793716,-0.7627686441195544,-3.1648686137107322,-1.8555448783490682,-1.2655879888548527,0.021441417912477778,0
6.765256884809894,-3.7726169207661653,-0.5899798682127707,-1.5324199262304665,0.3303542522421472,-0.9519212615264605,-8.351216025475043,2.4125459667576163,-0.10776900265862226,-4.669496633809728,0
1.9782670851874276,-3.4818251935494064,-0.27792387201509405,-1.8656792034981051,-1.9406840134180023,-0.18850448264621256,-4.240752508119894,-0.7548547926187942,-0.5179305623209891,1.5872480457009046,0
-4.408701081116453,0.21691286509991725,0.10575217868244959,-0.6712583054068318,-4.297911009398631,3.8542836513055874,-0.8249205789018355,-2.010809025965599,-0.4295929456565029,3.470313100485118,1
-2.78397545973824,2.179989744385807,0.9030218003896557,-2.5283049485779423,1.6492977427180646,0.5723849662490524,1.8511411412439769,-1.931547326404101,0.4615438379970972,2.1514039856428857,1
5.493845780084189,-4.8151289829298385,0.6175408707065995,-3.3287224641983197,-0.06009554996249045,-1.5805776480659943,-7.004995275308298,-4.119823942062769,-0.5264955741052129,0.16896079210467918,0
2.093071727006236,-2.2163081231965123,0.5108419794618706,-1.2722457231931417,0.12602316745517927,3.439917729757492,-5.275274215451912,3.4876055053287383,-0.4561508071800212,-1.5162004581775514,0
-3.306897117411893,1.0303367028125519,1.1896897669429274,-0.5828570821847185,-3.000828783600059,2.0458703363964763,-0.5756338252045767,0.35130471041196265,0.19797991337486456,1.3712966861116578,1
0.34077907671997104,-0.3901198023919519,0.3350134800073874,-3.2231712481264454,-2.525002200445959,-0.2838442338249496,-5.556164922594558,0.41642149617249147,0.22519248046662854,-0.9878054581322904,0
-5.892168679470362,4.352382845156669,-0.7576348720903119,-2.3689008205995377,2.6823907863609673,0.6621829661553347,6.1374124325825665,-0.3427292183583528,-0.780913465760792,3.9427599306092564,1
2.163438070395682,-0.7440382589472515,2.0055930636183965,-0.8097544175611417,2.4892366093807556,1.2189485060570524,-1.9202886662412442,1.0701537302349355,-0.8368421824487218,-1.5589957756355972,0
-3.2478612328639307,2.217498394722475,2.677060531207597,-1.0087733212514878,1.8487844253115695,0.1112930377278687,4.427074122381167,-2.1332891585804443,0.6294982240808755,3.0309427326053564,1
-1.4336464674514389,-2.736579109066665,1.058361880246356,1.7729727162251936,-2.324982009366648,2.695271905978001,1.2210333703032807,2.698454397257936,1.2247839845092354,3.839167850682573,1
1.1977361811636777,-3.622464451747242,0.1818810052390528,-0.8403412323239953,-0.5719920275133231,1.8194720683842722,-2.3016649582866133,3.589854104822763,-0.39006124980994183,2.2675352589093825,1
-1.6318712824357011,-0.20742103160539083,-0.44973279557851237,-2.047251893526637,-1.8646406901834587,2.1188395615783264,-2.8083711122056667,3.944637584045509,0.22795273801134772,0.703917087504809,1
1.266871888811481,-0.9796850550098184,-1.311550901282355,-3.6660312074807595,1.158959437594144,3.3629071261570944,-5.950044753949975,3.6518362501977473,-0.21321837282983316,-1.442554013174861,0
2.3800804712143173,-2.8410381428475566,0.26570709860245734,-2.837576879562145,-1.4054446570228318,2.7966057712890793,-7.650035750098576,0.5676027336856889,0.4125035948641393,-0.9839975500576913,0
4.109755641781364,-0.9451545421953595,-0.05252510169935318,-2.709303391545947,2.949093215390562,-0.19941390859028152,-5.06319324426999,1.2236525029514405,-0.6265133315848681,-3.5040104887542607,0
3.294062113571215,-2.9215516181093246,-0.4412362450725351,-3.124992887323219,1.1932544405620262,1.6841268062224248,-6.016742174396027,1.8941350801854515,0.710510354732298,-0.7814750269930435,0
2.0133502237697267,-0.29512504451675214,1.0459115893866522,2.1929598392930956,-1.6544434480937016,-1.8360288658167765,-1.1517836255263176,-1.190478777731764,0.18271552626482176,-2.8870744348297963,0
2.735660735217758,-1.9477797616421415,-0.8075813235330759,-2.9781410881370176,0.9782441898660879,-0.9978195557587899,-4.111337796276414,2.0186802457928423,1.40930800237513,-0.5977580812974805,1
0.17560442425047998,-3.0670627757600126,-0.5525835081225525,-3.4373635780670666,-3.531997610000695,3.0754395582982035,-7.214884003170436,2.996004225987197,-0.8256406320771338,1.3293337339342939,1
0.048684192848311436,-0.2868819902208035,-0.6762307418119539,-2.596684847366731,0.8825142486823829,3.4479482365552325,-3.796394264954773,1.877312727734156,1.7522731900835546,-0.5376486444240333,0
2.1028058523301354,-1.163007276099249,0.2399966717186017,0.3545575621603243,-1.9407322585509306,-1.4954994428616961,-2.808177378917962,-3.2186449542617313,-0.36527538958389244,-1.499848541488238,0
2.141527796286057,-0.43548004720014744,-0.8714583655289032,-4.874612785582557,-0.9488727569357968,-1.5331427986790052,-7.286141982535263,-0.5776420069668752,0.575598427452059,-2.2619904040871237,0
0.6136910600556614,-2.8331003901285734,-0.7132582683169144,-0.5787668976592479,-0.9736053941243314,1.5065485406030235,-1.6692876526065328,0.47902953420448324,-0.5484291241186665,2.35924289038082,1
5.0380150283157645,-3.6885136938857834,0.7972624384188448,-2.6020221401939345,-0.7966792970469698,1.0721742776334442,-9.224441838757185,1.9560159439451108,-0.6975136126792172,-3.2070575479405248,0
-0.16654252029311956,-0.13921508762755863,1.2326359719167155,-0.8979940159893584,2.3899873564777456,0.17059631951709964,2.0611186420270413,-4.682767518050298,-0.00010277460339985703,2.4610274321165937,1
1.6717268026930836,-0.7714326811087259,1.3507701305538724,-1.2823734072050534,2.6207704329611143,1.5884713387564842,-1.831643838959088,2.8227210118604287,0.9508609577657172,-1.0513283495305548,0
3.3829381521451936,-1.694638669660298,0.671507073057702,-2.398059884861137,-0.399423286256569,-1.405395803925432,-5.496869734498488,-2.5133854323583575,0.19730837768698647,-1.886463006549778,0
3.61494703965757,-1.7642622838340998,-0.2609893343880085,-0.897740632584077,2.7678733142100818,0.4469018826346487,-2.7775705347390853,1.5217665046969362,-0.7529218691023348,-1.92989408510628,0
-0.09216075660583858,-0.6138594417030176,0.2096392171497065,-2.0205207125162716,-0.8984552067261501,0.47947034885434925,-2.6231512460862376,1.307771872359277,0.4748016173397684,0.38984606123297527,1
0.24443328352250823,0.901866949984909,1.5275388581443612,-1.4516363138703139,-2.488509826962386,-1.657263401113311,-3.5964708986333602,-0.3985418046926925,0.3334179214902787,-2.3215584560445115,0
-1.0382944576565873,-0.4731923791290855,0.19823877648001684,-1.8903849464505846,-1.0991358968010663,2.125364944069711,-2.493390270888831,1.8016458993020334,-0.041495212425883755,0.9003474651264207,1
1.1553268793966938,0.7931942589849212,-0.22901207261796944,-3.007667183026536,-1.2953688165089596,-2.0090724510874205,-4.938506897001696,0.09786204978142399,-0.3144398780140151,-2.844350316112354,0
-0.6757462066131787,-0.3693724288335327,0.18251313767482133,-0.6719303416142947,1.4585605980547853,3.732307873785209,-0.3664965213345142,-0.44127515175134957,-0.6454771776486284,1.1877503112280818,0
3.1006216373131696,-1.0525938834023587,0.8331599112859588,-3.8032578166691797,-0.32470831626294827,-1.4611288852421596,-6.721138725684094,-1.4864185278563895,1.0638133957038243,-2.4541712332772487,0
-0.2951454385787528,-2.658459967129212,-2.47248930972636,-0.4542183365565835,-1.2885418594252849,2.6356811990247646,-1.4665970644026136,2.0833326789537456,0.8895504961526624,2.7030161969734348,1
2.459596489013238,0.13781247422447707,0.24966305193110497,-1.0317186226429513,2.3446531120742664,2.30217300460456,-4.201948177802477,4.669260434294308,-0.3769935058228938,-4.427969577315575,0
-1.7954628806722301,-2.662435530703182,0.801425275547332,-1.8650767485547912,-4.337269422593549,4.150833457461044,-4.598064354495556,3.163445407768392,-0.01621093988476035,2.9108006530222745,1
4.826038797736489,-3.8615057896508294,-0.8328193798842021,-2.0926933013711944,-1.456482244030275,1.2159235525917964,-9.0389214880023,1.3379890463214184,-1.7769188248270267,-2.922871118252651,0
-2.1381814649821473,-0.6201417777959027,2.540992132763023,0.08963356020195401,-1.7127751878429955,1.967847307562324,0.42545309009156984,3.7530771976708515,0.32923713886584877,2.1756516556999235,1
-1.7990874930121994,1.4255814905504434,0.20006816346281606,-1.263387695117964,2.7150743777122566,1.9237754187879172,2.112176436485905,-0.9503718162836264,-0.8806071255411663,1.5863521174655622,1
-0.26488195637120465,-1.1250513773648436,-0.7987724577183707,-1.9452556123386524,-1.3435825099189742,0.9967761877288336,-2.8789350809424863,3.155759023871615,-0.2902544433444301,0.7445061504138346,1
-0.411680373839587,-1.6038010701266312,-0.865738728396943,-2.804251402786541,-0.12143980277636635,4.158325463639597,-3.904427781538198,1.3157812535172462,0.8058012141499054,1.5810741771227272,0
3.9230157369384346,-1.308111984114116,0.24247402563440668,-2.457377270550988,2.2101223673709938,0.5778639686819474,-5.799387253792387,4.7704657654541744,0.32666080413649845,-3.886652875682255,0
0.11086850807396265,-1.7081000230663261,-0.12478458239113234,-1.1638940064394494,-0.7176336456783355,1.2455805105701026,-1.7246213367854044,0.37521695060716187,-1.2866944024914968,1.6863475900479181,1
1.4650698990236242,-0.8966750955896776,-1.4925959941304103,-3.106094690957777,1.8377734224124458,1.8630971814060802,-3.975645483936957,1.3252357776468768,-0.13937030827390118,-0.66685692033247,0
-2.3506257888698254,-2.4611133651183867,0.490901309117073,0.08746587662399685,-3.63918066289522,3.8587309328074966,-1.2281856751064884,3.2491180465619447,1.7132535703560028,3.801776794556502,1
-3.742963235703259,2.3632547839528426,-0.6551482687470855,-0.3914047474822804,2.5024147977715394,-0.29567914209397617,6.510377590750321,-1.4698338778095388,0.05061084717221441,3.923416008604731,1
2.270007590366681,-0.8020749628683079,-1.0976697749222168,-1.0331059123512922,2.8367844483743876,1.8180028959362335,-2.4024136990188882,2.6583258351927714,0.7579867595478953,-1.9149020143451922,0
1.7950649763719415,-2.1482942447759386,0.5529788371458881,-2.0552658675652413,1.372558315577817,2.6249128592508972,-3.699067776195409,1.5311753196457036,-0.03205826148594767,0.14644833073380448,0
3.50830960140041,-1.4597813219657374,-1.6339520916417691,1.2669728891584158,-2.090866935238498,-1.4106207590107165,-3.954894444781313,-5.213588926968427,-0.14870890021863972,-3.1155858695302925,0
1.0537328941559643,0.7553175542496078,0.5070833628304308,-0.49187665131446545,2.896926201953264,0.8231732770395302,-0.09611815285333354,-1.1891131770543741,-0.9132069012238125,-1.4335823627962963,0
-0.9156710888690985,0.659388983156187,0.9628112328239639,-1.4890354211728252,0.9856938834387102,2.527931172414691,-0.9185429828990876,-2.805034185669651,0.30185332403260934,0.5881488103194557,1
-0.5739893739594806,-1.0520257949730585,-0.48349487757102694,-1.6473379580181147,1.4433539366489105,2.8487714174492247,-0.3716686922752372,-1.242414619129498,0.4164305004054911,2.586089056716789,0
-4.215232385884457,1.3216962738128042,-1.7095556453239635,-1.7409317861298192,-3.996442107907289,3.4132089088500885,-2.5340859755650316,3.2205223467262045,-1.2159669950518106,0.9774029865973819,1
-0.8665503443533501,1.0643596687831456,-2.3342812088833282,-2.6472449327329564,2.616342103191628,3.1181239968632504,-1.1941369672506343,-1.135071658246717,0.3174443590465533,0.31087612138234477,1
-1.3565707573727535,0.7471753429823106,1.6585089167526792,0.06940121573754188,2.336462022441428,1.755676943852743,2.852931195317606,-1.2368139433267404,1.4933394189563414,1.7644698768045468,1
1.7893473348616642,-1.4550226711718564,0.3595683002534298,-2.7440368734097333,-3.1728797193787033,-0.25583051311423866,-7.177266010916924,-1.0314175244259063,0.5013327244143649,-1.7723292717681938,0
-3.173395600711093,2.3877685095489642,0.7469069027962387,-1.0810216889939535,0.5036882725577587,2.3611674234249844,1.0695424514378002,1.9861490776705293,0.619530859363748,0.4988567494123788,1
1.5907883190143064,-2.25150529897299,1.5365168642817006,-2.5270390867529358,-0.46812625363145766,0.41229660016490066,-4.032507645442976,0.10876479751648849,-0.845095315193393,0.7334692456944212,1
6.316934248936529,-3.0991226287714078,0.04324399659815945,-0.9371655406394743,1.828893498581885,-2.7203089735356087,-4.629283110937721,-1.9553369264467804,0.04497972732860987,-2.9415441194691674,0
0.5271096667961925,-0.5075215784802958,-0.3797123177178291,-1.2284384344589068,0.6404701342022706,1.555467195118304,-1.756692510779732,-3.564882459976273,-0.6399278523280171,0.3841988762148343,1
3.1806361456482857,-3.004862425027426,2.2084077700637312,-1.9462201364287972,0.050559570678081256,1.0760389815693052,-5.302003864078827,-0.250700229529784,1.128309054562671,-0.5705614333470831,0
-1.5830101128010818,1.1117664712144446,1.2317627094192147,-1.0203143290490493,2.346493318140599,1.534119411784431,2.104208150659124,-1.0051383223878323,-0.37167218510896366,1.6735979633141806,1
2.7681314060156628,-2.9761871743931394,0.8378567782763992,-2.614317613784694,-0.329942852051172,2.3536405163896923,-6.721572239389893,2.633980458310082,-1.3690918596562172,-1.0309762462461318,0
-2.1372768512793408,1.6223175011552629,-1.5482306657909177,-1.7827899832098097,1.0128494745685432,2.232029376320125,0.1570410986637231,-1.2887781571436512,0.4330666864799703,0.92439509251976,1
0.6725433607487492,0.8959127345820854,-0.7150477977968192,-0.4604302622135441,-1.637144680852186,-2.831759446319993,-1.7637311988148348,0.44748138432702644,-0.07934374749865712,-2.3408131965823156,0
-3.8950684816197545,2.1562204355188235,1.29827156690986,-0.36763411262746093,-1.6649813040047712,1.1244696393417082,1.8073575902943746,-0.9402574436862206,-1.399312474269876,1.7608593706981162,1
-0.28884917355579826,-0.9215790277515922,0.08751609611076104,-1.9660318766590275,-0.82495809564534,1.3217701271618514,-2.634321849102769,2.2918182114211776,-0.4241328979333748,0.7576488833844282,1
2.9193597404991527,-2.4856970471587445,0.2637119616620167,-3.708257240431312,-0.6782071499983953,-1.6937116284843634,-5.814045745158381,0.725916647733083,0.3884879182410328,-0.3988302846589731,0
-2.8326004846488573,-1.6541583939773208,1.4359153507054134,-1.652109053944618,-4.462246795419034,4.886544217499491,-4.079575101196116,3.0030067973392214,0.5178080418362866,2.678035118998249,1
-3.94755472038576,1.701056520947513,2.1492972491782596,0.3683346875425606,-1.5886180969959685,1.464212851534303,2.3407825061330736,4.511608023415992,-1.5092399730805282,1.5419205023142077,1
1.45760526127045,-0.3380021780036413,-1.4515896670588315,-2.296442506771107,-2.080132760874457,-0.6572750222510338,-5.708035264554288,0.268988180468851,-0.2984957260114226,-2.5198037887521707,0
3.3233946781253865,-3.859064303366005,-0.8204773756509719,-2.040181791266975,0.579515992455812,-0.0042891652286198845,-3.9153848948411007,0.9300418236514639,0.8898080515344061,1.0008100803968736,1
-1.1623130461915816,0.8302388392613372,-0.7565532540471878,-0.5325005415400684,1.4277868760727772,2.1240764350695294,0.7552740455201838,-0.23326754597574229,-0.07787405267969207,0.6065549691716351,1
3.3871452729659555,-0.5008345234245389,-0.6212343649322007,-2.2090617283858083,3.6403678470252805,-0.09799582752658664,-3.262776043236164,2.3778010520076394,0.7966304793356654,-2.9472097837590154,0
5.869392068882466,-4.2905770427056,0.5897627002104363,0.2457994632444751,-1.0850866151679188,-1.0214660474184516,-5.92966107792371,-5.0157355233319,-0.6678671090543804,-2.053187031007766,0
3.6874313814207964,-2.047166602280079,-0.8925821355462147,-2.106445240972493,-2.0941180954186587,-1.467562739843382,-7.114570320710446,-2.2176764730072263,2.2229552000609347,-2.73509736672562,0
-5.247976367981296,3.961397412816359,0.8118501934549863,-2.3001672457754196,0.9965415647166016,1.6653647938997715,3.056532045532766,1.2519402283051675,0.919593680191331,2.044973755813148,1
-3.0254160901190463,1.7741098082472178,-0.7965601937708673,-0.36974184935545096,-0.9333547150393189,1.8565614453842665,1.0766380837067717,-2.3130277673826893,1.3208065337656982,1.310452516341904,1
4.441939463400692,-2.601117361887966,0.6501807531879694,-2.3230566759042426,-0.6508677652115116,-1.9117325444518358,-6.40082289956814,-1.8641903817938303,0.36565418686936824,-2.2187043686864074,0
-1.6684656341195763,0.7223013103406398,-1.5351374184243913,0.10070569512253291,0.8832561778409131,1.477096345607344,2.2029258344496947,-2.6458972797642044,-0.36086130101533487,1.8789255073670095,1
3.0513064974179382,-2.0856118827795944,1.8539646860498356,-4.900084670109225,-0.14871898648997073,-2.135638156086342,-6.402501940324567,-1.3876032102928524,0.2408920584798631,-0.38439239847315854,0
0.7948908547087171,0.9558648570547286,0.41810653819691085,0.1999572777835652,5.100087391305189,0.9089816195307694,2.8194286236547788,0.3181729041231842,-0.28504756501661865,-0.5238459578934578,0
0.6129411855286432,-0.48619700158264045,0.24387629867032387,-1.0071885138957413,-0.025428680769337797,2.5308230175505155,-3.0384341597767937,-2.867270335615929,0.959509859761044,-0.5996320487820705,1
5.223279104740821,-4.250874480897537,0.22939194074997077,-2.6736874003210005,-0.909870537004029,1.1983493360611082,-9.489345398745122,3.1468552088105177,0.23201646640365564,-2.9173156174625836,0
1.1447294564335888,-0.6685028461479288,-0.6153471506330717,-1.6688144815889592,0.6938636923790773,2.373758074584834,-3.558514650052413,-2.153865702648841,0.980082785457863,-0.8098068897906612,1
-3.948057220518052,0.7457601713689392,0.5704466162353741,-0.4733557525725698,-3.67519344204171,2.8082316967148975,-0.5945448416547368,1.6558845445923969,0.2694971098094204,1.9993569785890426,1
4.593309018162189,-3.5495513578857603,-1.156301432174818,-0.781431751570243,-2.1095603658110935,-0.14842979622148644,-7.190491598463642,-2.3332690334362085,-1.2668873687989686,-2.379871163166361,0
-0.15079203252563164,-2.540824205087808,0.6981662684285692,-2.375350930444859,-2.8493352302276884,2.260126669338051,-4.789128111104191,1.7425947476275316,1.3529561225593763,1.8026691744430647,1
2.9761199207315228,-1.751533439121751,0.8052312729669104,-1.9097311458787258,2.0121120318961747,0.8838047909362067,-3.7996414237400225,1.586905258323755,0.9049201496591336,-1.4217097796425342,0
-4.883697876232476,2.905568145125965,-1.564466004443077,-3.0290509931279934,-3.8475064581919782,3.2751176264445387,-3.3228257390935205,1.022516497290531,-0.2300203781467896,0.1394575682958199,1
-1.3604651852182106,0.7435070444268712,0.7348302461490009,-1.199874631067263,-2.310505598032673,-2.1400231222168618,-0.521693309671551,1.7400936607376218,-0.3676284109531413,0.37643911370253114,0
0.9739625937106664,-0.5241571169773871,-0.9223846290616873,-1.1555364626861202,1.98121821316427,1.8428041355462677,-1.522702222840819,1.2177414953101062,-0.03269763638397336,-0.49334007034347893,0
-3.0286076360329535,-0.17845828630363014,1.2030605094455828,-2.0402025321152726,-3.8375917841872678,3.99658449164234,-3.8904224114848223,3.494670564328419,0.404813353695017,1.2746743029045158,1
-0.5413446328765421,-0.43747296748157294,1.1835020235419498,-2.9630094629034627,-2.249231106822256,0.7045538467635624,-4.177753241302224,-2.2476163291855973,0.3910083851962531,0.6932168448351926,1
3.420508329206981,-2.318969333870469,-0.1322327291701942,-1.7041698779631687,1.0057623237190514,0.8208177822096101,-4.860268036626842,1.400193463129402,-1.754952237335574,-1.7217126894185633,0
4.725168632148069,-5.256965411329041,0.7785603539766984,-3.9913674842451305,-4.124541497348409,2.000545320715138,-12.903833038777902,1.1888652259375574,-0.040801581303208885,-2.09034600121984,0
-1.4370527919132499,0.18648050018507156,-0.0768278765899974,-2.3255928048310555,-3.3867141545197867,-1.5120844313911006,-2.3929717587117367,-0.9764771127577527,-2.957031750978881,1.1026420692059649,0
2.7216256331809405,-0.8292448639886784,0.8058800890068776,-1.151650147116883,1.458270303953472,1.7577630550556413,-4.525232619388562,3.2319750596428536,-0.8799699395302623,-3.3608399010500047,0
-0.8558304477324034,1.1296441630452714,0.8622221644007858,-3.2066500825591353,-2.2129107689944236,-1.4727265383631885,-3.531402436506342,-0.8179081183360958,1.0506763053118462,-0.6701335923472582,0
3.4965959319346083,-4.335347909913475,0.10397992400908915,-3.7805615402557464,-2.269819834631308,2.947098444778904,-10.39660700535615,3.5330273792944222,0.45342124550525176,-1.3491076656232297,0
5.416463619441289,-3.1518435496497434,0.6010135264946271,-1.4894284341329123,0.7248309220382163,-0.056874304286208766,-6.88364847163341,2.3696226448758853,0.22727741267959795,-3.6022144274544625,0
2.5680904687695745,-2.1598159973631263,-0.47774217877761227,0.20481932576350892,-1.6650720660239557,-2.6589200768237466,-1.9373141587739648,-3.92458612567607,1.6706391583258917,-0.01089672706193956,0
0.30904900955491943,-0.8790060525412993,1.4542222190538747,2.689342475198835,-5.028192345209048,-1.320478700497489,-1.4695969039253665,-1.069442420834045,0.1446473844881631,-1.2325961726058758,0
2.9339126245716654,-0.4131554729762823,-1.9734233691258802,-0.35980192899217855,3.2037621840997073,0.9099364624643567,-2.059313807225839,2.708839105156996,0.26803353961396686,-3.116968811510744,0
2.8202401070332037,-2.0069780613004973,-0.8392884366724838,-1.0915846526627373,1.8484210488802169,2.667078245465993,-3.6039384012214453,-4.369585000972198,-0.42880860870400983,-0.5818946577104986,1
4.076572658255997,-3.382913465540785,0.50707054126648,-3.9588752327669425,0.1446778744990047,0.8560843139408053,-8.10445513031733,1.1629624471668734,0.4257944740472442,-1.3793714038033065,0
2.644141904128482,-1.995283235020166,0.12674486615081526,-1.5246228499648469,-0.8051626741864846,1.942423341680967,-6.157941407410971,-0.2242274496076766,-0.7267437429665786,-2.0657464588806387,0
1.1955407948196604,-1.937095237920332,1.4507600210860958,0.3240410028617764,0.7877585625256739,2.6092624597123972,-1.3019211548567347,1.2620214275683945,-0.5252618994803853,0.3669811423411573,0
2.3616444614750907,-0.3187516499328946,0.9064525405197977,-0.5025494987813236,0.5211725142944588,1.7345832013932354,-4.453372800058998,0.6838733735309813,0.3986434717966514,-3.684578462355373,0
-3.600408371605409,2.059863231895502,-0.8215733043450757,0.8886187666807475,-0.6874831655769919,1.0002228717257433,3.4869918116522918,1.2167783398833596,0.709615218728623,1.557527366714529,1
-3.3230364376043218,-0.38928743343111627,0.5591514336782372,-0.5052829504333015,-3.2498036672315447,3.2590392445027296,-0.8450053475875005,3.4645918598545244,0.38211992577864945,2.5394942470511572,1
2.540681563408532,-1.9334781180354945,0.661352044831807,-5.112267493743035,-1.6657791028390843,0.6163035225369042,-9.342921972128476,0.24048497368628952,-0.3955389205927723,-1.8122865917010529,0
2.452485875648265,-1.1793711354802556,0.12973574103081262,-0.7993738530843371,2.831720059326825,0.8975578918077166,-1.5998586984237648,2.2659748206763206,0.12367644248041414,-1.2457571020354397,0
-3.771361634158317,2.53747599645115,1.4848968304103944,-1.908424983223628,4.227875353894477,0.46266741879323603,6.339298903417087,-2.751097816991247,-0.45404510722123675,4.61786235462947,1
1.7940240770128963,-1.6611371169745373,-0.6937948210352283,-2.7837527696671724,-0.2822971680699191,-0.5065183447021395,-4.166963329531044,0.36815074694046945,-0.5124794965435998,-0.11259420132500186,1
5.029251536820342,-3.4756136346184574,0.6116920474979233,-3.9116361940867557,-0.9282632332225704,-1.1846693464396387,-8.925891646201771,-2.1279418218997614,-1.4771962101012184,-2.046631249297716,0
0.2819116280889423,0.08990587921712656,-0.2805234140990524,-1.943969213332831,2.6969457111386674,2.675326382564644,-1.2189031967555484,-2.140764520368003,0.3447189475169205,0.3170228136320621,1
-2.0060729736620977,0.499458249725939,-0.32809056500770034,1.988586027619792,-4.655452681526459,0.06261823100946806,-0.12623742617458367,-0.05578987313353245,-0.5029438369403537,-0.11522734714643157,0
3.352459999684102,-2.2586109089073814,-0.6165475460685711,-1.021381438031601,1.366380553247559,0.6688903622738688,-3.738616079257989,1.780229100564389,0.8121381111144732,-1.5742316366697406,0
-5.4255093016541105,3.3742602445581404,1.6601376405137818,-2.3219624837297967,-3.606012435678376,2.7231860964683343,-1.6373236782833773,2.2688451299070733,-1.286563077610337,0.34383359040370465,1
-0.04641823627768072,-1.3646184074902352,0.24374992358908618,-1.7788170279478879,-1.159218926282486,1.3487886650022278,-3.037585878254408,4.462731961984378,-0.2052326450350451,0.5175067620262293,1
5.196128758247062,-2.7259826421744915,-0.3618122932559792,-0.5062230667869803,2.5117785853343975,-0.8125694539860406,-3.5938752380197467,1.3970540992449745,0.9091179275980095,-2.636855140519581,0
2.9201782283961095,-1.203741182811403,0.001101111525158812,-1.0863587728335304,-1.6587379759279517,-1.5801977496101347,-5.159697496127815,-0.6067234996185636,1.3116151221428891,-2.8909472261339477,0
0.8821829703128017,0.043538811544048484,-0.895914875569927,-1.8000548806250007,3.641790512942036,1.2123436843000222,-0.2278985153450427,0.46276421295700687,0.6989449140059846,0.007475617820660085,0
2.554051155050284,-2.273966103499329,1.6214525081520348,-3.102280811967513,0.2646764562206434,-0.3765107302218078,-4.698844252362035,-0.5292140469871036,0.10035544608675968,0.03260501281547712,1
1.0083942673128725,-1.0256873520384664,0.9610258085747349,-0.42937898240050565,2.0672664742471385,0.3420997093672349,0.8448354735084389,-4.456279571833816,-1.14200453531302,1.6794869046173098,1
0.5078610579483043,-2.2515162577453594,0.9845090725367348,0.09161401248752177,0.15672674521097107,0.885040118785198,0.2554946967638698,0.6500017726892613,-0.43961482255903966,2.351371272543326,1
-5.81564478433527,2.4048328374353343,0.37398055732219204,-0.5514845138992612,-4.200651917813119,3.7396031713541578,0.01067472506908921,0.8159758507758259,0.16459804964689725,1.9282058757571698,1
1.204461887299126,-2.25181867180114,0.5049069983366706,-0.551669579022613,0.4823196675325714,0.2965679982420042,-0.6458435174664079,0.36012893650575095,-0.29890201350420254,1.7082997423006296,1
-0.10671527389140237,1.0328594010519496,1.6812481390614995,1.4923615881241061,5.222411805708813,1.8768511812483342,4.69358947561902,1.7359386537465167,-0.7123470522541273,0.1965620930302978,0
1.497861138311994,-2.57792721408015,0.6432808713782545,-2.6989463598568064,-2.810026646472049,-1.1492245552423141,-5.0628416535198015,-0.9727807609121385,-1.9248552199653335,0.9285927320371847,0
0.44366267104352847,0.2797599131099582,0.0745751909381243,-2.127540538809889,-2.8413962113151765,-0.9907625599011447,-4.934141614380125,-0.08870039550543396,-1.236913723593805,-2.094049250730982,0
-0.275996789995014,-1.0502979099019627,-1.2142368595979316,-1.79994019693914,1.2572051413318193,2.832472255258077,-1.114134560720355,-1.4835387975872565,0.6930110164251835,2.0688897376720434,0
-0.26418054030357263,0.2789811211773565,0.39400216213168804,-0.7196451023704827,2.6052704278140686,2.018970968363301,0.8818289929312332,-1.2100685905480604,0.12337901633727054,0.8472827916749363,1
1.153611273541011,-2.783943393460609,0.013480019696702055,-1.716667503437864,-1.0147050590989797,0.704220393401976,-3.0913607193123744,0.9307189232628404,1.481574790554385,1.688117119069802,1
-1.4550514246231785,0.8667806620260987,0.7611413126527503,-0.5872811782303492,1.2077712845737478,1.9102319672822121,1.125128301966152,-1.5095877654889114,0.6333385376116621,1.1881137550802467,1
3.161885793060692,-0.8415527157225828,1.3360196867583152,-1.085718821907816,2.7037057988279782,0.6495911744555617,-3.1200006304838626,2.683377789391076,-1.1613821472542445,-2.925884147826917,0
-1.9020987219988423,0.10206959429271234,1.0660354540063073,-1.8756970138853095,-2.135830029221258,1.6620524601059459,-2.3952674132488667,3.7551840499356635,-0.9565938866318474,0.6945241199731665,1
1.9696185223784828,-3.1591437161876796,-0.20976524563626445,-1.4731720981366818,-0.8686365082560018,-0.3004957924749867,-2.9658059330382724,-0.30460334831782254,-0.13600032419034233,1.5899233437768812,1
2.3148039148867907,-1.0796062353035527,-0.5264080377317222,-2.3394395545820843,-1.2726769873587072,-1.2787639649506128,-5.238360763377762,-1.5869618563363397,-0.12929409014888252,-1.7914540796669878,0
-1.9552318281349796,1.3948759715956125,-0.9915635600467156,-1.2745718325398887,2.2857427478493455,1.4938847379015114,2.2415725439434073,-1.39424571331591,-0.53344027016372,1.8872735457509555,1
3.9022132133744973,-1.2061904646782202,-0.018458810289453426,-1.3809394143359375,0.9307662320796224,-3.3096244782410293,-3.1160048459342007,-1.8962703097049058,-0.41084517180512076,-2.280417180017,0
-2.0468061436277116,1.6116817096359544,-1.1071993740311197,-2.4383814432745603,-0.42857280292949795,1.1640132328278798,-1.2524910875877133,-1.9111615123249384,-0.2756310996678916,0.5800133827752859,1
2.1409481654124143,-3.90364430083438,-1.2095407276996253,-0.9995262567629546,-0.45958631578864684,0.2653969668571934,-2.3423985171460058,0.4603841911745805,0.521129104119611,2.330693996738775,1
0.15588407647958846,0.3722620802825598,-1.3426410837987417,-3.427848114065344,1.028669629978481,2.6039570656454676,-4.142604517839978,-2.5251667498514907,-0.4029510756171176,-0.5938445198154363,1
-0.5684457133676544,-0.28428023939450986,0.4283986104600037,-2.1221407607220364,-2.825888467887661,-1.0281272381209234,-2.932767566740171,-1.5969581545421587,-0.9494023626628587,0.6573540106581097,0
-3.5827425007901916,2.6479839457768195,-0.474645197385158,-1.7976026069692883,-0.08208856597637237,1.616939884999324,0.9403503134878533,-0.6069751525783509,-1.4034878611200519,1.1740128589652816,1
2.2768719298797087,-1.634073425568365,0.8552752636530545,-3.435341829681306,0.8546002107735746,-0.42954033917651646,-4.4404009692436395,0.5237845845699137,0.7008364467526926,-0.35013247599867126,1
0.46048240305158356,0.26721617338364956,-0.9280977574463397,-2.3985418688911637,-2.0473205649079356,-2.060719282679349,-3.626834444949228,-1.415934650663767,-0.7611134689080887,-1.0827875385069694,0
-2.077039758087782,1.609975418669229,-0.9638881893174405,-1.8723840022888822,0.6289599702556365,1.557863698215317,0.059896646907692315,-1.330830873866467,1.2508937886917908,0.9027183906920346,1
2.424344578256949,0.6607250482474911,1.089620398339243,1.8487897217588092,2.9090036652271225,1.6537679754575718,-0.7768529262518508,3.595217678853579,-0.15843691540299218,-4.678298357136109,0
1.270562453191656,-2.759995339399949,0.7977332439097289,-1.3127163520853267,-0.20067761570460307,0.47136437283635924,-1.9352977079703375,0.6522384498852485,-2.4263263961659067,1.9836990099872427,1
0.9902029132666604,-3.577558468040039,0.058007678578289895,-0.8703502322436252,-1.4374218713611664,1.184039004276093,-2.381066082479073,2.009301071099384,2.58880311838165,2.5669583506290445,1
0.5896001562935707,-0.017587820995420556,-0.5917974648158657,-2.0109394639882456,1.7616850242158844,3.828071158028028,-3.4280462001013805,-0.9853743285998979,-1.679484458356459,-1.0754817653248683,1
-3.1815701055943855,0.4414620499676405,-1.1809156723252863,-0.8252172731197769,-2.4963996639902075,2.679350206481061,-0.589295790718942,1.1382263391515188,1.5461089436056539,2.010554145536051,1
3.1914212345089874,-1.511763936236701,-0.3281471030911709,0.16396790898825264,1.496268395494222,1.1829331496734539,-3.0832194221422915,1.7681105999323785,2.6333835654016435,-2.670405951840924,0
2.5616442732591076,-1.5545873988268528,0.5665957344899969,-2.5648551595829785,-0.2959535102483759,-1.5145487805863496,-4.503371491145629,0.008402304826034657,-0.16058190326942479,-1.1041710099721034,0
1.865611607997284,-1.9882900623161914,-0.5702722628945416,-1.9701531319514347,-0.36470431115183843,-0.764751102148375,-3.1038603973728005,-1.649960705974351,-0.9305120665074942,0.6059762230696176,1
-0.8803236537398494,0.5695520142108955,0.49520955464020494,-0.5339005164234861,3.2918098687924253,1.19607584560466,3.020710359223674,-1.3974972990812404,-0.18900637214838345,2.036637408099253,1
-3.028371011177179,2.0944943793712305,0.15343038651465163,-1.249238168033769,0.7260008402673365,1.0030845840261735,2.1187060637831436,0.06001719116124904,3.335268189808144,1.642502339894326,1
-2.7726553214644003,1.5655316427610608,0.44872288939255933,-0.6418321581751525,0.4859403882249531,-0.5167476819173173,3.598216397464592,-3.200548137013243,-0.5033486193190452,2.963161573077078,1
-2.007598988459255,-1.5265253688924671,0.20086355456091382,-2.864700210428939,-4.305710741116346,3.8968595797388974,-5.446443305199796,-0.8329448333674256,-0.17420814634187864,2.2976639710895626,1
2.268026866195294,-1.3083467923107819,-0.3790646796405542,-3.761939182204605,-1.088334712818006,-1.2292020878652186,-6.243634198002023,-0.6574552389364073,0.11674829321912303,-1.3429720780288046,0
0.7996320751367706,-1.263278591388087,-1.2989623645991026,0.09057177329325072,0.9787663892292571,-1.071811840233325,1.320816263859964,0.3899135267711009,-2.8486855308137553,1.5071624529977845,1
-4.954716033457551,3.5878653426536,0.4387350400574757,-2.224673630888626,1.7910916448995398,-0.5689831455089149,5.396178230530045,-2.1661044408060395,0.5045642753344656,3.907429831402809,1
-2.3164633984167846,0.08415027766085648,0.9800093436445144,-1.1931308269728123,-2.0822123213696573,1.9064996303591766,-1.0577246148904274,0.8334595307325884,-0.20347179859728745,1.7505433935620065,1
3.6283627924232964,-2.014482392618195,-0.7151295714592688,-2.785230742741197,1.680580780763352,0.8230544560483933,-5.7847039945627925,2.9006324368107936,-0.3476047821477652,-2.3539071994890777,0
4.572597892388546,-1.8538135868980072,0.601701989470563,-2.4558493603725187,3.45156002151509,-3.239265304425584,-2.338382105970122,-0.6722630842090136,-0.6966850848464496,-1.2002547329363669,1
1.6180356705756445,-0.8174452588715865,-2.3376715642913544,-1.6382807375848605,-2.8536004971089293,-0.8154219493517874,-5.4218786106959715,-4.072348763210005,0.5718029209336017,-1.7093639981449729,0
0.7648782955201966,-1.1808054630056577,-0.3146421758635465,-2.634921816344145,-0.8886328116991066,0.37037908336793657,-4.030226886258551,1.29760898959609,0.900583002617879,-0.005515764052745231,1
1.5620367289250368,-0.9538746970032026,1.2450090488116947,-1.3209847612221581,0.8007488517769772,3.2463132319589554,-4.135315030261324,-2.412175926907565,1.859244147838669,-1.264424387979707,1
3.0428635968253457,-1.2679434757508583,0.15396226626563522,0.016254705769629618,3.038534406794711,0.13504452522804478,-0.8588164743709072,0.5495638802606678,1.5055071485491969,-1.4450404642071224,0
4.03961607099206,-2.4799799838631515,0.06688215442182134,-2.9897528531536164,-1.696958207266169,-1.1945979463782292,-8.119153956217664,0.08715115522327932,-0.1315944180380557,-2.8306723798253404,0
-1.6931681719239877,-1.0467981810922797,0.9942042661042613,-1.038828330250272,-2.2538301051141936,2.4250535368313626,-1.625648788737917,0.4124158996442888,0.17539541152252575,2.305727218752494,1
-1.0133744171043257,0.707808985443652,-0.5870519651225333,-3.535375663499084,-1.9186636881756007,0.9183943563522527,-4.657367621297184,-0.21694899313902116,1.1908710299594518,-0.5363905092772927,1
-2.860645613824458,2.2737861236377994,-0.8124184070008121,-2.198694999746189,2.3041804581114103,1.7464370125035056,2.0395154846838537,-1.2483184287749878,0.05082102331430527,1.9149220814045929,1
0.07956336204927586,-0.1537236117619991,-0.019920002477827964,-1.1795713695468741,0.988678373542531,0.7277137714039416,-0.30654097804200914,-4.643770048410959,1.7299307141653786,1.1884972249465684,1
-1.7363462934793223,1.1081309034450255,2.203245761924893,-0.9094635398857602,1.444062932272495,1.1896682613120964,1.806993420560178,-1.5308188249859473,-0.2353016772655414,1.6605507059486575,1
4.313560025652037,-3.289651638017186,0.4282825128239694,-1.9116549855454776,-1.6032493243558832,-1.6520689140574993,-6.408042705235277,-3.5047095065692515,1.4351907123002996,-1.2845976588397998,0
4.3933613250849675,-3.341117172798828,-0.7624441819389206,-1.2654787804217973,-0.25989696154030817,-1.819448526963941,-4.625755671105876,-1.0561924127134406,-0.6167633789232494,-1.0212603816579793,0
-2.7958517859018563,2.298286290591422,-2.7690288815513657,-2.6267771401755047,0.4124783427148486,1.8993028955045737,-0.48132168253923785,-0.49376286414743054,-1.3656268062837593,0.6556464775254891,1
-0.9670814651192666,-3.227417157706539,-0.6030488013442444,0.02537943870088588,-2.0639824619267055,3.6541813726380594,-1.2288182790934128,3.9610892042906984,0.2633343891549184,3.5633059359382524,1
-2.548844422602671,0.8203978912141547,0.9585931403453417,-1.0382993411358932,-1.9498634019078982,1.5514845615098025,-0.7015709468584767,1.4354184168856203,2.0779316416048315,1.0607588255115554,1
1.315802774047404,-1.8942644237469075,-1.013264308591272,-1.1180137568227322,0.1958310160481156,2.6001164465992486,-3.365709183177869,0.589786220724925,-0.49393597148945395,0.010691716511198601,0
3.9410583398712347,-2.07008313906138,-0.8871715942317684,-1.4431376387024424,0.08365409090179154,-2.2814105468383463,-4.211159869512761,-1.8248413789232132,-0.15289107683072373,-1.804255243648015,0
1.7222043262062463,-0.3462518725522854,0.0012791803695095816,-2.6216669363040075,-1.5909199433914742,-0.8309408755642154,-5.708718087775229,-1.1159303569990002,1.4137885207784278,-2.370344377575532,0
0.5556283054703338,-0.09193502555165645,1.2203429772001366,0.7586447664698732,-2.045797756798514,-0.28384407167190995,-1.8982520720868652,-0.12568025330208044,0.7346197071192744,-1.716608519041772,0
3.506404652545783,-1.46414788361104,-1.0271145976084237,-2.6883519285234136,0.20857406771871712,-4.275405591215429,-3.652490635538661,-1.762509715762021,-0.4482859492940523,-1.2148870281679165,0
6.380185727694524,-3.3399737062481654,1.0355390177754167,0.08461871405071908,1.4111751977345939,-0.4672994791966507,-5.8207680984179815,2.5190653620669714,0.23273655767532012,-4.469862190594549,0
-0.30271035301162036,0.034311300400446054,0.6641054995099086,-3.366800943269736,3.1690486637921165,0.9626912106707711,0.0055416629757438106,-2.6481340671247997,0.17241034104890116,2.3558696252171165,0
-1.8937084717922437,-1.0157003570808776,-1.3016467067193902,-1.4708431599915774,-2.941319378406484,2.6909951845398226,-2.90554983711106,5.169702142045557,1.3987773250498419,1.3878569531346732,1
-5.574390750505925,3.582747823548861,0.3018960634414684,-0.7723975279715316,-1.7289474733920556,0.8118315757117126,3.1958390719941976,-0.9514021181076212,-0.9604845562440033,2.316852733954524,1
2.8006329251660986,-2.4400806113081677,-1.1200340574690621,-1.8395221764864922,1.4376623671143363,-0.8932442329629797,-2.329584193671578,-0.18138353798252327,0.6615166212776474,0.5458174851010871,1
-0.9925826350783016,-0.8341363315117606,0.051888357835759985,-1.8310229638908038,-1.1913998911103865,2.2004294071299806,-2.401035181722446,1.459187377063717,1.534448125403096,1.3669593392417436,1
-0.11309036835384072,0.6815735071982609,-3.203345609204686,-0.5119381863828358,2.46954066164491,2.5841865166299653,-0.07868350618698307,1.4100875408902738,1.2426743804669471,-0.7264940301783723,0
-0.05048134378952716,-1.6004335201080766,-0.9351765960285233,-1.197656072649009,-1.378526980159047,0.9532013993852132,-2.0315355849685584,0.2163896398622187,0.9056231849466405,1.5681596301902014,1
2.1554645332208278,-2.2393527795650283,2.082845263569113,-1.2254474351614513,-2.220500539703947,-1.4592179691190748,-4.155112100659,-0.3550816545140265,0.3198167587532024,-0.4264333229128108,0
0.6449200746163205,-0.6170385125044955,-0.38148250142278806,-0.5790478187107564,-2.7864347340331794,-0.8588175637657791,-3.137244156502703,-2.410720673212399,-0.7412084962162536,-0.7614161192145542,0
-1.9513639968634933,-1.318025278222818,-0.8435245009728114,-0.14416251088092902,-1.3747892204746957,2.8110750455011795,0.2530478327046946,2.090207702201236,-1.0095982425915804,3.1228000725255156,1
2.4301033333366227,-2.210201765091449,-0.9555651013138681,-2.0795810103294197,-2.78226348497184,0.3247966661571964,-7.1019144185341725,-0.22894746677310773,-1.293982154515715,-1.794229621151106,0
1.453223592854287,-1.5284033662945515,-0.2805607923203513,-0.6821596801775395,-0.3381283431627631,0.6304189702498455,-2.148811814616941,-6.792308125887012,-1.2694632369690175,0.8137035890751028,1
-0.3822264346916359,0.5789172090023555,0.6238667842924046,-0.24402594793586108,2.727734944522153,3.802833826900747,-0.050497125754473994,3.5003255233856603,0.19797212515287052,-0.7940574047166526,0
-7.5005550382759285,0.33139578082160615,-1.6876508375746309,-0.748209915585527,-7.513409019293521,7.779801300489428,-2.6347046788833883,6.006661723064091,-0.7582625940182287,3.8756788147858785,1
1.7525997751869704,-2.0251952713552814,-0.1361633163505026,-2.210153803794512,-0.583209030423383,-0.8937038786982647,-3.4072241820964764,0.5553234802353967,0.048491805367348165,0.4355569589148913,1
-2.4961616413558154,1.8935345850401655,1.5387772910681887,-1.891656807797468,1.0568147165315442,1.775219358721541,0.7405993306059033,-0.8794662470450263,2.103910958422228,1.1982346319225639,1
-0.9378373221988038,0.6502212593224231,1.0832711990364863,-1.3827051573925475,2.64795461882016,1.2108684078791545,1.7243952095804969,-2.8140331248561123,-1.2284873178523772,1.9511519220590101,1
-0.3571832182238781,-0.47684586906158266,-1.4104987739842465,0.34213388744618034,-0.009095633598026787,-1.1215623497803398,1.8117978110235657,0.905626897631235,0.5849053048679346,1.5342642016614438,1
-5.250204509696485,3.553190198622148,0.9217994115529006,-1.296018058717371,2.709578487546138,-0.03236452238510501,7.2182374689693445,-1.4642537731419765,0.7891857357629004,4.538208733697703,1
-2.0396187686357456,1.5117897506887228,-2.301763856031177,-1.186398074011342,2.3038889692523874,1.683709844013163,2.208524269540162,-0.4685920957412735,0.05914594230748268,1.6260978588756814,1
0.4947603954048689,-0.24404246083031356,1.2079534760525765,-2.7289029756510046,0.2971164959542787,1.8665354040454603,-3.7225975057409544,-4.641559937906379,1.2444506093033991,0.010232361486547381,1
-4.083911011634652,2.9019631332958253,-1.2689238424658718,-1.5566388133537639,2.37083437933304,1.9857534072961216,3.942756097625127,-0.8266999527684858,0.5020456154663447,2.721892247954952,1
1.2196629564439343,-0.17980806788718118,0.41329539261685405,-3.612836255295136,-0.5332373905882081,-1.1961049018021295,-4.720325955850652,-0.64002950246969,0.14822465802930038,-1.1720035940409241,1
1.971435710497228,-1.0413917221613347,-0.8014418486532459,0.3335313423502422,-0.19261552043781993,3.0704314221429083,-4.273397202251608,1.2222732316024727,-1.4167566397745432,-2.9202887791938608,0
-2.244181624231704,1.530849231316174,-1.3034108280355854,-1.4549108795310397,1.091938216848848,1.6301765541339668,1.2495442131708632,-2.851197529457364,-0.8082616024671286,1.7221968672466406,1
0.173019957938325,0.5033123497443168,-1.213094263557411,-3.0803364125044763,0.4322300296391035,3.0778352729480773,-4.847025204556043,-2.2720486648352543,-0.18893225393896665,-1.362024993378574,1
1.8469983706190964,-1.427220857262733,-0.8604148829005365,-4.2684843908460595,-1.7330543176472182,-0.11820651355786982,-7.507895703932339,1.3997076710706278,0.4886001937453581,-1.5131478958190023,0
-0.34391621544862855,-1.2864184664824267,0.563326619325328,-0.8572172642784922,-0.7445375941078978,0.8693770280411359,-1.097257612594318,4.843227710632233,0.20859296405883831,1.13035207305455,1
3.201858416482186,-2.975716845677807,0.21648535648784556,-3.29963500151821,0.2777074366128549,0.42922205287691195,-5.925967286495061,-0.5385050902724844,-1.203596215393132,-0.1701315602650486,0
-0.0778460192422353,-0.7543865823871677,-0.5050492603101437,-0.923724955676121,-0.7814938597253788,-0.09338782753645058,-1.0644171314135935,1.399977489569529,0.1719824945624504,0.7632240976405279,1
0.768153854279694,-0.41476188327937535,0.26865080983501094,-2.0601498066204162,3.407729776448526,0.6739020736764566,0.39013800909258656,-3.827498372092264,1.7418503043872786,1.683523843113767,1
3.9718476224098747,-2.3538278347879165,-0.44327350652556335,-1.158197357035236,0.39405175226043765,0.9851627936338386,-5.9156185482151935,2.0909391543983746,-0.24889331965522968,-3.0626271097990125,0
5.030632619422483,-2.099133057797345,0.5724294463977242,-0.665538361786205,-0.6348954822465146,-1.819053606333487,-6.056195477646423,-2.7424872064401704,-0.6377319631499931,-3.925040382860602,0
-4.08895537557275,2.9596606248576998,-0.3025799046740288,-1.047876761389721,0.5249699980388148,1.7626577671105774,2.6480538717603217,0.07687839163637156,-0.8812509441721483,1.5943168715776816,1
-1.2296375576274878,-2.6692527256878287,0.37102787790352465,-1.6524158507594775,-3.0107753932692782,4.030807823386125,-3.6654409011925986,0.2659724705869977,0.8750252232836752,3.1992433042768598,1
-1.7595994233189665,1.3767436579161927,-0.6045377257106385,-1.1752334736466854,0.030472758637811737,2.572866158983192,-0.9679458814965615,-0.0757321287005217,-0.26896205972521,-0.15357476068876674,1
2.400938297518309,-2.2568512521469497,-0.05923175154200424,-2.5021386596944564,0.8134174275000915,0.6221408226412856,-4.036172518626098,-0.673297516311854,2.227139060535686,0.16114239856722223,0
3.6273517713614987,-1.5660747994948583,-0.40916388466479314,-1.6472257114765416,-0.2079188558978453,-2.648963018316627,-4.276736273328385,-2.027883119957556,-0.2991022505097704,-2.0628751347199845,0
-0.8772485120538065,0.7857034993405513,0.43025962758246605,-2.1030955028161937,1.4913440014982748,0.4152481296101702,0.32028300043750874,-3.5770536100540267,-1.825813538985183,1.5032215675577896,1
-0.26817100324306553,-3.167469558515661,0.9869151932831538,-0.9034081841896683,-2.373433742727524,2.738231098001881,-2.7780618826399923,2.6528400242319936,1.8112213872727128,2.796597484896627,1
2.784526566643586,-1.6178578717601295,1.3170219744805909,-4.191752329460738,1.9530660245098106,0.6149716746708654,-5.534854452429156,0.9948138624331313,-0.1736933755109449,-1.0172514592133854,0
0.9966328702186036,0.2679147009702012,-1.6935002946143993,-0.6923529143776007,2.9761294671935294,2.6581722745074483,-1.2228946263566494,1.9159055731858816,-0.4063956937063165,-1.6838122101889619,0
1.4979865461483963,-0.718027220815483,-0.483975877588959,-0.9779978070597779,-2.0264325707185664,-2.343058359020559,-2.9518411664322426,-2.939601418699385,0.4391986597509187,-0.9333931362209907,0
-1.0436377083542965,-1.12452295620315,-0.26532879976370544,-2.7536405410758746,-3.020963969039333,1.9847871592289716,-4.646772566471105,1.3327779799503716,-1.4606820976709431,1.1186734692030118,1
-1.2288544621653286,0.7366129692376306,0.415318262494437,-2.9769734111821538,-3.9917768149092434,0.2742807987046034,-5.397531694620766,-1.2315228461772136,-0.8381915404378485,-0.9445900233113048,0
2.615759837188116,-0.9464142101914097,0.5445184501466294,-1.7511919833451994,2.7731074273510545,-0.3957798707349409,-1.8709215792909766,-0.7769778670031742,-0.31211252426939223,-0.8857087409866561,0
-5.482916206426127,4.228431382986355,-1.2367948904960246,-2.9710221972126227,2.6508931910761486,2.0717470209292577,4.062570613540572,0.1398981020200225,-1.1409444878664698,2.929813854836026,1
1.2676324866039097,-2.4390760901383937,0.23775421849806472,-1.9675822399921201,-0.944572638988662,0.6800301278963484,-3.663007312147227,1.5823201085699923,-0.11126089706175073,0.9255461048044928,1
-0.8613760091528337,-0.3820065921696427,1.3689240138058605,-4.325937860575587,-2.3444185657575916,-1.4336206356864496,-3.8675908534669445,0.717923337079279,-1.235366616253304,1.4331833077129237,0
5.591237755955328,-3.770520575568202,0.36526920005909214,-2.9512514501796456,-0.025444633999682997,-0.2502980163691493,-8.610894396624792,0.7705254247004116,-1.4507446544685365,-2.8805012525631373,0
4.572845108139563,-3.722376560163823,-0.26432095585034054,-2.4022185803402003,-0.99811809899309,0.598567507193103,-7.9878714551363705,-1.5208283665589568,-0.4434141473921472,-1.8006751241341308,0
1.1157055766679504,-2.104764570569221,0.21644850949344063,-1.6898250948202418,0.12308350816815139,0.9275289796157477,-2.4537070902417164,0.8945851614008373,-0.21516087319502553,1.1996437947264522,1
0.4838877346412625,0.05657834699380526,0.057465549700520056,-2.8904552902004386,1.303902443536203,3.1935642299225475,-4.426783226273753,3.136920305054291,0.17928157945071474,-1.6425677236718468,0
-4.935666896655752,-0.7606687889414896,-0.7615573364668129,0.7199536525646475,-4.661323586111389,5.129320099021565,0.34748238767914,2.596744173274523,1.565280458096932,4.355856957675064,1
0.860998996101369,-2.855104621139754,1.111355313029831,-1.4021518680181106,-1.2293289444989175,1.5363387819631398,-3.086266177420674,1.0072656014219725,0.5057373418959664,1.8263219929761605,1
-0.19258628399615305,1.0230798210118066,0.11529455411255005,-1.5771672400720058,0.860427051305499,-1.2697949193192608,-0.1537339624237035,0.6396166873742619,-0.3848916668932745,-0.39634343102901615,1
1.5854907107331306,-2.250276918205611,1.0869595052321475,-1.1579990227952566,0.4770216133352936,-0.46983665873207014,-1.3502302433426743,1.5538510847867506,-0.7563253875660374,1.2151894391467613,1
1.0429892883488083,-4.169483308856655,-0.1317022968931482,0.36076950891284154,-0.9286129029484131,1.8394111163646811,-0.8163637576846299,0.8626241245791871,1.1980588331770237,3.5385822711871513,1
3.3511379723296644,-0.4041081672088349,1.320171076307347,-1.1733852748736524,-0.8652253331638003,-1.6003363966157422,-5.6114340854787566,-0.15485504349909074,0.8656339146815353,-4.473922490093525,0
-0.10707395192008318,0.47512843862039,0.9220379014043715,-2.474947317845603,3.9332177420442562,1.5632709935132005,0.6467217526781024,-3.0869979626065938,-0.8065571830922841,1.5511673229946328,0
0.251181815909182,1.3154243642057204,0.005665584415509767,-2.7445674533710065,-0.6961104224880449,-3.8434697511583646,-1.7448262990309593,-1.9257601020049477,-0.22769657636087406,-0.9516575795050374,0
2.25369444850815,-1.6454676951103417,-0.7324100363594926,-0.8993000517723598,-0.424021492138539,2.716320356783174,-5.5646644205028295,3.0424202954292623,-0.754717836942107,-2.6370918086271145,0
-0.9749514256825409,0.40588917579368156,1.0879728674590994,-0.6860148347780425,1.9614620702025007,1.2008021391605062,1.9068439799170198,-2.916433211768295,-2.102285368910717,2.013744555634012,1
2.682960661185116,-1.0171589439029294,0.5345478010892165,0.44040326156520804,-1.3728277819078774,-2.298263479357324,-2.655466179203954,-2.310144897957682,0.23403965853332037,-2.2258598174445092,0
-1.3026723168975927,0.6532267114587769,0.6148468630582221,0.6492696927777608,-3.927968164221395,-0.4566045308243283,-1.3756636562344622,-1.0461724338113592,-0.4745300091719938,-0.6692693652214786,0
-0.463710088497406,-0.36765690444647126,-1.3623340739744445,-2.9939602369598983,-1.6791654415236212,1.235190668412325,-4.379163057743642,1.2480906671579928,-1.3453391173926983,0.001731552569259387,1
3.5730562817170193,-1.0462737843406735,-1.0235708601710196,-1.3660957192813685,-1.1017016468858658,-1.965546081461569,-5.5751479868257245,-2.2813873924412507,1.4598888318782703,-3.4628395903169586,0
-7.022157602880429,4.984845181692163,-0.1319815253157142,-1.5431584553769961,4.768263341918919,0.1274887544573653,10.515578338712153,0.8964563127087262,1.1253266070582773,5.759980291639525,1
-2.5438510256446247,1.900239426722508,-1.6179610580451478,-1.810911391766275,1.5319650254197554,1.069424236691128,1.927102830508252,-2.609627142439477,-0.8329540180904172,2.0320368736278382,1
2.8557267813893374,-3.4292597581481883,-1.3389062817493245,-3.0924231562072264,-1.082455646793132,-0.2600711098521016,-5.9508417905256055,1.3598092089356628,0.9804029948857341,0.3127477141506805,1
1.9046397471307253,-0.17230541998634985,0.10172844454223381,-1.2350204605247512,2.07895144378558,1.3777609595898617,-2.822058684515055,1.5753570943747972,0.4000507572772094,-2.3580654106740435,0
4.890449224911363,-2.812625179182597,-2.1426892826943296,-0.13994663534648644,-1.231243839663246,-2.1392766040795586,-5.174056825439966,-4.673559809399874,1.3571409014981453,-2.505616567608753,0
2.6030726487814353,-2.1259546830660994,0.9375640137582277,-1.8173977827557077,0.721606380351461,-1.4972912921119792,-2.6370915004137863,1.62853634806304,-0.8815099646745195,-0.07585465383912049,1
-2.044934992120501,1.7853752694159748,-0.27866794488257657,-3.548147469144761,-2.074327531229301,2.3655664214357683,-4.712112950281513,-3.193717483570049,-0.22951418709363672,-0.6837404742571436,1
3.296030289506255,-2.0407495741083275,-0.7712397992493996,-1.9859918195778792,1.7225210372746385,0.34515134472378906,-3.9796389344141847,-0.23752251519161316,0.6108812830519882,-1.1376718245332533,0
-3.9723142202865422,2.550297020348035,0.20312632765055458,-0.35769634908024495,2.0768363818756193,0.060597287859996074,6.154534827124893,-2.110474915028745,-1.4630720727731958,3.7540092261406777,1
2.730303146023669,-2.0210504128804656,0.4854751950926902,-4.541211097065392,-1.5608425699218196,-0.22079585166156113,-8.326158086838689,-0.7867700061603702,0.8478219987732908,-1.497512861776559,0
-1.391749732975659,-0.46185170722485913,0.28396359840125734,-1.261719162601112,-1.4472489477714483,1.356885448241425,-1.2403685130240985,1.886000544105301,0.9652640005860594,1.484527304100243,1
3.875117148979977,-1.1912776279135366,-0.6592768441234605,-3.273035644224601,2.1298243225588775,-3.211131383447958,-3.794486526446929,-0.4969897686571405,-1.3122638325531277,-1.7853825698107957,1
-0.6848309855651172,-0.013325805072201158,-1.359879751065819,0.1510377280223365,0.48506654702956653,-0.09713808913982835,1.5812908043653473,1.9755039184839709,-2.093032097606804,1.0631895983119755,1
0.5724852545337757,-0.3010586678726548,0.33961608312996017,-1.125179384758499,-3.2019306218123247,-1.1771032778591448,-3.888274555210769,-3.013008932843812,1.8500446785425875,-1.1053873190196388,0
-1.2514906171096298,-1.41146232617477,-0.0070315931104071696,-1.2618623866257415,-1.4932872974806002,2.8891084029937426,-1.9495558690722843,2.4508430135132397,0.8259171322782809,2.080866757082621,1
-0.8168635833825199,1.9635405984783936,-1.0856070057540064,-2.610796727412935,-1.932491577135378,-2.421390995230298,-2.6244685372431644,-1.360732147698187,-1.1407694656660385,-1.500090539052498,0
2.8281042171097197,-1.346370783401978,0.8394289191976938,-2.3100018544351784,1.4869758826001365,2.371201530896569,-5.7834411540162405,2.959836899330682,-0.11710322685533016,-2.8096304231130174,0
-3.5200851670652344,-0.4206520758067849,-0.7685165669797679,0.5837479335843092,-3.0365925971320094,2.6712430690359046,0.9583392986086948,5.096727102927922,-0.2873076878663312,2.885068754347663,1
2.194990327801444,-1.5737829143148598,-0.7424448597125031,-2.601404876218901,0.48853253709742006,2.1242599081275406,-5.71679489783232,1.8491925014096342,0.07861262596654432,-1.675021443667988,0
-1.8959805165683234,1.731209372530943,-0.2843463574743425,-2.8134647718058767,5.794221164476508,0.9740936236673684,4.313071999566603,-1.0522426319513127,1.527185144183875,3.2959674843318973,1
-2.5035364582688935,1.815998847483359,-0.5120263994141184,-2.11711409993921,1.2820939848387056,1.1198357081357475,1.3208312995653555,-2.030024215384981,-0.42039442455863074,1.8790699315682546,1
2.3220734226969237,-1.0255191323743242,0.1397743812843191,-0.4599667539684662,-2.6807734308021733,-0.11199490291682745,-5.778858772768306,-0.5900123583865817,-1.0298450372451993,-3.3048743149227664,0
-9.215720712566114,6.4479520602079665,-0.3151331697400649,-1.134755934940016,1.8667661289663247,0.4693584883870212,10.06526318398284,2.4029644431271056,-0.28399994328688083,5.092397200377393,1
-0.4715643377562404,-1.063029895849948,-1.053315526083957,-2.11229441682148,-0.98752366200801,1.4585666535681876,-2.650686260602433,2.166700785417574,0.38229044060488176,1.166050268215303,1
-4.366243943542626,1.4187008802202312,-1.5956145290313493,-0.7331865782018031,-3.5142075685830685,2.945582904764746,-0.5458369734060277,1.4519467369754337,0.9390115124426714,1.700620640175253,1
-5.0671166853043035,1.4978371730813782,0.5071648837171499,-0.5213752225717642,-4.347975992907547,2.8768143984714687,-0.15110407699348527,1.7213589916433276,-0.08133557644174656,2.2315400140621406,1
3.2529817228131144,-2.094973634438298,-0.9933545184333761,-1.9957899529727772,1.2431560191873492,1.691515230600288,-5.480995718561275,3.32658026946582,-0.9892623693210745,-2.2837925203822653,0
5.294595773470603,-3.474621925504141,0.03312812167093255,-2.1969862514676888,0.4932342543633723,-1.1300264163278704,-6.504954835642888,-0.22895548966489554,-4.4656038635288775,-2.1785113435973296,0
3.4958174873033334,-0.9848167876754254,-0.926717162470084,-2.0627120522076554,1.744443755489009,0.7158050596478809,-5.3607084583788485,1.8415404902306927,0.16267307156039604,-3.5498020418068585,0
0.958247416581807,1.6342312190679817,-0.70189810539909,-1.5375584800828812,5.399283260921451,-0.31211092277322505,1.7661949344293757,-1.3445150473633962,0.6346302063920273,-0.8718435905744071,0
2.8755731431456595,-0.9014501897497166,1.2759279527788632,-2.1767673596268917,2.010129000976987,1.228612436127823,-4.742250185699214,2.983688013901875,-0.19261441375760072,-2.916564414150303,0
-1.6505562070333275,1.4667161203278112,1.0749619272978252,-1.4966027762677452,-0.1430815734870441,0.0922784873041449,-0.02813257531588309,0.02382089261010978,-0.36030844843204296,0.3283060851297519,1
-2.0720827296576187,-1.595507623451459,1.430619554227438,-1.921687004547349,-3.7567272859693115,3.5895279353308314,-3.8261637089179015,1.1331974598725536,-0.5409090036835561,2.519044730972806,1
0.9184841220486437,-0.1879648861580958,0.41594788987990705,-2.3693247354691995,2.560566648389,1.869842806209157,-2.0148829858139967,-1.7652855077344192,0.9689571163838906,-0.08020737708558534,1
1.79325980257538,-0.719583932610088,-1.071986386385109,-1.6610380640764,2.697828231006554,1.6591069269936012,-2.2629849350867963,1.287335554844997,0.3043625584676616,-1.0380127798832393,0
2.672305381062984,-0.49592143307589187,-0.5805314408463051,-0.19495662147091775,3.4335740831302326,0.3124055428401966,-0.8259342549273481,2.3825498677550105,-1.9882609223095518,-2.200501652363398,0
-1.2058378786705264,-0.5620877599151706,-1.2342655694267455,-4.19924337125751,-3.2525283528676243,-0.11994081283469438,-4.907830400735647,1.0549281521239289,-0.0014040381443431215,1.2671055259293609,0
-0.19990215757688784,-1.1454296063077962,-1.0713047309688788,-2.128863864485709,-1.3521646964328708,1.7914313154893442,-3.3528264343768464,-1.6023823708797478,-1.2130027003755968,1.168210407198316,1
-0.24764282053814965,0.37591163887327506,0.03542734258159989,-0.9125474398580253,0.6243871033964039,-0.2546818575894352,0.04131935648604916,0.6173043468977553,1.1078890615553008,0.17802724120555102,1
3.382247863147776,-3.1353986896584347,0.9235225992019515,-1.0141518004593606,1.2113822801636331,-2.1198376207234677,-1.4341085381971463,-0.023329915623590214,1.4247643919729034,0.9433080848251878,1
0.6369074388420712,-1.921297923712888,-1.6662824421457996,-0.7607567801560652,-0.8072289941107725,0.02131969031175851,-1.3323692795778252,1.0322596037642033,0.6625731412989784,1.4377465729833934,1
-1.62454622485531,1.3548107437541175,-1.5360898326199077,-1.7255871834215117,0.07382227925170115,2.930481118616429,-1.8738964004185534,0.24343271592220006,1.0894327982220253,-0.4548952355531821,1
0.4812397173717371,1.077010238074592,1.1224812759745062,-1.9607954832269407,-0.42033416361667575,-1.778386848211773,-2.4126804059599163,-0.28375949587300386,1.980289033690717,-1.8534202713921908,0
-0.9799365653025097,-0.01433952364427804,0.43982605284876913,-2.909602390238646,-1.9722670622979444,1.1350357421531836,-4.025525962768054,2.0218604943854324,0.8469647581151631,0.027348482291157827,1
1.1313420674814472,-2.08376511983622,0.47385593982679824,-0.8214526826150679,0.05658077583143872,-0.11192063030681343,-0.9194928713793435,-1.496513759994913,-1.64306542691468,1.807405579569767,1
1.604754565868922,-4.163541832916803,-0.7984532046458039,-1.6956112313533585,-2.439069087450955,1.2312379512377938,-4.659911742486625,1.2407679758761005,1.0097438963954772,2.149172240466054,1
-0.5434515077345629,-2.406925714494721,0.41198974057139737,1.6076443867332255,-0.4693276212711317,1.10246799390563,2.438159888273209,2.3613592621539743,-0.2165754271414659,3.492037327735165,1
-0.11814238406955901,-2.2424035911059903,0.4904334172478775,-1.6082880557983295,-2.220031564255982,1.4448143643931421,-3.1075958004592836,0.9073349773357153,0.7741413163443898,1.9837192013981337,1
-0.2365487261250065,-1.8717605621300926,-0.43293047341549123,0.02318704314372666,-0.7687725441055205,1.0511590004393951,-0.010633856205919787,1.4867610994167715,1.254807067744461,2.279741954905569,1
-2.791912990104777,2.002234699362581,-0.2697331837066766,-1.5286556987963495,4.146615396447738,-0.09005542074574957,5.821519960656261,-2.4079195289318465,0.9085239595881444,3.967984442409484,1
0.7460856219114884,-0.6122228083772249,0.47088781575401856,-2.0608939571441764,-0.33771868964095564,4.7276122373778815,-6.374242821223067,4.751479113514678,0.5602642163576891,-2.7186267626343703,0
2.705331481093605,0.1172187459829026,-0.1908916845866682,-0.3086508420764602,-0.9502049880484681,-2.6393805683799947,-3.4884552737915904,-1.5558874652445578,0.33948504712260646,-3.762661601053311,0
4.038693948903842,-3.93149560517941,1.2900958126833837,-3.2124724757190757,-1.6076694912030969,1.5905294936609535,-9.321709981254699,2.50786560219953,1.2993336736577432,-1.889696962246541,0
-5.340460899088486,4.17430519059738,2.614370011300883,-3.1452668388106026,1.0052486327351575,1.5707801662142762,2.4281919370953635,0.16140363162491522,1.1069406333011844,2.1295704371856408,1
0.426901641205347,-2.0980730837750534,0.6752148653262328,-2.4014006342791903,-0.4013753460734948,3.909918375663194,-4.659322888504635,2.3760378898807,-1.8234964332148014,0.7641901396334307,0
5.69353384726272,-4.301137266155865,-1.3374428653284094,-4.481642864074741,-0.397397006023944,-0.4378608265115502,-9.895669209103064,-2.098147417821036,-1.302576313576046,-1.7790046619870226,0
-0.16389815980128122,-2.334548239759314,-1.9383811390819239,-2.7745609791105537,-1.054735724869737,4.4885080716020935,-4.958536836521873,1.7433721246301443,0.07219835734128387,1.657723968338206,0
-2.6519010740436735,-2.2138837875754867,-0.8133202285268744,-0.6755342867866038,-4.427693067759772,4.542221211120603,-2.7301382622457844,1.246926987428197,1.0373168072899788,3.6226033969324245,1
0.5344498478744713,-1.7222064937039392,1.0599104053055772,-1.8528439873348743,-0.5875428695469077,1.2830977230437295,-3.00382602783914,2.3419375020312447,0.3383816987444884,0.8145613007304547,1
-3.382912281662901,1.6472526994660845,-0.10880372814099148,-0.16800245988913587,-2.083366104168494,1.422225563230319,0.8618110080504545,0.18106646118038827,-0.9303388346431071,1.2243721403931824,1
2.263976541756465,-2.079071845514562,0.19016249365718166,0.8823988911112797,-2.5025675109285936,-1.1002444572687193,-2.9369553726066164,-1.2582756328007287,0.6861725982118193,-1.1098927878537814,0
2.718161442498103,-1.0878116195678886,1.0012819300667923,0.8095456844239268,1.6340602322074678,0.20662644339631941,-1.0453106017362463,-1.6947010601389136,-0.297607110281922,-1.642397509176362,0
5.729668460024605,-3.70431746916189,-1.725509601035492,1.0354499766663272,-1.1930597730080117,-3.1061779915124053,-4.162126790585904,-4.00719833485892,-0.3121020917208219,-2.2734132214745446,0
-0.23563917160549366,0.09351914777467529,0.6571339079432308,-1.1763451520015171,1.0985640085224275,0.7108847843056351,0.06371717807925774,-3.593008719674438,-0.7728534246011092,1.1969955886152956,1
3.672068354906593,-2.973485045570074,0.7562008106610872,-1.5491119814197032,2.220279000590182,-1.984816929409083,-1.6849891459119886,2.0366809981945404,2.0193716110532445,0.40107997005132767,1
3.1285862578544514,-2.009882519739472,-0.4516333460620166,-1.9473109084563447,0.7341528544371997,1.8366092345549256,-5.872923530756192,2.8866287142526734,0.0878580116639373,-2.462704671813654,0
5.797185446837683,-4.287663517640828,0.11273975115933205,-2.2444411603765544,0.2201933706950585,-2.48010018162564,-6.001705481823763,-2.8833578497037564,-1.9794595759767684,-0.9412451974237028,0
0.5473415761333048,-1.1657901714442565,-0.5471059287642895,-1.671735720960928,1.4208990846716485,2.9893113600519294,-2.3440331584066407,2.368590293813431,0.9652257088666634,0.3366474770118131,0
2.101157687470954,-0.055657346043721745,0.23850487380859514,-0.6021319153232266,2.229267671173269,1.5324406857582926,-2.604365541336484,2.260786074819845,0.2361348139590144,-2.9814319308670414,0
5.701149331499156,-3.4632075896478245,-0.2908944447234685,-0.9480322636470317,-0.5633594724212775,-2.303686575330867,-5.941679516595501,-4.846655502675197,1.4994726795518816,-2.3014776981053924,0
1.3417672578742827,-1.323067330971988,1.1888233141382298,-3.11648643482699,-3.207447010024029,-0.2867890632373571,-6.882435805071387,-2.0363628606473734,-1.5348681088561222,-1.0863080864040198,0
-1.3862115674113955,-0.2873962361114384,0.1756412695628192,-1.4758291556935725,-1.857310894725987,1.6143398590744331,-2.067294013419898,0.9638097994076749,-0.03620980207558466,1.0657975376123736,1
5.7187962941003665,-2.8858161277694414,1.307287922136821,-3.7856648294930264,0.08044079127733306,-2.1374854495226407,-8.577587232796509,-2.1994100655156883,-1.298715991941237,-3.2022724545404646,0
1.169658456068885,0.15945650184559668,-1.2625977986764545,-3.8607760286975568,-1.0187966265573942,-1.3270285953208443,-5.56401517502849,0.6961037162249784,0.8924309800481935,-2.0229584788485977,0
-3.629525574998787,2.3087200686265024,2.1560852079064574,-1.375145310919029,-1.796191164932194,0.5347807621009767,0.7486332790910714,-2.4495502583645874,0.4567758840702795,1.5523307047918293,1
2.0195436343687874,-1.711924399561335,0.8554277491244064,-3.4020978589922546,-2.631454667175904,-0.529192595862949,-7.117161410037169,-3.0863939952120423,1.2400282618429634,-0.9893503250947531,0
-1.0449699289812315,-2.918159575092672,-2.178584195362189,-1.490197403892885,-3.569482167045446,3.199735688394367,-3.7633527007006227,2.1291163215317592,-0.37052330764288,2.9894932827991436,1
1.986204957463252,-2.4416211462202857,-0.8994129865777329,-3.8128088656872756,0.9612796314608661,1.0533793869996795,-4.643893969971915,-0.6779279577107973,0.1851261569377157,1.1160173923583843,0
1.0093043827496793,0.22387840475445042,0.46426399156397974,1.1302113691025726,-2.650469644127517,-1.7918813847922923,-1.8867774708093037,-2.3937802039994027,0.07240267231624782,-2.3614657754448074,0
1.2278660307797675,-0.7144574751072335,-1.4436936087006345,-1.6944188327429237,2.001636601787203,1.2192725729578473,-1.622713465747921,-2.235130143924934,0.10806923456106025,0.2239047213791847,1
-0.753304164585583,1.1443973445741715,-1.3711334106862298,-2.0764524260623363,-0.9825240748203006,-1.034343740224839,-1.7471196888622191,-0.55664824616357,2.0937908352902785,-0.4960378164019621,1
-4.015429685166646,2.9282171426457904,-0.8964203829466366,-2.063795970937281,-0.11709511352431101,0.6826744535735952,1.7746083783315039,-1.0386724864549044,-2.4574002679538482,1.8261429129074473,1
1.4595662633644793,-0.210175300020903,-0.3852297552574248,1.4554069138657848,-1.8910142765553946,-1.9408906005671462,-1.2510059427621747,-0.7264712505552172,-1.9874353047706477,-2.2504793871278164,0
8.089578523776582,-4.413336570951989,-2.0009438349276003,1.4949093123071457,1.6168425806219946,-3.5157868320294123,-3.6415675846289517,-6.0584052301256035,-0.22367509437798383,-3.0343414247266463,0
1.8134060523488387,-3.266340999854217,0.6615415110081327,-0.7541109517169469,-0.32721469588980256,0.2869934512393506,-1.9779872667887635,1.5314717286464703,-0.2948280829732928,1.7308970565731567,1
-3.7728147204349667,2.4162543551393085,0.21469863117818005,-0.7588658506728522,1.7949017130485854,0.05847559571052141,5.2576238268917015,-1.5297497791726489,-0.7445903849335743,3.4336048894831883,1
4.427663664140462,-1.5304965960169092,1.7518217810242103,-2.651470867262863,1.8666288136212557,-0.22393458971771607,-6.152277332546175,0.9148676521399044,0.2974767352653478,-3.5984669328248033,0
-4.598905249406544,3.7676580534283683,0.7641677978004824,-3.6743172865233142,3.076986056071558,1.3201529702211754,3.36721723527101,-0.8884745142848466,1.6459985580186836,2.937950293867435,1
2.5764377181566367,-1.623190922823423,-0.3692248831854975,-2.849996899790309,1.7277852747053577,0.4629374921256171,-4.05257445888159,0.0800308654544899,0.3497927665296289,-0.6781839200896107,0
-3.117180507184999,-0.2101372747905419,0.47325875712029225,-0.7200704052609366,-3.0973424852975375,2.943684222958547,-1.2190483492474875,5.256738303370947,0.038412762868914714,1.847402521635603,1
2.3530173444429914,-2.3342437680102543,-1.3446021996987705,-2.068852497418719,-0.042443402494220406,2.95734270567627,-6.176075930338183,3.5869427993804357,-0.30086244470927503,-1.6259050895041016,0
2.3730649782964006,-0.07440888418731384,0.14073572642696686,-1.6627523451827897,3.6666214002040074,1.834054293915017,-2.851040219826351,3.7883664346748427,-0.9307936236932695,-2.933574379066964,0
2.599094784176393,-0.23779935651802986,-1.064219700672856,-0.3831342381777467,-1.2914652359825034,-2.1707276596175267,-3.8620153732576115,-0.9558433332220149,-0.36864745830265205,-3.474706831075941,0
-2.472289879448658,-1.4485147842681356,-0.11816086704843243,0.6101666874371543,-2.831586011543406,2.703307010050003,0.487175831435728,1.307451856171443,0.3375063794863457,3.5235873662617556,1
1.7465678353473877,-0.19504372630080402,-1.5903009014295166,0.42536206406687693,1.5276895568511462,2.608793045223501,-2.5180284466867535,3.365035295910809,0.32464790491986023,-3.186875484513995,0
-4.730430837984323,3.3658588742873303,0.19062807612694327,-1.4704502112021478,-1.5172065700295816,2.674408636337482,0.2868510304918715,1.0390510097533316,1.1288724926467466,0.48376814083916675,1
2.4127264451825865,-0.7155501318530764,0.8545555429633496,1.3638960438476264,-0.5441495001332067,-2.9771438900375333,-0.3824687456792747,-1.4784732491994381,1.2876944131841719,-1.7941740003968754,0
0.4737485876174655,-0.022103061606394636,-0.686812733680816,-4.254405742073807,-3.44203763047768,-0.32591728780681994,-7.711713854298803,-1.040311769198703,0.4569204641757125,-1.9247893550104898,0
-0.2618301678180886,1.693593041148938,0.15911196616030546,1.07971079316586,4.724413825063878,1.3847969189617406,4.087520064416874,-0.10151164724477102,-0.7293777392368457,-0.34187284084256,0
3.8038408288116172,-2.9171713401908947,-0.9796085967942189,-0.6870692255371399,-1.0243198656752672,-1.4448409471215071,-4.451788287815414,-1.490165703283087,0.5795255252509753,-1.2353903149987446,0
7.356200257971105,-3.790744134868952,0.45932259905221073,0.47404364213138406,1.1923073074628001,-4.902126458676072,-3.3675856534954636,-6.245042220576521,-0.8577969791329284,-2.4672394930784187,0
6.435582100822068,-1.6831437344424867,-1.8158459788198926,2.446175857892183,0.4009828135926188,-3.0509416201036252,-3.7143939081068273,-2.823730835254476,-0.10052449239517819,-6.0254590458552535,0
1.0183379854973842,-3.048755885294918,-2.052028960616588,-2.005305739318312,-1.1206208933406143,1.9125150350945435,-4.008920496785782,2.769070083178306,0.38852218494913,1.5537285151480698,1
0.615152592084089,-1.3228083788559926,1.412667803259167,-3.659407501981415,0.29061488332257235,3.6361105248952983,-5.701247581914366,2.1935858987279366,-0.2213709098468572,-0.17906116900319224,0
0.15533871119288908,0.7155486242667783,-0.9789090766971428,-3.2887546794858205,3.034954408145717,2.683120581651724,-2.60699807250166,2.194993494140101,-0.4037580554787445,-0.899434495796437,0
-1.1629092666436531,-3.5918843488441925,-0.4097836774922467,-0.6244985866489264,-2.530077712505644,4.935663272671693,-2.503125238194517,2.324028646275057,0.5868750103603017,4.055126978367593,1
-0.5585846684271097,0.19229717394240486,-1.223541566041858,-2.3775964880876224,-0.6145524823056343,0.6332518153743864,-2.544385134788074,0.8017376315386673,0.9352125215054032,0.0728130897868402,1
3.7056223817809846,-2.6264171516229533,0.020560153849150973,-0.7740220165505194,0.8576433601464106,0.9005689503426785,-4.427805887350735,1.2278331929912911,1.1836688741983097,-1.8328297637842363,0
-2.3636649098022384,1.5344728192272217,-0.005416423109655338,-1.231665149212497,-1.0180143867182396,0.7146161979660987,0.09762204775780531,-2.0408411542395193,0.8158477744640603,1.004350141240399,1
-1.4907882370758292,1.0829193853038845,-0.455012464705742,-1.7168392976807367,0.08804703893793064,1.8302614387015188,-0.9887809644727266,-2.3715478977677513,-1.1054025249608839,0.5753337022919633,1
0.930432141151694,-1.3321809057779328,0.6878492438428068,-2.112954826256747,-2.270612377144371,-1.612611793237238,-3.614756060498745,-0.9896058422369952,-0.416372517336249,0.298033662289636,0
0.6792702291593965,-1.346583194637919,1.7689919969733512,-1.2192163848922464,-0.060860227800663136,-0.09606159195838182,-1.2853001513917324,-0.10790686836623964,-0.9668342127320321,1.1142603120789305,1
-2.237258932413141,2.1509969291739703,1.0234263666161731,-3.229068322422045,4.124215449967199,0.7322691652658277,2.714196353222816,-1.4122001247502458,-0.8830872550109937,2.5002181891647997,1
3.536749048180413,-2.497977561918506,0.4460215482320883,-1.3121529036876292,-1.9451996793785544,-1.3259852635111398,-5.8496591334536285,-1.872629199241492,-1.0923967256965348,-1.874983062108127,0
2.2397007772290434,-3.740672891017286,-0.9535790950162043,-5.5306754382258925,-1.5409885545967104,2.9508572113194695,-9.549707557106883,-0.045387687259904164,-0.7082341265480232,0.7874794346942307,0
1.9993001479491912,-1.6757465467353985,-0.8421297220604248,-2.2450552060174855,-0.2406670949581291,-2.481420589033017,-2.587338035276411,-0.28419460978353084,1.0204560734176007,0.3762058481617869,0
1.6144522877851444,-1.4764914165003191,1.8394772071211731,-1.2539001500007996,0.7472467323687635,-1.161432861028164,-1.27117553421095,2.0255614840552085,-0.38091350950617914,0.27876368749517,1
-2.21394650343794,2.047759063573493,-0.4820946778974768,-2.300605091830733,4.513531587709157,2.501585101531326,2.712243006327413,0.19240464816955383,-0.23964662965459338,1.8765812380622398,1
5.425535912521355,-3.6015843068228572,0.5919837486117802,-1.6809404109965385,-0.483828739320469,-1.8881397136274911,-6.469797244975293,-2.4314045249028204,0.15761780712294918,-2.098050174712927,0
0.6482264226803829,-0.8842987711795566,0.25077200972984653,-1.4462837339292802,-3.1088431880466345,-0.82421826199344,-4.130492655548455,-2.1448995903784986,-0.10226079483646565,-0.5154436687785461,0
2.2722024104419183,-1.6770506805647032,2.3470359479462966,-1.2870060374617966,1.3642434958471257,2.3392439916718057,-3.8611567823478357,2.197184676984257,1.6038697254435437,-1.405500928159888,0
-1.792214965816996,-1.2609554242087442,0.46514281729915463,-1.1559515727554275,-2.7208541988036465,2.7313496403337094,-2.2069609080939805,1.8282158054198872,1.6655189720713688,2.226992354943394,1
3.6187062724914956,-2.303287388074685,-0.6459965792539221,-2.4464995283226294,-1.2199788807777403,-1.18650856152173,-6.533401362507023,-1.5140851357998932,2.731659000440644,-1.9708929784681333,0
-3.208094131913739,-0.7401651082541167,-0.4138561868599434,-0.2620732298649373,-3.751567668174169,3.4547996922402215,-1.0647900286922614,1.403081612604902,-0.3493659598831202,2.89393647161116,1
-6.762124729198704,0.8004207650609048,0.25003096551164994,-0.3572863188262341,-5.903297117552883,5.73328382498025,-0.4324707039645243,1.3862208086996952,-0.4023123411840358,4.244986367967363,1
1.275125039684131,-1.9074490733257548,0.5370947919412994,-2.4255172153679867,-0.6753969887922526,0.42016058747543283,-3.9602239486877795,1.1537478461417743,-0.026600977372341333,0.41536805587044445,1
0.5695468036828937,-0.3938355178393176,-1.9198704101423343,-1.1922702600083108,0.7708739915114227,1.9632469750473156,-1.9777983688385437,-3.855830936751554,-2.997073439243503,0.10681631047124251,1
3.192715507538123,-3.2613651733456264,2.6099494209478524,-2.9298545993253957,-1.5703454657370006,2.6870395882358,-8.89735945274775,2.440606943896403,0.7531566108861996,-1.9645236121558622,0
2.869497401080288,-3.0264425328057056,1.040575535318237,-1.2772209585917214,-1.2833671313562007,-1.57502443106246,-3.8069223824488687,0.10069959482751911,0.5073443406413246,0.11408013588464283,0
-4.128578662063908,2.6181348338034183,-1.2348013863667844,-0.7903034046000166,-1.2061221323696332,0.8467131923091868,2.0735989946945845,-0.28984227746553315,0.7068636331492262,1.6690328204620428,1
-1.087162557813651,0.6703655543143874,-0.7215147780859675,-0.3677724407360461,1.542143721711029,1.2375080188275627,1.6245914100419985,-0.772889481931071,-1.1559595864304373,1.1854779675624505,1
4.245086536550487,-1.7473823633160528,-0.6669183301927487,-2.8714737380853244,1.7342136441629339,0.08316457817138634,-6.333230757343465,1.7314847316515247,0.5513691503202077,-3.2654199972336624,0
2.7001110911403083,-0.46858145071525104,-1.4143477401400193,0.3723814011932256,3.936970160215867,-0.3010623630703546,0.6632595475120469,0.4347429784678434,1.171169662628841,-1.5332331167673687,0
4.1037234114655545,-1.9455523300727358,0.878372969688513,-3.9264890851240724,2.040925487952083,-0.18451975170922386,-6.486093601737338,1.6810107612337,-1.5709130539812346,-2.404102963646077,1
2.981066523821156,-1.3367047080866992,-0.8126947248165548,0.23844495557705003,1.5727236518577044,1.246279249281618,-2.8012683068406714,2.1519775752693233,-0.11051417070792717,-2.6585534447025188,0
-4.0910794074203425,2.1384138683553395,-0.1024996876836148,-1.4463690656119141,-2.3101169696362738,2.743618008727787,-0.7741020097872275,2.0294448213513734,1.009788345047935,0.7845826419787006,1
0.9601886780750996,-1.9639176148474804,-0.6735313929333132,-3.4614320260782527,-1.6246513924999737,1.7773982316422074,-6.262444785055487,1.5645205905983715,0.5762413008952402,0.036465024358427245,1
1.4016829968123727,-1.0268843024940877,0.14007845553686568,-1.295259890668743,2.713289634908211,2.5694238209289146,-1.8519344006348484,3.0655431407491083,-0.14053052784437825,-0.5634176585150604,0
-2.5859818316064414,-0.8647887959578557,-1.4034984772231092,-0.6418186882439973,-3.166387002542498,2.9695657193428087,-1.3676063897397006,1.4177310408607748,0.7436571099090505,2.5929126755823804,1
-1.2906258326033782,0.7425747653621805,1.4407298253599683,-1.0061406312120276,2.8751135898794584,-0.16805503905564145,3.7086061156748533,-3.42004816917012,1.2562812358636557,3.047402784360205,1
-0.31839164258433167,-1.4838805458052244,0.18209622233075679,-2.0265336094018744,-1.6195802320821018,1.8891284362032377,-3.351289407805011,0.7170415047527833,0.8488472818375628,1.3297403246540407,1
1.9456540142246777,-1.2073693069787605,-0.6043931462494799,-2.265212687988871,-1.5740546440366598,-1.5942784868411852,-4.668509515814019,-1.0067729297907249,0.3659063396404938,-1.147021733590006,0
-3.140395640457246,2.2501588539651554,-0.7047663632502468,-1.8425581217097289,1.1006429917637355,0.7171598579823465,2.2715512274232403,-1.0083103857861908,-0.4607355169285438,2.0827986981081925,1
-0.37109926788101877,-1.0923187308809763,-1.5633745308995133,-0.2645000135260356,1.9254525775744145,2.693020011974958,1.1169701357187385,0.009157530143028225,0.17137994672354182,2.3369981005353426,0
0.7705810876722049,-2.722458208075129,-0.25028373634563345,1.5424963167959254,0.9267204650376368,-0.034273072188805376,2.8273664835222108,1.0334813513487457,-2.365981147732006,3.23155572264636,1
1.0860394530823532,-0.7174300416797474,0.22686831951132666,-1.435937933578269,2.985754405504861,1.726757996775162,-0.4216535015270558,-3.974709215401338,-0.10039876994784135,1.0431256963478572,1
-2.0135488552221164,-1.738099271918483,-0.19632155243586794,-1.0465004765904733,-3.6052277612220407,3.2952144578935947,-2.830641948074,3.4700206540105722,0.24758097646822325,2.3954844611885795,1
2.10416019626598,-5.096124343747182,-0.7543431907634679,-0.39937910806530197,-0.5287744135029383,1.9436316835218541,-2.398519616949088,4.00117083699685,-1.1914075468771306,3.002707618045168,1
-0.7241979502654486,-2.380901602961284,-0.3254592029026878,-1.7312833321821652,-2.1482232284948344,3.149909125787606,-3.3628532757272263,2.1559002263322955,0.5498478356799932,2.4008557937113593,1
4.584825670160778,-1.7876927054179506,-0.7659160206199607,-3.6571919161228448,2.2592298312209804,-2.973527839853417,-5.159582136160759,4.059201236805721,-0.06222506337308195,-2.715768187525791,1
3.2007128724065708,-0.8104518424557994,2.0540552751177317,-0.9666214699963196,1.1882243345787895,-4.0805647725751655,-1.2635779387194335,-0.537477438712115,1.208320834539794,-1.6221572996760278,0
0.9811932262588612,0.1193056867118516,-0.4537155775039246,-0.008639169921709433,-2.156035425053407,0.08096368148524125,-3.7141802598826863,-0.16114698650240644,2.359452622486324,-2.8524931914016824,0
1.9183300956718465,-1.0330812763449853,-1.436211925529107,0.0283703452714803,1.8285210212107645,0.8819724368841513,-0.9041628481972461,-0.9644416530896307,2.1868009974432265,-0.6636363006285605,0
1.5972030790200427,-3.723440602477042,1.2578784603459052,-1.771591161694826,-1.8894775404069368,1.0099525208703115,-4.097061909134811,-1.9359919233196123,-0.7685982841060229,2.355259909040934,1
-1.462227785653213,1.2407090292499112,1.6287302412863396,-2.0083350655745367,2.508019764909405,1.2781973951886882,1.3152372565593902,-1.7789825444160672,-1.0379183029542265,1.6433152280667744,1
-0.9648127849889762,-1.4144726473877862,0.9911531319470703,0.444231944395326,-0.7982765053177463,1.3168126951977823,0.9542230645994807,1.7819757954399613,-0.4369213240594682,2.541761876567425,1
2.1195130133422495,-1.1747793995813578,-0.2865585566960738,-1.2608898706575546,1.29590994434676,2.001396741722084,-3.6922473030699625,1.0524947716123074,2.108590383357175,-1.6760359438622672,0
-2.649438084253038,1.1781114002423534,0.08191091339751748,-0.5618245331967604,-3.8563494845146513,0.2004661668390597,-1.2364625523019253,0.010736503797987407,0.8746341114616556,0.36581475357816395,0
1.2908826335144017,-1.5516003784020402,-0.36470658502211445,1.1141154772667514,-2.5161153865919674,-1.843031929615638,-1.156731780351369,-0.7962655752901837,-0.3728966394065869,-0.21689535156437323,0
3.024456376704126,-1.574955730638177,0.7111822682595856,0.3585985809251029,-1.1583919714628697,-1.8641933378539572,-2.997500822322019,-1.841081707411442,-1.248668532332627,-2.01545019840338,0
4.598998384069177,-5.590706068360899,1.1206063120451495,-2.0606087342701698,0.5658946912612173,-0.3560743735774383,-4.519099285219905,0.5760764399709178,-0.029205772424347815,1.8436427422866308,1
4.912050959665311,-3.4692991434421323,0.1281950817761247,-2.552592102127935,0.55495955035133,-1.4669775502662483,-5.903997494554501,-1.4301899781177874,0.016414517053281587,-1.2103310464523758,0
-6.004837247561886,4.457313035154554,-1.892125292822918,-2.1904734137539674,1.534779971477142,0.7703166737031677,5.105173994569281,1.1222045772879805,0.43860874433613145,3.083671906244758,1
3.611984766183182,-3.2612862308298403,-0.45332691257083835,-2.113677096690118,1.5385948819199289,-0.8144214796071534,-3.389670013994268,2.2295905220311645,-0.5347907538310596,0.18522229936937862,1
-4.652493257190481,3.2788930047280838,0.1951953141107542,-1.0341389286941118,3.10583975075495,1.1592575999395929,6.201278194501015,0.7552282700601411,0.28218791050091085,3.419489681854343,1
-5.580128959633452,4.258675403134447,0.20706572414105803,-2.664353262582698,2.499105481489564,1.6869927527491435,4.494678951773896,1.348487637657505,2.0864397820278957,2.880682662659604,1
1.4626783223350668,-2.071167138160807,-1.0066300727987934,0.13922552611778016,1.0430975267108993,1.1526121958746887,-0.3772227253921506,-1.8036501707305144,1.858409405659278,1.3060554537701856,0
3.3031086380448245,-1.5128042292393509,-0.06869456968669671,0.37911831661501183,-1.4625510910528203,-1.9752687624844707,-3.5424464635723676,-3.6401653388666353,0.8459896873570448,-2.381948125833925,0
-0.44755346000884966,0.19698503725110195,-0.42571774055516237,-0.42705454164161294,1.9658905124628552,3.734288303761573,-0.5244944986642391,2.4836096958258445,0.08556974075621303,-0.2858212579522379,0
0.8116173401746108,-1.1929749386940809,0.08602663459895767,-0.4696481108721773,0.772318935564869,-0.1926053325361503,-0.1282004395710753,1.795844012522474,1.33012776730114,0.7698563441331436,1
7.084512410497618,-4.877924950864596,1.4544526717955992,0.8706809344761495,-0.09639576066697253,-2.043887687358156,-5.230395995862138,-3.848973164525762,-0.5813073883399602,-2.4307648581728114,0
-0.9741266804666646,0.5950358598384308,1.1907947082587425,-0.6133604127058704,0.9652851326750248,2.1382564107352247,0.2103083134597584,-2.220004700857806,0.27855578036649353,0.757867029797779,1
1.7556435932272598,-1.0819609947385833,-0.6127020104946451,-2.7699342385148604,1.8777661083480357,2.8711834592367547,-4.807846770276591,4.38959178576687,-1.009296793005887,-1.6947622249547971,0
2.438825432317777,-0.4192454057732571,-0.6807631806102802,-2.2271598480831716,-0.9900644872395208,-1.9439662771684536,-5.031038867026966,-1.3232462185412035,2.620345599983932,-2.685295472813434,0
0.8248448594324217,-0.7434318492023694,1.0657511289970436,-2.165511342909076,1.7740068595475145,2.5206086314436607,-2.7406511999957326,1.2040411793144856,0.6082809589270963,-0.19433867941793892,0
1.8870663987376257,-0.6027261182507585,0.7110265465820134,-4.760861573511264,-0.9743994276821328,-2.3286415810393857,-6.184026931792568,-0.8366593891113512,0.9133920236370419,-1.2936882549581155,0
3.279549848208665,-0.7094485262804279,-1.2112181983000634,-1.012981691902051,2.2750611909254888,1.3169570472606988,-4.253937788550487,3.9377515031651167,-0.8143183987396746,-3.982378350386673,0
-1.0549027496857843,-0.3698304834201964,1.1354848448198194,-1.3916006012570945,0.8367658059258785,4.049342190162778,-1.2557926603253624,-0.8710255977710859,0.39752283189367665,1.4760217895584073,0
2.358172517578528,-1.0903462094709322,0.5354259563028727,-1.8895880040543072,-0.30525668382135684,-2.2331295054229154,-3.367045656777921,-0.5785203525035637,-0.6009576288967384,-1.2015967597348391,0
4.48866306033508,-2.3231496068976707,0.869028276586426,-0.5439428523043067,-0.6431182581151764,-2.177781586068151,-4.833229155626424,-1.7735020873731957,-0.2322488655976625,-2.756484817477599,0
-2.5809752576345035,0.8919856349736186,-1.185885573793517,-4.126845964045105,-4.416160457435492,2.4576374103341245,-6.497580309083266,0.43921686398305626,-1.9711530191736493,-0.22466491655541954,1
0.7394617737628059,-0.3669748128497896,-0.01653358959765406,-2.3556198914434034,3.1120678235517216,1.5316119641861436,-0.9070101847887903,-1.010513672066066,-1.2759665695146472,0.7625213220200031,0
0.7532509337931017,-1.1423307376992016,-0.2555653103707719,-0.22856109989332252,1.1904573669063532,2.0874709130897964,-0.7627862300818284,-0.8933205024705773,-1.193627213107529,0.6091079361560645,0
-0.19551513176009594,-1.387578455361942,-0.198186847302318,-1.960226574188914,-1.8300960108099409,1.2611517860927193,-3.272882036969178,-0.132043135892973,0.0905692647176395,1.2324059999392785,1
2.620192739142324,-2.445444486569812,-1.5567608661172252,-2.726498340168219,0.49990205799420906,2.4798793227859073,-6.287955334183323,4.0190215926156965,1.1009609483626293,-1.4578848716232322,0
5.438681139259851,-4.258917795303496,0.02628084258740832,-1.107008269770588,-1.0028925358676326,1.8341152100067102,-9.018197247054276,5.316019954456515,0.44460194136440706,-3.972142038357752,0
5.334178705673572,-3.332608848574364,1.7524287883872727,-2.6255430616986084,1.1823728998610483,0.5130279419390872,-7.772772577438493,4.794122093261331,-0.2915200537064307,-3.476690177445063,0
-3.674246176283308,2.824677667300281,0.011581115378658139,-1.4353114625628658,-1.6610685231404911,2.792483462734016,-1.1817414400664428,1.7049967645902444,-0.8259763641081578,-0.5787919251656404,1
2.5398340046731294,-0.22437851670914832,1.0230098842164372,0.3450190390015755,2.2937093109519804,0.8176508576380894,-1.7266831196702457,1.8969990974412645,0.2572858880741008,-3.1319926475762854,0
-1.9482052438418453,1.2211630594166198,-0.22845734308866938,-0.44680230839715285,1.6308587776837782,2.4053445990478632,1.8762322602939654,-1.7452262293701937,-0.15925230681381658,1.4910220364528992,1
0.9144035284745324,-0.9583025027368531,0.03883962864776756,-2.3634682205207422,0.14778886313803996,-0.0693763838356678,-2.6580580717645916,-1.3476741361601121,-0.18789292388725287,0.5080453364787538,1
-4.473065234598061,0.857855865333391,-0.1658028268639179,-0.49034667524613607,-4.425564905483849,3.1064303200913477,-0.7134665955215485,-0.19272147175509136,0.4946727655664661,2.469371561538263,1
1.330864685442525,-1.6024754199757714,0.27859233483701573,-2.382960478415598,-0.00618890218666901,-0.17130447540087235,-3.12011483963334,0.7807817272397681,-0.6859529254992673,0.4625006625192758,1
3.35729601672338,-1.8871703324246396,-0.5725605925532729,-2.6853434800630573,0.27208604762809463,1.4308251777240544,-7.147885939938163,2.7540930497239353,-0.03237278638454491,-3.041155469097845,0
5.501422825732455,-2.7643405983203393,-1.6824688961006844,-1.1457094871868425,-0.29705140207834724,-2.2059712916411107,-6.165050739195414,-3.246053244551134,1.8478250031315486,-3.2157045022098245,0
3.8006145562021474,-2.2234735014146594,0.40686392721469383,-2.6174203714216757,1.5599529761602806,-2.728493536522966,-3.3489102025266964,-0.05981511458121469,-1.1794532077383435,-0.6370343899406619,1
4.091191138524908,-3.5746923165453635,-1.0405656649726316,-2.77863762992995,-0.6679587304188201,-2.3246853775065595,-5.357421009271293,-3.091445030482512,-1.008334009634352,0.2192588758955354,0
-0.4096585136302967,0.17848776505007713,0.49117305788254606,-1.2721865420881184,1.4520444004138806,1.158210220899897,0.20769026684335154,-3.143058340916232,-0.7804944218705347,1.2973694386985763,1
3.6267695679197813,-1.0553570498245566,1.0959743249401694,-3.9827812807158183,-0.6230927097883546,-2.126356846487556,-7.45352595831128,-2.5891269879137755,0.6284261842726677,-3.01341323420769,0
3.316927025273952,-3.2990280921075836,-1.7085465666329984,-2.237845583624873,-0.4637036726053845,1.5733894382685727,-6.414116472978007,-0.41133882380180986,1.2912897189283241,-0.7246477691883213,0
3.55902274877576,-3.3413829611639887,-2.0604938200711684,-3.821720163429884,0.5860356178922342,1.444117861742981,-7.2089160360193505,1.5421174151874737,1.167030175472735,-0.6737090698965787,0
0.9056832219738505,-0.67640437706498,-0.01573838216868779,-0.5498697315344606,2.3279183578650584,1.9405008625954605,-0.394444600631099,-0.2904012846666528,0.7882799691310772,0.20005263868190903,0
4.1997971811550325,-3.7839020200907454,-1.0462571993245264,-3.0686413945092617,-0.799230285226141,1.2972576039922556,-8.445672001029786,1.1987032837596714,0.9701670531946444,-1.6546597731343338,0
7.194941799683208,-4.135318760147751,-0.41400809511926007,1.0951687244377215,0.38497002360607313,-2.7611973156752727,-4.583755376466078,-5.686035246091899,1.2426888722708918,-2.9780615631398977,0
1.1885282945184625,-0.9940195018688414,-0.13272375947454765,-0.2904759646391226,3.742541141211166,1.700066644043335,1.3677748175360427,-3.2792564281067422,1.1068406100255201,1.5215731517042652,1
1.2266216396141822,-3.56740501187267,0.9399195274635567,-2.1091380113847293,-1.9816676055096976,1.7551380588357122,-4.629876304408259,-0.43925936849852043,2.3319836960691767,2.169774956800783,1
1.4544452111191206,-1.1035240200573555,0.11308076307285721,-4.032441057972857,-1.362455341249928,-2.3652180609823885,-4.991600261485415,0.28404419559863414,0.3672865992613769,-0.24083548578274216,0
-3.5811343739235473,0.08101165354185103,-0.05281424781697,-2.349882629864674,-4.720531227099199,3.546747843221603,-3.8975295401964956,0.5712513209789062,-0.6069179674999988,1.9491358614901815,1
-0.9815261893082604,0.43282811626876105,0.9884623473533571,-0.7818182547911918,1.5394035544595415,0.80715232808727,1.7345839418212818,-4.148937953505923,0.6075775028411032,2.111090587797531,1
2.9002468565092254,-2.1008453049458136,1.317089404222051,-0.4715292399083475,3.8251372990524137,1.008432735443829,-0.03905904091649753,-4.612107228777731,-3.4360623896680225,1.0374157153056827,1
-0.28540930345433,0.23729664266850037,-0.5585297227011347,-2.3157542656819627,1.515039066180174,0.9927336752760849,-0.6637308136317494,-5.251005644378557,-0.6951599887201965,1.5075046812044441,1
3.6886288556853364,-2.5375864385823315,-1.7376200172511338,-2.720475978191474,-0.5136166063797238,-2.5459395667040106,-5.104513775905461,-2.2576630910277853,0.32344682997512875,-0.735533934277927,0
-1.7724054440068624,0.2883534456163035,0.6168729245846997,-1.4170653043988821,-1.088034266163569,1.5348064957638368,-0.9967871144514425,1.160681062414766,0.32095507744910967,1.1707135795637047,1
1.5536097609542563,-1.4594507752319432,0.34702407727468143,-3.374824672910714,-0.623156736708989,0.3505007653241199,-5.262398232354502,-1.3808383585297634,-1.6319785685202233,-0.20180127528955438,1
7.086260245756906,-3.2859187640010665,-0.6153627187660998,-2.601596382308117,2.894695878253848,-4.576791330139864,-4.824678569198271,-3.3494392669346116,-0.1806103390342934,-2.3366860303384804,0
-0.9738737630534674,-1.8762876762428438,-1.9431551957661923,-0.8429135231308479,-1.7428278499276206,1.9679805628914393,-1.2483636444745634,1.1856337624353874,0.33394597322591446,2.739160957531196,1
3.004130974396504,-3.298486350772327,0.2786188618619005,-0.4786313178835073,2.1773766428100414,-1.0521212924700043,-0.18901561612229398,2.4702499688505406,-1.0517675475124797,1.4767969157205831,1
2.1508880103190107,-1.8796156950111447,1.5682317327373134,-1.3403050911324466,1.2441779289442483,-1.2543577516862254,-1.20481709302074,-0.17701809381496836,-0.8307251427251032,0.7026825719608346,1
0.89995746619684,-2.105933081640572,0.22307427323713172,-1.9707912955189486,1.3920855276605524,2.8011448163518153,-2.3731560861138274,0.9565376128235168,-0.7266577972596497,1.538532177003527,0
-1.6973657859934421,1.01166177225,-1.6505750599666542,-0.3660491543305986,1.3132593035701217,0.5386655593643882,2.605866927751626,-1.520117041976458,-0.5316255881772537,1.8757353030182748,1
2.7768915363011204,-1.1623307333514088,0.14490593433976803,-1.6063175311211944,-0.18305936451927018,2.201023261623876,-6.65200930307756,2.0485362287480875,-0.8122128357486891,-3.70804921106696,0
0.23483104349607684,-3.0523193817427554,0.6663769995473305,-0.7168377054344838,-1.5726738593209744,1.7777907778389672,-1.8444691917917808,0.1668775694391642,0.18371664269576576,2.9588136367611826,1
2.455986973795087,-2.492659248783623,-2.209079052487446,-1.8558068472328708,0.2401380909527422,2.8269276524321194,-5.618153365524069,2.7743766370991088,0.2587381947209566,-1.2343416707467232,0
4.036377593082413,-5.158887130281462,1.3980212913726942,-1.4214901459050107,0.4633317912014874,-0.1817325298634005,-3.7303471645118758,2.917525668994239,-0.24216536455536442,1.5318690680543325,1
2.316142230851667,-1.5061539666429873,-1.0885333528170908,-3.604856906382261,-0.5134160193960722,-1.1665487478374816,-5.5371737496698294,-0.4286105226263406,0.13850384443209868,-0.886394391606335,0
1.1062385579904999,-3.0156778582355237,-0.5670333405086315,-2.3248826964225007,0.22955218655726561,2.709002467222485,-3.5785090226257483,1.7435479531618745,-0.28141307792445,1.958527445052861,0
2.5205232046904866,-1.2150772170498607,0.5314059749810482,-2.8343746370097347,-0.8692225833368468,-0.9911934260751969,-5.8839138152346635,1.1441014623315247,-1.1440952328397398,-2.2127633469094103,0
8.570249891882607,-4.596723024506,0.7013052862067984,0.6035154149842099,2.0851034074164803,-4.445001549911799,-4.1391412556189655,-3.756771017385052,0.0180084233707566,-3.2585290322980898,0
2.8311954318370898,-2.7820064307552688,0.06767148955845191,-3.977406529531968,0.683835893010758,2.144123523130905,-7.115404904508024,3.6492166880047545,-0.7973448497355118,-0.9159111313276118,0
0.5048498370878065,-2.991766446932983,0.768780225788399,0.6112206699692693,-0.4651545889249482,1.043062982831907,0.378826461058621,2.18897130529786,-0.00024917541817413185,2.8508072925385255,1
2.4272511224762083,-2.4520316964976816,-0.9968198882565596,-1.5737733730565084,-1.6684949289274331,-1.680189013763981,-3.9421400367716037,-2.1333073551964437,1.04981119137842,0.14374357099773727,0
3.544770812414034,-1.5070365230435854,-1.8090310326826808,-0.197814263267015,2.0304179341873234,0.5175391714934453,-3.0254088265281562,2.4610758867142373,0.7314830211985989,-2.818584269565836,0
4.354446668889566,-3.7820819878689917,-0.13604263037147946,-2.837575891695674,-0.7038638221693008,1.3701493159482534,-8.550135197400863,3.213444757223482,1.177718035390598,-2.2210865384523144,0
-1.3153894580640646,1.3503211374276964,-0.9514898065921323,-1.606428801134114,-3.6622248399350448,0.21921642487353066,-4.111496145834716,0.018396771093251996,-0.4076766133753464,-1.8639949608308817,0
2.779079705465094,-2.625814234330289,-0.6195964567382412,-2.2510440994052217,0.5674674282235594,-0.9248928759935482,-3.505391352671608,1.4727639318421915,1.1959050092045331,0.19328632194742945,1
2.81602769443311,-2.873097937530792,-0.5452445693019066,-2.775852952461709,0.7957764908351393,1.5875643700958075,-5.270380148295641,0.7835448088329076,0.427851671102578,-0.10924802133802047,0
0.5977673130462169,0.2818780579277942,0.8289866125010245,-0.8480722876871085,-3.117955535474703,-1.5202294949505541,-3.787318126113283,-2.056064609078023,-1.0600331945736106,-2.0605435145826707,0
2.242405956543016,-3.713140920081529,-0.7767013260997346,-1.4800921408586207,0.15617321590986566,1.6997416054427217,-3.287099653304359,-1.0964875824060099,1.243403439843132,1.962761726412643,0
1.681903120584552,-1.006157520261645,0.49461410193582,-3.578299470336942,1.6537195540061638,2.1331022017112655,-5.103853161604121,2.5615467358533888,1.4551429352934444,-1.2008233351052962,0
4.248816373713659,-2.912686298528885,0.09075304716246792,-1.6120748345860512,0.32963652319660497,0.9360099933171228,-6.434578958230321,2.1723229711647125,-0.12919830979034094,-2.6328724566370774,0
3.2951936748296453,-2.0799877554205985,0.5027148723024969,0.5894926028067324,-2.2409864878727084,-1.3765426354204695,-4.214753674960846,-2.6014062442640355,0.9441312557802342,-2.279663290162601,0
-2.435468125408005,1.1514584100402412,1.3584476109827712,-3.120747963263103,-2.6710678185579972,1.4924921000249078,-3.652327533958923,1.3110962955732,0.5303361189805131,0.17100122370691828,1
-2.2572523647306344,-1.8949838085601447,-0.23231252196182997,0.6947125779888941,-2.2117237003582746,3.5072983067740786,0.4566323097321344,3.5792573660302045,-0.5651504523212486,3.536107182651311,1
5.0388536272955005,-2.617568649812651,-1.8321711008589743,1.869108676208855,-0.7256985384693567,-2.510859643389641,-3.1066940058099433,-1.943792496421607,1.7587545394107384,-3.2251871594716546,0
1.7737629770684316,-2.747086192874045,-0.32360102739263297,-0.523828390955503,-1.6748400378248889,-1.0953628479188344,-2.1857119212676075,-2.539203171371602,-0.8692228139146668,1.4290836731950622,0
-5.84314594586232,4.4667474864301155,-0.20091866957092785,-1.8305286921034072,0.8859057330106378,2.5189731280843555,3.2254055506476513,3.787032769715248,-1.2419118269181406,1.40513981750649,1
4.925363055790627,-3.4371572709699016,-0.4287240810805829,-0.7405501236921312,-0.8308501989930522,-1.371426586712877,-5.6127662279870005,-2.933083621461699,-2.379778221675134,-1.8992629210397673,0
1.8880661197081856,-2.540662705851366,-0.7968951440214327,-2.794193554968785,-0.416070800915215,0.2960994518610107,-4.3495572872411765,-0.8729574563695119,-0.7987848556863677,0.9546839773785877,1
0.2431479677974189,-1.7495124971490843,-0.06490908320371262,-1.872042395939334,-0.901274905246881,1.5694574253662268,-3.0932279318225873,2.7259203243633015,-0.38088103926642736,0.9969428816464284,1
4.385192234528771,-3.5916341927523394,0.2548178757244813,-1.7777960720909594,-0.11121101485934748,-0.9768259359443751,-5.3032149012581975,-1.5540149634273603,0.9569017644237401,-0.7275220309673668,0
2.0732643263868757,-1.8856224550319811,0.238586760388034,-2.465836765827645,0.8527105366763248,-0.3728595865355555,-3.18794005715856,1.4136619262684562,0.997779762009926,0.1374736595964401,1
1.1291259506998332,-0.52290470869112,-2.3569366958964735,-2.385014838269865,1.853049526552406,2.342875399195822,-3.056655399064726,-3.1121276986015136,0.47771598010434885,-0.20537687003662053,1
3.5588985650372753,-2.370895862770079,-1.9747935819216604,-1.63704004643786,-2.3671338741098826,-0.9334045015230927,-6.9390057224033725,-1.7988559819170895,-0.8220217041455778,-2.4543658983302583,0
-1.7339178669594113,1.9089608278009051,-0.465384548933506,0.8755925944465877,-5.076618135018925,0.07748409485729568,-2.8843146672423545,0.4128476375326704,-0.38525601051275515,-2.9662081970772256,0
-2.2223956081609315,1.8700543814379753,-0.13013307172873764,-1.932433966316289,1.8523562092588493,2.201891263130745,0.7852381896628862,-0.43440911459360976,0.1275436494695905,0.9866154252091639,1
-1.5953671199752522,1.3342555141702885,0.5645551388044217,-2.5293481582162127,-0.4202101548156618,0.9608318346852254,-1.6948915376646205,-1.9074506117917691,0.7778371640058556,0.3756052756839314,1
2.586763488169177,-4.000130106972865,0.9944720132749436,-1.7160919394488179,0.08563906312986158,0.9650731255966956,-3.715159339585852,3.356105188054676,0.157451526837732,1.3812190872088879,1
-1.1437540866634055,1.013272981203549,-0.18113208997942534,-2.4688965761481345,0.5179827728865865,1.5327274298240285,-1.483321991643713,-3.1378000470258147,0.07683277500661805,0.630249793784803,1
0.332429673817206,-2.237016942283759,-2.2092196192035805,-1.1212245952582576,-1.39854800542461,0.9944667986364999,-1.9989021260341124,-2.621837685350675,0.18827712794571447,2.3792025597229896,1
-2.0431010823449007,1.5647195746282199,-0.30795706813983525,-1.9854195917113544,0.6012157033529499,1.704290379098685,-0.16669245752478473,-1.6886588721304556,-0.0647733320610725,0.918205246045176,1
1.715307597977367,-4.382722702470174,-0.018994515252840388,-0.9609449155656167,-1.045066920675513,1.917997376175633,-2.973222521683253,-0.557568372989429,1.4145693720798038,3.0289080270404813,1
0.010035141919594334,-3.262178177644679,-0.7194369478945526,-2.056200688957199,-3.369161683706997,2.642694802402505,-5.107851332936937,2.593945269287464,0.1371457523534116,2.109068164001756,1
4.854573333201929,-2.6262116656740084,0.2866572685671504,0.4746184118053707,0.7702756090123039,0.16313651668038465,-4.6647570586380125,2.2955300550445514,-0.9565790247845786,-3.696113850421427,0
-4.403977803591131,3.0316002061354697,-1.059827690063636,-1.560485848336499,-1.124003939259012,0.7079233792398426,1.7250201999476862,-0.7878916175876037,0.679011930786833,1.684987998713064,1
0.5652092526981858,-0.7754824582933604,0.6358130304064926,-2.7171240388075972,-0.7263038020335861,0.047940376593083034,-3.672126430846532,1.0597016992823476,-0.5821129944813005,-0.07746301990342097,1
3.8985269308589166,-2.443261578941376,0.9240945305360726,-1.6228787046700692,3.9204088477207675,2.7151327634870297,-3.4328294780869024,-4.093065738877876,0.9710763032750698,-0.5828893721746509,1
1.414612894740597,-1.182704934685481,-0.08633643459975261,-2.740277618541822,0.936618610273712,2.985531473469244,-5.1135224024654455,2.851109931143192,0.13338350848658456,-1.271800671330161,0
-1.214357955422363,1.071804597734763,-0.7600879277439868,-1.7896971516512028,5.695085556732118,1.0647320927270814,4.602472963592029,-2.7944475790886827,0.7339409444518094,3.371276706093938,1
-3.021424858375572,2.1545282578562186,0.8251163597626673,-1.2508584176816877,0.4070596031222995,1.4914152883155851,1.4789456850986353,-0.6327009582190611,0.6735441623088173,1.3135954434349797,1
-1.9617656929934602,1.7715068921370143,1.3016471347954262,-2.6492916990967537,1.9123707777060481,2.2098026739454126,-0.12438718448472987,-0.7661800002987887,-2.7472321421142714,0.8534277667227907,1
-3.8503298917747393,2.6641588384021047,-1.175019136928643,-1.5541425088219505,2.242938824310353,0.24858410445717638,4.848936682491108,-2.1847784728549136,-1.7841947720306777,3.490503743211237,1
2.570975878295388,-2.366482099313653,-0.3528534714028189,-3.686789758054451,-2.6928988082507814,-0.48644731997677226,-7.854856076682995,-3.5124817750900355,-1.6405108628706548,-0.8068920510749168,0
-0.764978325916733,0.695847908909637,0.5562708586338915,-1.3008808175982236,1.5779883053285921,2.4368877881219664,-0.45140949603074715,-1.2281990534041902,0.890470089234937,0.36051094919197113,1
-4.333919124835912,2.871222978063276,0.48185173804508113,-0.8376894259685804,1.7934032799290853,1.5662950885155307,4.686458578760435,-0.6127581256040374,0.21360270485696395,2.9390389309129348,1
0.031911787103037555,0.07994054929090466,0.017757957491121273,-2.3488301690418196,-2.9137979035029176,-0.3273032598247183,-4.916732577592324,0.056476516508663366,0.24520340004469413,-1.410147089882138,0
-3.413665152290823,2.427388427166233,-1.2676767769256603,-1.4548245847876062,2.895444596876527,1.6644511426912296,4.041993884031724,-0.5359790095855734,-1.1949698952605172,2.7240068526484595,1
-2.682724525614343,-0.6094312233899357,-0.4718575483014012,-2.1074499844941275,-3.905559083140543,3.6963951481331616,-3.764992892187142,-1.1863847004468653,1.0127024710156,2.228496612966514,1
-1.3564094822565282,1.2813632577240783,-0.18236180215957754,-2.8568364402316453,1.2368839373761362,1.3744307206633959,-0.8905075097311166,-2.90838611687324,-0.6190285007308054,0.9636229331952282,1
4.5715034028642245,-3.8198753844455506,-1.12314789013217,-3.36244249426977,0.38708049024619595,1.3771854137142876,-8.283889935496578,3.5782951886292342,-1.2063007031518125,-1.9759327352011669,0
0.6349537492081654,-2.1801866182873764,-1.3412036929023254,-1.8809504876579244,-1.3823956340144565,0.659607945524434,-3.2408675566189795,1.9033138545888142,-0.08073532104187643,1.2538659022581475,1
-4.088981713035671,2.95622669274228,0.580302229854977,-1.9746682429896065,1.355622643231935,1.8252289870503127,2.6157312847333274,-0.5037937317088707,0.630363909526798,2.156857929811375,1
-4.132421018404754,0.06182656768663075,-1.005607935594877,0.15265037350514388,-2.750717162925955,3.7122298262798443,0.838818760108716,4.089272310770116,-0.45499400674492196,3.0759260261365493,1
3.262629085912381,-0.803312353263496,0.7807560023881039,-2.022800937186017,2.2054113035753433,1.8603841311907998,-5.548291678029983,4.319959627777795,-1.4284811266467767,-4.0345695128911565,0
3.5711044663345484,-2.7480653219045017,0.029281639856705483,-2.1962593266832253,1.0080439635348393,-1.5828645755796682,-3.645354537553303,0.7537729452492667,0.21729050972467556,-0.3037334698647074,1
2.5198970942877637,-2.872909557739259,-0.03050666624065749,-3.376318695849375,-1.0106829657630902,-0.7750985967075703,-5.4676289825891855,-1.3949166524398993,-1.3280285570314605,0.6642370548306837,1
3.8399259594541912,-3.8927260688762817,-0.6111050820544977,-3.6690945647294324,-2.4530529212906065,2.4314417666158654,-10.802782297301015,1.6947176350724762,-1.3016907276335221,-2.2045070363090185,0
-2.459370636968575,1.558102420312336,0.5649704690037578,-2.2342276697062697,-3.081409194694672,-2.8592369811510663,-0.39143996283669985,-1.8799726329491355,0.15190965497900213,1.3680477320189914,0
-1.884166173100425,0.47726705078586074,1.3239118518134927,0.881314138155993,-0.4062109260859492,0.03800117694796468,2.6426897495999118,3.8702686639700548,-0.8218116480737336,1.3482338120036632,1
0.2300987303342149,-2.1957837206111073,-0.5734215137672173,-2.0934398240793546,-0.019280619337624483,4.613871108643018,-4.214450475664867,4.003245730651292,0.3611821670416381,0.8922544116844522,0
-2.1467206126910092,-0.06879606800221705,0.792547854016627,-0.7690446779973126,-1.4751139643969096,2.123876978816961,-0.5279857975871383,3.255083884180327,-0.09132890269891217,1.5337084648888664,1
5.121499492795769,-3.9834600570846064,-0.4404834825608441,-3.454458949761538,0.18768870414463468,0.6033508055459729,-8.644760010809371,1.5875208614538472,0.1866997243466913,-2.095605968603293,0
1.0578554927206967,-0.1277103534093309,1.4343532250718174,-2.3084026978331686,2.2976351728805158,4.614052819990413,-4.380930813967349,-0.025654824355749728,1.3365480442142337,-1.7886224546513638,1
6.192657181094277,-3.1373968445359792,1.0599582646743342,-2.861396203531912,2.184569325333168,-3.2965916583883783,-5.368808272289488,-3.307675427864897,-0.5275664048972599,-1.955080354251245,0
1.5355752569981231,-0.426122555080763,-1.9983157464875707,-2.282601059236297,1.067749722946298,2.076804411204236,-4.603504551732258,2.6513291531083816,0.8297738511443541,-2.249064126416436,0
1.7200442147258674,-0.06827161195908138,0.569745102057063,1.1868322514747098,-2.7884536696131708,-2.455735594808903,-2.393471857044955,-2.6821300630617895,1.450766640023374,-2.829105541619713,0
4.186546791929859,-2.8309294367684705,-0.12233105223870894,-1.9217224180515362,0.7020601496950578,0.4302887044312591,-5.9209264193486035,1.3135901810021946,0.2632912480718034,-2.1320575106579636,0
0.016580794185963896,-0.9203695524341183,0.8799524810632625,-4.6719053147132446,-2.2821916151615906,0.173011930487863,-6.205439281123585,1.5058430507509035,0.9255233109024362,0.23220545432466166,0
-4.331721573121915,3.0086631472515535,-0.9200556337419713,-0.24407178116900563,2.7559794174727363,2.742987786083752,5.099501031555728,2.7573508150711596,1.5658745475923639,2.214410007271942,1
-5.147344873193764,3.3265433125261463,-0.2152995854486113,-0.7717034426844611,-3.2564930618276087,1.8873397697903975,0.39107985916074844,0.7965198746199853,-0.1489354307216377,0.5896345846564617,1
-1.035424347929428,0.8452995416614852,-0.6875032851377786,-1.8024703741312371,2.7861895207200407,2.6503337810111303,0.4414666455196121,-1.0946667927925517,0.6843606496072474,1.1121335020113365,0
1.486144245178172,-1.0638585955693367,-0.15937412838493742,-0.6054493494270837,-2.9032663154950145,-1.7033423930981473,-3.747367496801743,-1.6476005958013125,-0.05293988521373895,-1.2856534757049374,0
-1.1789452970980407,-2.3239175376414187,1.3385029274794717,-0.7133934199381768,-2.094881102022136,3.160312801497896,-1.6776301437958565,1.1912866026427025,0.21640618481281831,3.149201499837198,1
1.7534756066102275,-1.1944333873414887,0.12279585125108175,-1.256568765766982,0.9462236793974177,1.408245592732744,-2.7992847641727687,-3.3468688075648423,-0.3991648710147992,-0.3211290325771263,1
1.4520500989685199,-1.1766231533467326,-1.2395388727570273,-0.5055181784785575,-2.650130455547838,-1.7637901530738866,-3.235980162313899,-1.7910924266982087,-1.1715989082356029,-0.8880620361554253,0
-1.3651525367172626,1.0500113859087583,0.5405807704929594,-1.8029822488562934,3.5595524061433164,0.40636987736797936,3.1767662220675583,-3.1398075737305993,0.04667533965586018,2.8406251899471617,1
0.5671017470173095,-1.5668220862552336,-0.5865126628445863,-2.463435004900181,-1.1388625639667311,0.6404736431894922,-3.839965116530962,2.481060015040816,0.7651899287646474,0.48303602966373327,1
-0.19093218969023268,0.7900700858521557,-0.4444299967257112,-2.3021591331426405,3.761054099447044,2.4919690205372054,-0.38484895882455894,2.1231736113064783,0.12871520125984065,-0.07696763418564401,0
-1.0502906745309248,-1.6877556008361099,-0.3819073605924749,-1.7205585844668927,-3.490359533278978,2.263424902464427,-4.009899812139981,1.7117965509418995,0.30511363314765494,1.5383846824372642,1
3.1449212565746576,-0.7790836670012005,0.7655864846038705,-0.4212065935124403,-2.5800024268126034,-1.355003268742235,-6.1085836401811076,-2.0832352327411394,1.1436279925648152,-4.264995944984861,0
-1.025488220051457,1.0588719032094895,0.4204508516384657,-2.64601985793293,1.1924764522043363,0.9461493093398711,-0.8170897741112446,-2.8644937928373624,-2.1029579005926644,0.8921552724794499,1
3.384810763747558,-2.2573281172655353,0.2319803290680101,-1.3838362410958016,0.6041062378091663,3.947617891872916,-6.63855728150936,-4.203242335352097,0.4375673456371321,-2.189697912148499,1
0.6192387422920732,-2.7192261182423234,0.33340443658814095,-1.6377104657294772,-1.0430606464474885,1.5801257855898565,-2.8738722482417094,1.0423450298006791,-0.16465952163074715,2.088670855679933,0
-3.820535306485459,3.1498334166694084,-2.324390639711623,-2.510073869235643,1.310181480729017,1.5311089464254506,1.6488000248822343,1.0903170386749363,0.2845138858864701,1.2865092733812509,1
-4.761924371938242,3.5171419254895326,-1.6112536278021696,-2.2011744379891094,-0.5583576774636181,1.2271473269799293,1.468582141886227,1.0099477999154347,0.4760824897782047,1.3548040220659454,1
-0.2573321698142582,0.8044292845597067,0.38101167624550664,-1.5587942500931988,-2.7974559625030615,-2.044099792161859,-2.9570612827150273,-0.09244191289703152,-0.24456019880301033,-1.4360576265822491,0
-3.644090872308889,0.2591833515206361,0.6252924411502272,-2.7980918804042796,-4.675942669914276,4.1810874002243565,-4.996577114938077,5.1453051392010725,-0.8046890385244957,0.858943551581686,1
4.0768022113786815,-0.9141062593965912,2.47247154045335,-0.9925137158148468,3.3917836409581374,-0.242446708975661,-3.0680920581621756,2.386926703893942,-0.4931904370886025,-3.5565792973698414,0
1.5704420354569206,-0.9360680032149331,-0.5082376928418649,-0.006284218872816494,-1.7307794145890987,-1.4361301942769709,-2.4860990843187323,-0.6496820459344625,2.2149859005998684,-1.3123792451235539,0
-2.240601562133142,1.7932054531797434,-0.25045860399592773,-2.9136417712772564,-0.5234172404661659,1.6103963280776286,-1.838571344962325,-2.8504020403769483,-0.5248110842252807,0.5813113015110651,1
4.476287819394571,-3.2923042928307407,0.6674625719890295,-1.2314618421086265,0.5488041921203007,1.6302311812747068,-5.8047792140612025,-7.41146119063,-1.217792708795263,-1.0119956603653129,1
4.394768767284329,-2.5400389952359745,0.8291162842568113,1.0665924262395063,1.7734017258251469,0.05810844002962323,-2.3833588041396148,1.5658532554991536,-1.0663805706368437,-2.468017281240852,0
-2.986329825065063,-1.4293267888101269,1.0799115704789886,0.30117101886275965,-2.928005877106395,3.641495400602057,0.15662132773748932,2.675391866742472,-0.25605534853692824,3.7274808173455645,1
2.730691391788822,-1.6819302948475414,0.39676885883697566,-0.8287121938498162,4.41864960280113,3.965781937962554,-1.9678717693577257,-1.005095923247812,2.033782511765904,-0.6497170963903263,1
-0.5358964405009146,-2.690241089094294,-0.018840300672472405,-0.5505304989373546,-2.266250980691833,2.0879889291755074,-1.7116757627351036,1.016665394626476,0.28800209387326253,3.0070659002177433,1
1.0724160505025493,-1.0640215942896254,1.655911258844214,-0.5204748650486635,-0.2169063353751981,1.7311891403179422,-2.4668754103697164,-4.6178672537632846,-1.2092710414969605,0.006203595408187823,1
0.7974903636301459,-2.421541371437028,-1.112031608735144,-4.19581051266532,-2.42407097489965,1.9400392201546435,-7.27872575424805,1.1498871984162355,0.5321192792697035,0.6541749315637739,1
0.32136187927654564,0.14521754756736582,1.0047908422191092,-2.1368406556097104,2.778990427602997,2.1403542244095437,-1.055048178687953,-2.1615288258368386,1.011752650499045,0.41576817120029763,1
3.9166764113250956,-4.130220134013809,0.06638185002570449,-2.922478906092438,-0.4464585211815768,1.8810573668690485,-7.717200417610926,1.3037125306124586,0.12954670522009643,-0.7183336979000662,0
-0.607920738316442,0.3739161931375734,-1.941669965065602,0.952408222831358,1.1682918985800037,-1.289420662617121,3.572723359741151,-0.3722011786879049,-0.40319771839330926,1.4394034751585834,0
1.4005831589865538,0.21573218530375549,-1.332976235515629,0.7105488091897594,4.0060972540201165,0.3358710542549006,2.0923831849869625,1.0865073010228015,-0.9783678756554336,-0.8497375958687223,0
5.17969832993843,-3.886027483633139,-1.4867248873979815,-0.7915360018936014,-0.623813680847277,0.7485291541000618,-7.314665509644345,2.6776357942099582,-2.0877158900571007,-3.1550001156945853,0
0.757278635785404,-1.220901112358071,-3.1798702396399805,-3.9161768406262607,-2.7579024301045707,-0.2893606883397981,-6.378681186833581,-1.8062606483196062,1.2084060493341344,-0.0704931419450423,0
-3.6288969098320156,2.865273550796326,0.8685609099217104,-2.662787639192575,1.013448425353359,1.5911101074664427,1.11477295963203,0.3637337609696416,-0.43988831974909565,1.3786378306383866,1
1.0350508704907757,-1.2853278734193454,0.17808156666067446,-2.379934354726804,1.29034085972538,2.728810852602051,-3.6213311437883178,2.631338679620807,-0.9732126983419084,-0.2240887143142931,0
3.189626921908152,-0.6699528768884165,-2.2804159731577003,0.9793638443760311,3.6384010715438255,-0.9685982355255338,0.8120144835283047,-0.36005870578881627,1.650102213808546,-1.8249719182214843,0
-0.353755492571709,-0.13839635292236485,-0.2620785768758069,-1.6749530025018653,-0.3100852634947582,0.07217159264033235,-1.3618630348478373,1.290645486556115,1.1711904207724917,0.49236590472433206,1
-1.2167399370040495,1.4594467461439513,-0.018613354083096178,-3.4756220096420103,-3.6832986506321315,0.8421306575323491,-6.391254575789354,-1.2279441454547315,-0.4346235762006521,-2.100252211805495,0
-3.451952194541108,2.5157852129357616,0.31359267662220613,-2.185536976787304,0.5304208361704489,0.41734328134404497,1.9231009717438212,-1.5079065725154288,0.5240873339314602,2.081767444492041,1
-0.5287480402500011,-0.36146657860570697,0.7113836170455102,-1.798531411031394,-1.1490633716699359,0.36267318144860816,-2.044277756264658,0.5139126510276161,-0.8896014909026162,0.718268416328937,1
0.8492807138605696,-2.562218909123039,-0.7417966281604467,-2.9838096874818856,-2.468541269259177,1.6669384299195926,-5.995769274767672,0.7723374045143179,-0.25979347408192577,0.8477514640456102,1
-0.059822710439999746,-0.40125206697504767,-0.5172167487091028,-2.89920617195564,1.2514787772834473,3.9031824566390303,-3.7886900392645124,2.0623191541828487,-0.15768313220202998,-0.16995548946237915,0
1.4070014881368222,-2.9633690021808743,-0.6388887655643724,-0.4064394829395699,-0.2147990142549705,0.22260074208152303,-1.2036653034801825,3.307185477261906,-1.9829037666248701,1.676375309893709,1
-1.746420967660757,1.2330302516922804,-0.5760139767197593,-0.6789996197228959,2.1989778744615465,2.236816957819198,1.9541792200972405,-0.6361556120340885,0.24841206355448156,1.3382571725442363,1
4.2799121394536614,-1.8703181749162494,-2.0007144611913033,-0.11656467927659708,0.02827431591104368,-2.845457086324849,-3.2911184080531837,-2.056658458378763,-0.7698397060158332,-2.5301264781291963,0
4.436479138165053,-1.0519305942129271,-0.9645063932627689,-0.3730466153269252,3.020775368730559,0.2316160795993394,-3.7271758590639954,3.9163246903528472,1.8734151236121512,-4.559442895715806,0
-1.791193981178204,0.23384888981468954,0.6479567960252406,-1.6926352878542774,-1.909256195800484,1.5373888865692842,-1.9250998771288916,0.011858350514079463,-0.19549763308923243,1.0671830420171402,1
7.386904757975672,-5.177302319418095,0.18001913941464184,-3.5726857367726685,-0.3966519309718026,-0.5547224854351271,-11.30661504161696,3.1770322157678113,-0.3102597139204678,-3.977728511401436,0
1.8266912292339121,-0.8070978465766027,-2.050293892524772,-2.009752360920984,2.1067512384245446,1.6792031097337128,-3.164547568855779,1.126966583584918,-0.6970948507626862,-1.2166300926192721,0
-1.0954395737548597,0.025373601933686096,0.668478533794523,-3.1515418754748605,-2.108689579652764,1.5203724518252875,-4.488245580921265,2.024166442126214,0.8163569837244667,-0.04215730678402463,1
-2.2668286593546814,1.7921584661790602,-0.16925328582761373,-2.280464093224672,1.1024929066998008,0.7769900832547393,0.8991490065560193,-2.3064977938896924,-0.5013980206357275,1.624631856416924,1
-1.055906387058681,0.6104257106235678,1.3818938751017622,-1.7866754988163167,-2.670668735148023,0.3147047119103201,-3.371936638790764,1.2965339745513957,-0.43004319348134284,-0.8460742912542194,0
-4.817062378218139,0.9409045713231183,-1.075212318782182,-0.7829504141878599,-4.6858462981245115,3.2050663160225685,-1.0011458052662061,2.2417061349564174,1.1940638157327639,2.3437283784117042,1
3.325511142235186,-2.0767430904521995,-0.5950674874515303,-2.170003784602951,0.005943729801615394,-2.5668672028730484,-3.948139005248036,-0.255551741952855,-1.3131485867149486,-0.9609518655124264,0
1.2868271640489175,0.8888717094292202,0.07074222179101906,1.083435806913199,4.528273225272192,1.3271271972260423,1.9598852959676671,2.4678501141278884,-3.339356662603585,-2.047601377036686,0
1.1699879008956329,-2.1873074237155126,-0.6862387173194351,-3.6058362339417576,-1.9960437309534735,1.1311275209894156,-6.294347578458446,-1.7558697447924616,1.2280779229623224,0.635725807435667,1
2.3055433746297176,-2.447404575914438,0.5313502754447156,-1.6078143132755003,0.307619614134228,-0.9478448880811419,-2.4542768298335447,-0.172002600789257,1.0119429079933284,0.7680440906538085,1
-3.31007932757412,2.2735531157553015,0.5010632479005924,-2.038005053909176,3.301067578996438,-0.6061546232474537,5.539858036256698,-3.5929098405279727,-0.677362422704849,4.343718577091289,1
0.013625416932338652,-0.11507530124303389,-0.07922877727680845,-1.304842706308375,0.8208868575113953,1.864715013585739,-1.286378296648515,-4.243998497256364,-0.59032002393038,0.6874454615443516,1
7.503588138291526,-6.3846189712966295,-0.8808195799722746,-1.2907446989072904,-0.01520135984821036,-2.7572433627347124,-6.206673910144655,-6.1194320826100705,-0.23524223696743682,0.048442883211674115,0
1.5920367702610947,-0.9093330394115795,-1.3714657565980801,-4.10876377419574,1.819205541262127,2.2081137623812896,-5.391259973511825,2.3809260838362865,0.28745526050670145,-1.0870079239491988,0
-4.627803192104845,3.191929333224763,0.29263988658981227,-1.1177251940103012,0.9011812698915562,1.3409111413638695,3.9270418386167023,-0.47378313909026604,1.4282779528925693,2.525452042463223,1
3.399800232358994,-2.1843671815836156,1.0901069687881986,0.20323273329689773,-1.6405702223472782,-2.170233785900015,-3.5815670711943586,-2.057596012405531,0.7260331654278795,-1.757488154368569,0
3.4626090419041455,-2.6382145445364755,-0.6539007570945464,-2.069899976532182,2.0597363207733714,1.144414121303874,-4.316256883238507,2.6736391606711543,1.4391165341989665,-1.0489122078584612,0
-0.436206248300957,0.33903822321604005,1.4041275758547769,-1.7197033042657872,2.420240895074725,0.273000924715199,1.3572264589815337,-4.420455201833278,-0.5405956160627782,2.135286177388055,1
4.31216441819107,-3.3478964329188337,-1.4038400185519961,-1.103825345385061,-0.9841399735491412,-2.1387144220174017,-4.772536711564636,-2.351357507025585,-2.26121846365778,-0.9405171261328862,0
-0.8791001900731387,1.0006481542143018,-0.29843529564744625,-3.19830196990588,-1.8499864733266054,3.4599936155351214,-6.260949584831211,-1.3248280734655602,-1.3656037033376744,-1.9140138634217418,1
-0.8925154107299244,-0.7287863423784141,0.3142920698075796,1.0084945835756387,0.27503790201635603,0.2678403180550144,2.6660230995407,2.1109778370091337,1.623674283789194,2.192363389995057,1
-2.8712139081900223,2.2426418852241294,1.5580987853339394,-2.206362751813719,2.5100678939872,0.6458132959948542,3.0505433182653485,-2.1120154260546933,-0.13118278586532287,2.6161524864526413,1
1.1861978943465976,-0.8162973234844051,0.37904703135644024,-0.3317114860722916,1.2664794385625582,1.8986856906362277,-1.5372142769495931,-0.41243395213086154,-0.3000053957272057,-0.551689011806936,0
-5.758585578434715,4.323217177050603,-0.5933995685820381,-2.5915538229998267,0.0838168072362282,1.569076559023221,2.5604203718101948,0.14056695415474962,0.38863606406226525,2.0586425426171022,1
1.2359004032309002,1.4459200465205138,-1.2998092406153348,1.2032726304693853,4.922743136035576,0.531102592319688,2.8879861721856224,-0.22741619070541907,-0.5446931873215582,-1.9207311494134363,0
-4.542519003581957,3.090100138748304,-0.2259709545173762,-1.5130991196624122,2.1840926213487366,-0.787808542345652,6.284257798667256,-2.296512514685823,-0.6972345168506925,4.2808977877048555,1
3.951736910052158,-3.3541474659018675,1.1192727900621153,-1.85360709726759,0.017324143469700015,1.2308881659103623,-6.490113603388617,2.918237274517507,-0.44587779064246214,-1.8434077185178563,0
-3.4741984108496515,0.6473952978640649,-0.3786084835482334,-0.7478521312055593,-2.787040643643866,2.6846363291911137,-0.6192502907041049,2.9654090896226717,-0.898787219459433,1.7039701992907341,1
4.969543088502873,-2.8738571038048093,0.28817129647396195,-1.1850696376889576,-1.0765747545748512,-1.6060337175047144,-6.535442810317788,-2.765744619448337,0.029425051424444515,-2.8871385568769776,0
1.2128170641565093,-0.2829896311301161,-1.130804204552444,-0.2531153360855669,1.475306686889155,2.6172443110630166,-2.255111489777684,1.9366193644582363,0.5090683899290029,-1.9565988725546595,0
0.03971971289921068,-0.18792769302345835,0.13437028758210917,-0.2862386003341668,0.9846448883329652,1.4669488985256893,-0.07217661113399453,-1.9359616967888387,0.4068957572963002,0.5453234886918616,1
-2.7115012529885485,2.084222360246818,-1.9126108431884679,-1.733786411522147,3.181701903358171,2.322924379611334,2.881532111711151,-1.755432330070033,0.44933505268793483,2.27015935610321,1
0.5539410804625274,-1.238941569678507,0.20460922377599047,-1.8829411161155893,-2.7819365864743744,-0.05036985853704157,-4.52384375599961,0.41990904421265496,0.7113059641874001,-0.307323982950803,0
-2.8735489616018297,1.9062250812341461,-0.4817054672268445,-1.0751735925098438,-0.89899464205353,1.2376025284453231,0.46808140677344723,-0.8763201085098397,-0.9755719198590362,0.9136043509181434,1
3.4053077774482823,-2.9244057409822357,0.38597889784319905,-0.37340933867217685,-1.629121885417626,-1.4586096940148394,-4.035135269155224,-3.3035818083805233,0.9784666768509728,-0.6225400601637536,0
-3.2493907775189594,1.9708035225247733,0.5344874865145707,0.44418870026180257,3.9203658377049635,1.3810578421182154,7.05999376642615,-1.1285861594253435,0.662607186675204,3.7725258209157575,1
-0.9956620494749632,0.9023719095389819,-0.7478780274483465,0.5444770090249964,3.04426838693872,3.915363424462094,1.6683828523880382,2.8331946472364025,-0.26209020036287395,-0.14272497990428246,0
2.5812134342275366,-1.6134140497518692,-2.0789184806793735,-2.4458767796863605,-1.159112460155204,-2.8467914990283454,-4.168068439480144,-2.9792545273057325,0.6494152318255041,-0.5381362705238043,0
-2.143981000817609,0.36644337606121735,2.011491112588921,-3.985379352442887,1.3945181711742807,5.144849483931836,-2.8764052969430502,2.747582006594835,-0.9578064351337342,1.5409559268442017,0
0.5295887430360348,-1.6178450570920173,-1.807087037649139,-2.2115746742392854,-3.674858305615946,0.36086258704755503,-5.568679691971218,-1.6801123559860216,0.08572168663109299,0.07837345460448208,0
-2.89240191776275,1.1962539707037827,1.2282038263558728,-1.2253970333544146,-5.267759594424893,1.2610489573328492,-3.6808190317151896,1.487506266640089,-1.194565503439707,-0.5716764365370874,0
-2.3910096954506295,1.8903368018489113,-0.043899105963785386,-2.6383255647045427,1.3895722909694617,1.158453754774384,0.7364857687704431,-2.4489648172423415,-1.2105526457355438,1.7272528826273563,1
-4.048185743655037,2.9759243035635663,0.24438014486314683,-1.8090323321368005,-0.1888603233424444,1.970248178332912,1.0049504268608718,0.5800488168957383,0.32807156465073123,1.0324160537443428,1
2.2019782487905437,-2.0130530280978403,2.0399838221685256,-2.009271745642742,-0.2610428329194989,2.306292458448497,-5.6920237956310205,0.6478482217650341,0.9798322570613639,-1.2951750323549098,0
1.239700608576594,-0.6648459734467056,-0.3280994700076251,-2.3105488013914544,0.5566893062292548,-1.3564948493630773,-2.231508522431214,1.7980134046794554,-0.20595803935486748,-0.3119764114358268,1
2.567666295538638,-1.6710200365959267,-0.4761293480034064,-1.7378643405603995,-2.0220103549238035,-1.58586747074142,-5.296457852425753,-0.6159433053973782,1.3732538692837277,-1.7441783461155747,0
4.443286410970252,-2.1200652743746287,-0.36428687982420044,-1.7504161968464638,-1.858863417559907,-0.8573789380610074,-7.998501702176642,-2.8228548650548966,-0.7152381539177879,-3.8441136169833205,0
1.9487974233300502,-1.0791770198975557,-0.48883951759226496,-0.8957567176872884,-2.116310377484921,-1.712145467954354,-4.012693841944607,-0.09336292807808211,0.5024409019031453,-1.8235723252825946,0
1.398193687163954,-1.0431087902216385,-0.4602363372270672,-0.8361639259044461,3.4411582797606823,2.498476053416425,-0.20217789092032393,-3.8200618783181435,1.9184677665297645,0.9497257158082897,1
-0.5800152037317841,-0.9808078142350851,-0.6224709567788811,0.41042447297004014,0.44274622124141416,1.0639008230234117,1.4173033138246696,2.611791444730135,-0.279159393258717,1.8489218824429696,1
1.9352612399705365,-1.1618382509868972,0.8189577560280582,-1.1399816578478064,1.5012898156515055,1.6883564129608115,-2.9716320156092775,2.056456631500457,1.9293533440079624,-1.3571919734392057,0
-3.3664000293215164,2.2178392215635903,-1.995013484671699,-1.0745677196947383,2.5003624267345197,0.6260543840177387,4.873921273681535,-2.5380577926576118,-0.5308739961123049,3.439971504319729,1
8.520559057563803,-3.439301033852943,-0.66119321738779,0.754128802688045,2.3927496524389147,-4.549294529440081,-4.1644051274071705,-5.428833188395457,-2.156482133927654,-4.525036390313364,0
2.0779368769383377,-1.036006836101744,0.1836121706202837,-0.14549944344343668,3.072457793355732,0.2974003566114971,0.2665926901872897,-0.2684085207020841,-0.837749952403941,-0.16941204541279986,0
-3.8627885108820643,-0.8775284802814833,-0.36782817114706295,-0.6364701968539409,-4.523110353709438,4.807098652742968,-1.8833283570848516,-0.35732819876673605,0.3601553046177644,3.5824158038180003,1
2.289198262398455,-1.6686832017503026,-0.3035719351199467,-1.5122871949728438,-2.2110240776017456,-1.4814573554225932,-4.871208036792793,-1.534716405012143,0.25501576596840186,-1.304939891392198,0
0.3968122403329925,0.38718401836609284,-0.400428060508607,-1.758150199388425,2.790712202646139,2.635503674645851,-1.5361325328522057,1.7107181183586682,1.013286498231345,-0.9009670880187017,0
1.5972078397145435,-1.4755545362518243,0.7247470946164272,0.3012969661699858,-3.3664781504472945,-2.0428338204928025,-2.9398319226595753,-3.4748802120258735,0.16705866877730188,-0.7015089497303302,0
3.459025140435398,-2.004700214607018,0.615163203683238,-0.44306007249067236,0.8831389192718331,1.1540712037897265,-4.274345060252741,1.0794248208969566,-0.3835655644061074,-2.4823146074621945,0
-1.8237077780780908,1.1046538063692035,-0.46288113153134913,-1.329201823264687,1.2687290686854862,-0.23040155992980638,2.4644301245911344,-3.8311985504425254,-0.7375618941693329,2.6176436163513483,1
5.452677379574402,-3.053954645575149,-0.5367864711552751,-1.0918391350933918,0.6123600836841815,-0.6467178783682903,-6.296034261890336,1.4393601039489266,1.6585920158136227,-3.5357372894688988,0
-3.2762139532860126,0.455822668135591,0.15111887932093068,-0.28321661462784475,-2.0499613045084955,3.049767578110252,0.2945368233948651,0.25907829076399147,0.0830612574105881,2.343400155883593,1
1.6822309656008676,-1.6790144932383846,1.2318001860011447,-0.08020481849632799,-3.3490400782298977,-0.9634214004068665,-4.024637135652124,-2.8334536427107446,-1.2286553247596401,-0.9730661234037177,0
-0.5810504257389917,0.7094985406448363,0.20126441259336528,-2.176093670201834,1.2405361014435294,3.040336084038654,-2.288492023449303,-0.8989618584827879,0.8843383121032284,-0.33689528618999587,1
4.247351668853858,-4.40667857062347,-0.43469985946125794,-1.579642099005064,-0.8185785714054346,1.543098771751494,-7.029701591660968,2.517953234623577,-0.4951576480879254,-1.1676606345093505,0
1.982745643935175,-1.545674871576493,0.16807143897726065,-1.9443198946088187,0.9224717443857884,-0.6201597630202902,-2.5136180218035866,0.7941260366893425,-0.6193557462112576,-0.057524695929431546,1
6.0894835571004595,-3.9364694358883834,-0.5141271781459458,-2.327406624132373,0.4855856865070822,-0.5278102349596141,-8.045960557780543,1.6145797517357479,-0.04242403458324075,-3.2307882529259953,0
2.744078472113507,-1.2192665270204317,0.5454623028034383,0.9068576108773785,-0.3941290389293646,-2.758839257028743,-0.9517390029685846,-1.8906091630520812,-0.42464676652798083,-1.44157994775267,0
1.0240064557942876,0.0831117328726052,-0.08054367303887512,1.2720658780447631,2.187105089928288,3.0756349422082256,-0.5510119677466265,4.2554328666392,1.0659650683253792,-2.4971684626456385,0
3.185580432580348,-2.4426204569999976,-0.2876125498149928,-1.1171623095485481,-0.2624714202466414,1.2787948032457859,-5.313700901122028,-0.647756124945746,1.3094397974459575,-1.6747601456801529,0
0.9297750533937278,-0.5945659309704454,-0.06376834167133273,-2.9054261477833996,-0.16627144174445752,-0.7789397440332673,-3.401240166834753,1.0120203753465555,-0.2413014551771641,-0.3384686345047143,1
-2.9691556684109335,-0.4550026640951468,1.4804792816514143,-1.9410798911448353,-3.9104582028834005,3.50229764023311,-3.1660988426794887,-1.070241570099602,-0.11073516632879911,2.480364009584135,1
-2.1195271834169103,1.723125589335904,1.518775005491651,-1.04081185390972,4.4469654556029266,3.179649194931172,3.3753033005578637,0.8485245120056484,-0.1863438621466802,1.7697546279280798,1
4.311338139778773,-2.8841132845088593,1.119761878554883,-1.4339379599875475,-0.8713514546414084,-1.8514395245470818,-5.434938559238123,-2.4265424701086977,0.4124529289106525,-1.67145768786677,0
-5.259228266002082,3.7438918110757693,-0.2647167682272618,-2.1041569005950618,1.7654244765555356,1.2697507818140747,4.515657882028384,-0.4173209750083766,2.06447631679795,3.1929868721915,1
0.823103455096837,0.5580318877497459,0.6081375537713583,-0.5427000696041216,3.869027692787606,0.9191167925100538,1.1463567338599363,-0.06631878706568295,0.11994831716388846,-0.47414159031075376,0
3.564753789075763,-1.1410715239462754,-0.046162051069567465,-0.33870343967565386,1.1239482830656926,1.3075542935693667,-4.850613484765513,2.8468557421490734,1.2997973304279393,-4.217780051529218,0
3.102235112312487,-2.6720322448101945,-1.7896734567528172,-2.0492871095901815,-2.0533000922307605,-2.205022682755203,-5.220634430822919,-3.0838779142263766,0.4616693028013537,-0.4137013691095357,0
0.383840250557245,-0.16977219821378076,-0.19343888045586385,-0.9015043880198582,3.363176501148457,3.096718045303752,0.09402276546655507,-1.6242989489080584,-1.1810347280068552,0.6003454312287462,1
1.8994582256551826,-0.4850568324047282,1.5778481332374874,-1.6223841302278084,2.2844773614819864,2.32840286663861,-3.470533853505942,2.689908677521587,1.1222297939402996,-2.2502672811876026,0
1.5239799088764605,0.04474351876521232,-2.1862783467740807,0.5927995635645957,2.8608746663445084,2.1150452772417654,-0.4714765581152307,2.2900108075788115,1.9382002425310245,-2.184706624439868,0
-2.9154679960679144,-0.05414914588275921,-0.9458335562548363,0.8053516550428008,-2.1360186204446134,1.7729493423023783,1.5684202800390317,4.236473142547631,1.3047150796123637,2.258552219410676,1
4.711507086594461,-3.6764343122168905,-0.0039743100330945046,0.11283792361388989,-1.244396910737239,-2.0049044269891687,-4.158557059664306,-5.931214282553868,1.8969687338874128,-0.7443453214524389,0
2.3223469481379464,-0.8653727124740798,-0.22026100297089,-0.989909830112331,2.8902744804056626,1.8167566925619663,-2.368382271563001,2.9735059358360134,0.9489039560620852,-1.9255271465612638,0
-0.22422905563655987,-1.2377156131301912,-0.0992753876037895,-1.0089518328846896,-0.5349628494122476,0.8576912184064865,-1.021008118917652,1.6226513064981618,0.7744900968270563,1.5065586462003084,1
-2.833744910807743,1.99165036892107,-0.09904818587567783,-1.1112659247580368,1.3592301512768346,1.9093270751153633,2.024260799675523,0.42703379055669277,-1.1711265640368587,1.428056966286721,1
1.1140416083022464,-1.3252524610872682,-0.2166960864283521,-1.6683637644971192,1.3651283527376963,2.7256512530038606,-2.8155059185930322,0.02453993244439845,0.5157676015642436,0.12770925737992855,0
2.7178574723080104,-2.6111431974385026,1.5206054547309742,-4.253939729347362,-1.1022092201450433,-1.0845134908198526,-6.612611127052484,-1.471744721664268,1.308024666102327,0.07401843490879023,0
0.1725189877695513,0.2432759409163976,0.13538879566292597,-3.1842914024734252,1.1792464419707303,2.8659428133532336,-3.8473675661761364,-3.1404436354951715,0.9507901140104847,-0.35148950735177387,1
4.955169240908782,-4.092018322614297,0.5288920961330046,-0.9390726908728202,-1.5384650684358117,-0.5659425753166021,-6.708326588292773,-2.200452214798764,-0.11343649661990776,-1.681675673369855,0
2.152513620254138,-2.2303020850865067,-1.0627117606434355,-2.406110284839321,1.7319053140426242,1.0240183901866329,-2.9801764158470343,-0.2447855244308883,1.014508030327775,0.7674791645668546,0
0.9116626587835427,-2.3410938365744602,0.9665398092365121,-1.895745502361404,-0.7539123916756656,1.3169516456345416,-3.361076601179325,1.6285206745607828,1.568159398136567,1.198753936688795,1
-1.5152627155872267,-0.599800151877957,-0.7472891242797818,0.15121868537199168,-0.8654496990470443,1.674123271793297,0.643454537083028,2.628596482283896,0.9872396569704832,1.8700457690890093,1
2.580018924354108,-0.578239648074167,0.17572471303499634,-2.7462668242806103,-0.8268701801054809,-1.1671401058814426,-6.068811333323489,0.2106352632059485,0.6468815545208564,-3.0688339506183704,0
-2.110275977736912,-0.8172157464947231,0.19205290969289524,-1.4279242864744164,-3.2606345283764533,2.7885599849344915,-2.856618928352609,2.2627799003303353,-0.6236972606122607,1.692495435250682,1
4.661500652471364,-3.200295917048419,2.1075569999301726,-0.9215792691584229,-0.34823454707469725,-2.3190145239168345,-4.498662554571343,-1.9336827526496267,1.767544652711926,-1.4150001851847565,0
1.815011005916369,-3.280236845739406,-0.07540184706659356,-2.3603524923398274,-1.0753784207888282,0.7480513596074998,-4.5788532509020525,2.9346108657134184,0.9400258953931735,1.0795959267994406,1
1.2018026811974813,-0.5057953181420723,0.4912892740202906,-0.605777769732034,-1.5612539764005995,-1.8282257178880437,-2.228847625926062,-2.190115658643106,1.2410683720446407,-0.8821292470816927,0
4.403056486439069,-2.826411410564675,0.04832674582102094,-0.38301007514456087,-0.4403382064240924,-2.451479961509055,-3.853863329060505,-1.9520247169970388,-0.8500196911431195,-1.6178626341258455,0
1.0504114038334924,-1.3235925294514874,-1.021627588920566,-2.798273208958134,-0.8081498464202139,-0.09510893676524934,-4.149148507583725,1.5675867459156367,0.8637663853644267,-0.06410799190258154,1
-2.017931847979819,-0.9184093049353463,-0.23689485262799195,-0.7963577239316301,-2.232121698800208,2.3465042478612244,-1.0372583629091499,2.125076475857258,0.28441841139848745,2.368573556495173,1
-0.4102325494763047,-0.515647921075127,2.0932533254281216,-1.5990365870038914,-0.9679382936326598,0.4064734478452052,-1.8188613637419595,0.9245468918857446,-1.2394905976275907,0.7677813930287339,1
-0.22974282223321615,-0.4176142113053878,0.10812017042833884,0.04926964301855841,-3.7165477522257144,-1.4320111021103208,-1.8416895800013253,-3.640794937700806,-0.8434252680080352,0.20380642621653156,0
0.11210202731504566,0.22085163014072728,0.0021708471959423757,-2.0111215096890707,-0.43461905524163513,4.7684550482346175,-5.619324065037382,-1.456415131887748,-1.4864476379004168,-2.0702179021007088,1
-1.0453118075935859,1.0990744737327334,1.0983230777184048,-1.832444140514509,3.4031179176689688,2.3539594070447136,1.0560160222892683,-0.8075985549199847,0.7695179799574127,1.1097447758936443,1
-1.7751878237508814,1.2763248046333093,-0.3679999401174001,-1.313568025249393,-0.7963605329450769,1.4643739759847691,-0.9871993862642732,-1.753011421887055,-1.1035989591859043,0.2769712006127656,1
1.1909176067349339,-2.052917253912469,0.03163807757917268,-1.9392170301419103,-0.8183330174475159,0.19272573770042412,-3.1419185375124656,-1.1139158378624598,0.13982616113750748,1.118428666466778,1
0.9531405947844386,-0.32141630803062493,-0.8464548166555463,-2.244873295255887,2.1206826544691832,3.369875947353281,-3.318586105164571,-1.3211247926564726,-0.7612422386905463,-0.7648350656543803,1
3.4220393044742976,-3.293704197415485,1.2419075306547247,-1.5739094353150698,0.6291288965840088,1.1109631893913574,-4.669897605938937,0.9342009924378697,0.7865706433899993,-0.4364189814550292,0
1.1713482795139292,-2.179465655248036,-0.3654316225996046,0.6446581958380109,-2.792418481686333,0.05473232822378238,-2.4636741043162904,-1.969981478865362,-1.3359778055136422,0.35565160569345555,0
-1.2995105238467715,-0.36782410019496314,0.44450169353043195,0.5864465513681747,1.0356802778623286,4.731575525441771,0.520941576435543,1.4329048356436536,-0.06885629150462086,1.2216800605774227,0
0.8979786324208575,0.01701056892008479,-1.2621394297883517,-0.4472554613520774,-2.325559535929922,-1.6845754448006727,-2.8385500970449264,-1.6549338403638805,0.8006528811128376,-1.7520129239793765,0
3.5701558567875775,-1.8584853120257316,-0.2646437684401718,-2.626563409150666,0.10895029121047761,-3.270689083158873,-4.26294632179158,-0.8696400219020857,-1.4038574373841508,-1.258371806293828,0
0.971317556596447,-0.9978471233406613,-1.3653740149962525,-1.6988641659079393,-3.584709104713262,0.5225737683487792,-6.100878164723406,-2.566109524090137,0.8873095440225507,-1.4894072048743066,0
0.3330546020990313,-0.6231284833256423,-0.8340826319926368,-0.19541586178546555,-2.913976502430387,-1.5736962179561784,-2.1056951164517472,-0.3634617299140026,-0.513012208933418,-0.42390842755079094,0
-0.32553753981090844,-1.941548843324314,-0.041802933253188235,-1.1388853250524171,-2.153050544085242,1.5161737197605143,-2.765380227083898,4.442308274007617,-1.536581016686793,1.2522978972342007,1
6.163621512949933,-2.7500361128367055,0.6650266167215868,1.9274560919462487,-0.17770091310508174,-3.7019702175253912,-3.115345740254132,-5.1364690337446675,-1.2238249378907575,-3.591297223990715,0
2.21772448736935,-1.7284386749870426,-0.7519416211486548,-2.526843787459888,0.5167028086464724,2.206209582984305,-5.542881394886221,0.7827980807964465,-0.5316179364615454,-1.3174594937783088,0
4.177482855908108,-1.5949355893154136,0.2675920219842707,-1.0574165351419949,2.333630704016522,-0.6630199104470926,-3.5908012115972663,1.898714723832538,-0.04410943312889722,-2.9673086062499525,0
2.7300246077835575,-1.6810081238753023,0.45320291727956896,-1.8335064236984682,1.9194729989844783,1.4423295366295896,-3.8936950332665266,2.0224325757870525,0.6975475348785649,-1.4610970351007342,0
-3.073265441980507,-1.3311926257593838,1.2436175678377877,-1.030627948668356,-3.701996591730945,3.928938511234118,-1.8731547270172129,1.496087077116268,-1.0409760092942055,3.4909728495309023,1
-4.072042811629282,0.28023818258873345,0.45026372105796786,0.08290234782864392,-3.0848689329133627,3.9287788394237064,0.06663452167639276,4.250942790324682,-0.27509172017931244,2.3704125265239284,1
4.599765990922648,-3.409268551059065,-0.3625381570279519,-3.1202512183517754,-0.7038052032057509,0.07843566302092486,-8.39599366001463,0.735286839091789,0.39174709209711145,-2.3140568564335706,0
-0.6191511639591875,0.4838096573568125,-1.5262642896784135,-2.4183327018209364,0.5078545069475422,0.3745142222367035,-1.0102795885700315,-5.107057263938266,1.438439036386863,1.340857467491915,1
-3.1052295963437597,2.4043409970224,-1.8448964382246889,-2.1238755664120257,-0.20421282448701294,2.733640666081134,-0.8005899169121777,-0.20079890588540827,1.1966664382842354,0.2907764710214289,1
-3.2892779354160546,1.937212763520705,0.044691782662283595,-0.6039841219235469,-0.8054484273607279,0.8534419587201449,1.9548663020250034,-2.5525993865672065,0.07466904609346002,1.951217449946643,1
7.432228907226628,-2.6281050805558364,1.1608063098603412,2.090850634922894,2.753169058169229,-6.597171119140916,-0.17808371234055287,-4.493042673644167,0.3735125797184455,-3.383730975611493,0
3.8772578281638443,-3.271731375852629,-1.7427358217747526,-1.7407043337337305,-1.105216905452743,-1.7441366300954448,-5.086881931337427,-3.0941711750762146,0.35128521845423205,-0.4084192116545784,0
1.569061154881313,-4.615438915065671,-0.5562477511152033,1.5536716447101009,0.48284265204301113,1.5878759779831824,1.1341700215332362,3.8645282675676604,1.1967205157701803,3.6462875820872074,1
-0.3779495269132825,-0.7185750840545698,-1.0560493583989872,-2.328164620009996,-3.2411446751854456,0.7949700180477763,-4.865605090775486,0.26371316993099114,0.500479766329186,-0.11667334675352392,0
-2.4944518121456705,1.6522788324845168,-1.7089920112579133,-1.007699761640851,2.095297297636527,1.6743706068399438,2.8909398439161307,-2.4270444719342277,0.4276436772762946,2.33223723888479,1
-2.250763132781036,2.002516134357229,0.8798567379474236,-3.4474838932213365,-3.124557150263775,-0.3600316513609243,-4.110266983650209,3.2304012222409426,2.3061640025806343,-1.3117782467254728,0
3.2645228333833005,-1.6663883611007055,-1.7018316692926767,-0.4234325009922455,0.8907118798139534,1.962013967948092,-4.832097178406529,3.1050826730253824,0.02019123823233079,-3.3110232936542388,0
5.921317899397101,-3.4354979807693122,0.8226395350231324,0.8220697022821213,-0.34300814531804646,-2.4463040020861038,-4.385184007740056,-4.320580207536565,-0.8139959450130251,-2.7302492140631287,0
-0.897773284765908,0.3734204524155025,-0.7291790521766582,-1.4283507670884932,-0.7743083541906599,-0.012284058112464358,-0.981755247664209,0.3180617676710691,1.127185075343519,0.4942995596222408,1
-1.9605151592249375,1.5832738175832353,0.21022959850421466,-1.827313426295363,1.2733686972996554,2.2105275962314446,0.11513723912386199,-0.7810456944603097,1.2733784899006386,0.7660242207179081,1
5.251623684740769,-2.9624945176812627,-0.392177265428291,-1.2058063397056742,0.19342565051146798,-2.34057430421187,-5.222591304597725,-2.1697158019529423,0.26159995662006424,-2.3814076497947,0
0.9263866886369432,-2.3774943576235814,-0.08055565092003034,-1.0096885565563545,-0.46822597288419177,0.4908356230734625,-1.8432769127674398,3.4906393977869232,2.157515217436302,1.3130288347385863,1
-1.4400469846682433,0.8838521447423597,1.6043474337937726,-0.3042574712084354,1.430014306183996,1.8328561490424513,1.566032173661067,-0.6479533448006293,1.1105803175087354,1.121425674479131,1
4.6120734368121195,-1.9705291829510003,-0.618728044805297,-0.5084425511583263,2.714243054976188,-0.5501432246145783,-3.2511968888295355,2.6853586764535624,-1.3101862393458739,-3.081354327662524,0
1.1443130614752903,-0.17764978435437695,-0.5574329385751464,-2.525954765407539,-2.4896151971265637,-0.9714386726805204,-5.757076413465693,0.39486910903619243,0.16994554172655796,-2.3752914328400423,0
1.9533607114781184,-1.1978483845871684,-0.791463142837682,-2.7906494712056835,-1.6528538455440913,-1.0095473516783855,-5.529224564134062,-2.561110402653134,0.2707075954457206,-1.1365337704113792,0
2.73578324026029,-2.09090357715029,-1.0447855375654158,-2.566065318223015,0.9140785518053001,1.5959912267409024,-5.388326971735659,1.6390780729518324,0.03564679076343017,-1.2930030310082739,0
4.085351244856896,-3.6477974403253097,0.48103681309431556,-3.2075578549524124,-0.1420467041798137,1.97431922797328,-8.438263918458798,3.5706449528091846,1.1691180434137616,-1.9624784700763125,0
-2.095250655031962,1.3018643321749326,0.9610252123984272,-0.7595456537818787,2.1047142009433784,1.630723015905273,2.7903919077390804,-2.596168479466855,1.5960410345230238,2.274517928132524,1
4.21675226484923,-0.6287345289266429,-0.3553326830312902,0.38361361627594137,0.39506301822897405,-2.558584768287796,-3.425630799604886,-0.6698095220465761,-0.12680157166322228,-4.5318669089130115,0
4.261253212728867,-3.1912727473927656,0.20726372862250608,-1.917465924530919,1.5040728176826754,-0.009649078368680675,-4.732846941500001,1.4483315920427835,-0.6695035599268259,-1.1451926789764268,0
1.2016206459029115,-1.0215539836422933,-0.4016703090941095,0.6273945884007288,-4.11114033885415,-0.3793627915763145,-4.288337090855592,-1.522665430108794,-0.3629770779469078,-2.0872887776639004,0
1.321207678111807,0.302410938225637,0.3885218732514541,1.8981588903435034,-2.012598521241973,-3.0257492094034513,-0.3170542917680252,-1.4374520184087578,-0.4930471858484473,-2.4192602984980516,0
0.7297911895602545,-2.550473069584041,-0.3692614443734616,-1.6583986259532213,-1.1960110022269306,1.1267910045923926,-2.9973730117785364,0.7680374431258934,0.5653333327529954,1.778410103172898,1
-1.219311812395233,0.6961107291694044,0.08449977372764596,-0.6602460176093518,0.410480319002019,0.15882962683467383,0.8629317085708343,3.3243854026545874,1.2251760210269078,0.5141178105024823,1
2.2895850814658814,-0.14699587770202616,-1.0338513099554758,-3.450895678935148,0.8217020718629899,-4.598884003164349,-2.553733661859887,-1.5401986202928746,-0.7288362536282268,-0.8878206989549845,0
2.899039535629533,-2.357736646510756,0.5350715748258696,-1.8711742380659917,1.376400335854253,1.6810685455582097,-4.385362041741248,0.9862850145270812,0.45709879365478806,-0.8697694998544147,0
0.8959869542131151,-1.3318273535208822,-0.8868672844268515,-0.7059888086862838,0.5181870939588777,-0.4574772050891218,-0.3456224252965376,0.019268369084921355,-1.1740414452017376,1.1180486545619543,1
3.2205378065095083,-3.166139187785206,1.1220321535501463,-3.0408728976700727,0.9178570405288401,0.3695943902785228,-4.840861231293284,-1.8653400108913902,0.6496717507687616,0.6436195224867487,0
3.798730862046481,-0.9833840698350208,1.9676556223485,-0.32509525547443396,2.7771916335537696,-0.18216000331863547,-2.552678071979065,0.9825835893275087,-0.12566615083574367,-3.1589301137429615,0
1.095906475095144,-2.124852306681571,0.07317871450481767,-1.481139331166292,-0.6978944089157109,0.04659706000322372,-2.4572500818882803,0.990069556022916,1.4344590265183463,1.1250993324995469,1
3.102704018292658,-0.9893988650208534,-1.0105908273937865,-2.3558655053349082,2.1444407876474956,1.5479728386582683,-5.353758571754155,4.301670730377388,0.0840648111958523,-3.3868440313937587,0
0.21635066987108464,1.019209409453742,1.436158506374239,0.13508172239164096,2.453280172924165,3.676062791146392,-1.0678780873108842,3.6941321633464552,0.11256725527078222,-2.582185496552432,0
0.4957440465656643,0.28125861376346317,1.1103101279378655,-2.062999103575,1.8959940345807451,4.985904043381897,-4.282700741868228,1.04992972029873,0.6300845249015015,-2.05883701957575,1
3.5070455796760562,-5.027395102668484,1.5066254640896946,-1.4556770050538816,0.03410892675773636,0.2586256350990781,-3.7333555163563346,2.39166459219527,-1.160332257704715,1.8799100699488744,1
1.910058888642043,-1.3075267937647925,-0.2861634302199443,-1.6086707003274916,-1.0094901905386404,-1.6894739765873596,-3.331980490449189,-0.9915950464829013,-1.2082117898992677,-0.6562644123642615,0
-0.03761262688554058,0.01665280475552766,0.5977153154262959,-0.4520773113933467,-4.377085224358335,-0.11110019519119163,-4.586800916118561,-0.4329859575321995,0.17820680497499222,-2.070775945814395,0
-2.4540075590730184,-0.36299449808615836,0.3233842382545518,-2.0038442506312317,-3.256729302496254,2.700206986707112,-3.0596490855116807,1.7488688690238172,-0.6067401091062843,1.6857470669239554,1
3.9751558970370904,-2.731802385426757,-0.7629480726497019,-2.387956961999487,-1.6883978455577415,-1.172184815160698,-7.12170594925977,-2.968737410056959,-0.7626926259947432,-1.8844179156451935,0
-3.283362784129488,2.0032247443555398,-0.9157952120486291,-0.7187359263333744,0.2261543672084636,0.3217854634973898,3.155538207089033,-2.374467365678662,1.785259808828847,2.5348842560529414,1
-1.4304874980700628,0.8499762163651825,2.233240529868228,-0.4671567114099009,-3.490322191930363,-0.8113972404332475,-1.776289091710534,0.6314093329223058,0.339064981418829,-0.6215356530620259,0
3.881168216810962,-2.5998692089215076,1.243558559582438,-1.693151624865561,-0.6297152040690706,-3.4867471079183874,-3.8998243929716776,-2.3486774379962867,0.6767224939729514,-0.7220903199121936,0
1.1762891456611733,-0.23189567818562362,0.005907809480906101,-1.156353599144234,-1.7960148633696393,-2.1355036649068593,-2.934187829412696,-1.6015567713595602,1.465185143372128,-1.338829020762363,0
1.3579869886025,-0.44066921862890607,0.8928231165569592,-1.8720359519637653,2.138890632787545,2.2933899246983445,-3.0672269441724547,3.0927496772123106,0.02873844140680185,-1.5698149104342036,0
0.1477686540254675,0.5530784511805424,-1.0812659295458893,0.8119420987060124,-2.8022197005322713,-1.5083410299383315,-1.5353441922108648,-0.861791593259852,-0.8241782798004911,-1.909686047980057,0
4.217377611212441,-1.073837681408783,2.0817516124866726,0.29793948232456,-0.8162974908080691,-2.395446139312579,-4.404663015358587,-2.6160545266594566,0.8344534120127188,-4.198629531993659,0
-0.19357455265318804,0.12241498808378104,0.7299211969049114,-0.02561554470723193,2.2534107723632624,3.0686563461305343,0.35494872797937993,0.6124879661578438,-1.2008465937956947,0.08661008112330726,0
0.28472353718835464,-3.199992036648136,-0.26522157299398447,-0.7338929062708094,-1.4488391834381256,2.0575048188847465,-2.0687947430204643,2.690447878498749,-1.5511349013736393,2.6664646033572392,1
2.3982161642882485,-0.22793867022581416,-0.8990809356577203,-1.6080509049620133,2.2116777276338926,0.7559363985617263,-3.2245468057099944,0.021976367094392435,0.01088879723312497,-2.4923488717847597,0
-7.245061931971443,5.622869235135998,0.9892721912362424,-3.1641063191355734,1.7373869448026256,1.4209468090217237,5.017216898708758,2.5188609639435002,-0.7553786667449006,2.9516864355242314,1
-3.3897317797919477,2.5428158316364966,-0.7908021222571796,-2.231393718197837,1.426731829771847,1.7190458427684607,1.757347392883108,-0.8517705907157267,0.3606333477066806,1.8354155936884333,1
-2.505822835326936,2.3033186712424216,-2.268739495866622,-1.4926608039384328,-1.0504331494612156,0.16975220941069757,-0.21661205104671577,0.03953745374789719,-1.0419326687783514,-0.10905303897221863,1
-4.041798748334454,2.768079932772613,-1.548831280392782,-1.3583130086206112,0.4906236962929924,-0.3795513418303782,3.878687884032022,-1.3426594064168134,-0.5346220952961119,2.809035451723761,1
-2.0811122701344944,1.4573702589438498,-0.9286626771249666,-1.2402790723799455,0.7964279154682972,1.3388853998977033,1.08950037087713,-1.9353864413485644,-1.6920165580686355,1.3671690443857158,1
-3.690178719421295,-1.8144795739802329,-0.7429528606226071,1.1109140319041257,-4.070404393271522,4.763840854524197,0.26845186252863923,3.5102682749136878,0.9925568919138317,4.275041147583687,1
0.760401839125399,-2.5260758488015354,0.333628889448342,-2.0735691905811984,-1.2420408198683404,1.4066472462017203,-3.6921658341545056,1.129322123252554,0.30059241386530666,1.5372786690721305,1
1.705423728921999,-0.21783386980597963,0.6219137002084548,0.7658800660226586,1.8296237667454749,1.4854718145238146,-0.9066798017320059,0.4945483104248205,1.100927921666182,-2.0906010431999715,0
2.486678498371921,-2.726674371674286,-0.307197237673143,-1.0605647499376198,-2.4622986454373352,0.1490673827570852,-5.41431603647012,-1.529166171606734,1.1217904907193683,-0.7096174198768449,0
4.38735839535751,-2.3701555864059363,0.6277260531400652,-0.6935209782733145,1.0350583080321467,0.3257763318898046,-5.0180172644565,1.8741347772982975,-0.6237930920425293,-3.1303263088715254,0
1.832588036363269,0.016873254956354833,-1.0071781140068858,-1.7380016577405502,2.0572978140338347,1.9684922424921316,-3.741701776905996,2.1608585684673507,-0.40241820770202047,-2.8207316486896437,0
1.8359614413897611,-2.094562868656502,1.2171842328615778,-0.37399106138500526,1.0263604284036791,-1.0270030735483457,-0.14590263217890231,0.8436856180699572,0.3969988240118958,1.1181698756676455,1
2.720210633371827,-1.0517470517907102,0.3653918191297132,-1.826239233167756,1.4152396472664253,1.7992314510510168,-5.02940415514547,2.547710648874138,-1.2073319968398417,-2.8949966350370104,0
-1.0087219688249547,1.8345640705775748,0.662841769223382,0.1647841827093166,-3.74219148644682,0.37165724951728074,-3.642606616522584,3.4017611610208753,-0.8091288985646569,-3.861393684325836,0
0.597398170864038,-0.9074849014472546,-1.8793847057314779,0.917878461014594,-3.6449902049644374,0.95854319547737,-3.6531911398872254,-0.886718923160366,0.6660794804934665,-1.661306764504624,0
2.9346293412675144,-2.6276522753368283,0.9119337691114575,-1.6059696015227742,1.4679555817907124,-0.8961578831091783,-2.2246563954097036,0.7100831444151687,-1.9628952065399319,0.48196846722773845,1
5.070413055409846,-2.7974904804856093,0.14556948043974274,-3.858066191828868,0.22756865736368947,0.6398669163895053,-9.814807339003485,3.9650409615431625,1.5150263841047142,-4.210780897290234,0
2.2986030608640395,-2.3992625461389756,-0.0731578229274225,-0.02123954265311756,-3.298071826560624,-0.007034924793533293,-5.107542941630942,-1.4943470236084822,0.5658496827544209,-1.365644173288183,0
3.8361659536532247,-1.7864653751184958,1.0000000260772435,-0.07302603863076684,2.1768129251327633,-0.3925709530763264,-2.294742535719367,0.40158377527058176,1.5626849505709355,-2.1242266615261403,0
2.1521081609997332,-2.268080076694736,0.9877781108594927,-4.580303701654368,-1.4732649855200852,-0.3901190811993589,-7.222074478902448,0.33040315554162847,-0.6595276746347986,-0.2672393456334248,0
-2.183882810909649,-0.5866030554681003,0.9023217515009514,-2.3885544828812537,-3.5875992669627466,2.8946995751881706,-4.017984120035178,0.015324724740384044,0.7893347729815176,1.6709086548276162,1
-2.1309592537624726,1.1515205871256717,-0.6720183790519293,-0.11178025347095777,-0.8165200516628999,1.2581039597523147,0.8485259432889006,-1.8942430444567777,1.5695147692919662,1.0449550050686467,1
2.0353015601212814,-2.752511678882896,1.8872134301648316,-1.5676994586955981,-2.3843420516843503,-1.6268751931735843,-3.8635355684779324,-2.80584479625598,-0.7683929477727645,0.956991284393621,0
2.487596236041077,-1.822762616598877,-0.7082763383368067,-0.33200716219714743,0.7289171784139707,1.8537533741418417,-3.4229356979653844,0.6645661845262518,-0.9368342388575521,-1.488282036707947,0
-1.3530495386639283,0.05284476937051341,1.317566157328769,-2.0428698989996943,-1.5393374970525235,1.7929023855903465,-2.8260500503821095,3.6358193694371908,-0.9599023889193019,0.1876599258275773,1
2.751174842079319,-4.7648427980401085,-0.6709311005343637,-2.1213650848406838,-0.7953721120570849,1.1650866293701179,-4.807737439999156,2.5807338100870405,-0.6386407827659374,1.9388109473897222,1
0.8147186337375102,-0.3601594736672109,-0.22132293452157079,-2.0572625214448,-2.878034334366145,-1.216502248969399,-4.813881516444014,-1.611842894667318,0.7604916235056935,-1.3851304440377703,0
0.18248639045895154,1.1039076882931766,-1.3108914399721663,-2.0765923391186014,-1.9760595392630558,-0.8381189658991309,-4.304790046874917,0.6552102448947847,0.9749844341928189,-2.6954488319692436,0
2.91289663733454,-3.8967402210846482,-1.0523720224359485,-1.6079008226734117,-1.5961648304993101,1.2746719872549819,-5.722563098940436,-1.3506016340520572,0.29131045628579044,0.4845424508243963,0
-0.9317680153903339,0.601337002154718,0.7712790969729371,-0.7989968157806818,2.1593083901741013,2.9371405804250026,0.5972999044098658,-1.7829428017926703,0.128475398244281,0.950649408410166,1
-4.370298935102784,3.0210003197964745,0.3279625737248222,-2.4082703892196653,-0.6793090213790793,0.49478597008548864,1.5813049513537627,-2.311885223875943,-0.23689915398742598,2.252549651393336,1
-0.27205598294720224,0.32925408561017133,1.1423854411467251,-2.475328358785469,1.1992239516943148,1.4523972687294873,-1.5515785994731932,-4.4742569311106175,1.2666323439815002,0.9029977945064545,1
2.7077161433277377,-2.173954903256617,1.594783796486747,-0.3882945326975198,0.406233669495476,1.485519870224823,-3.617367267452269,-0.003899313470222543,0.7499947052911516,-1.2148240738131966,0
0.245528554882831,1.332128756202529,0.08602084893636384,-1.0909031458803367,4.867074479728817,1.561193716878242,1.4868457241439457,1.4547716715167531,1.0005439574691546,-0.6873119901815077,0
0.37176265044119233,-0.5879449749595999,-1.2639407698251313,-1.2781944983092102,1.367974682979423,2.7762435765477074,-1.8865588934263609,0.7487703850990685,0.10958322757742063,0.00174150587531674,0
2.8724303751881104,0.1296828368974099,-0.9707987324719148,0.23057559985514642,-0.8332425650913913,-3.3335273622240975,-2.5859766171067626,-2.9762796075091607,-0.7011543042845947,-3.5466192213148484,0
-1.9191001961521066,0.16973019435737324,0.43051347952881786,-1.431564181089831,-1.793870727220559,1.9193362219699694,-1.67841366464726,1.3344900042474857,-1.2582926205241107,1.0632298587892692,1
3.3772298221155315,-3.602125645072323,-0.5614401067555266,-2.02018075081566,-1.0486894862683567,2.553528958398581,-7.537052508688676,2.6524744988092115,-0.0648016984815227,-1.505840129409826,0
0.32243318137640936,-0.6758502714973403,-0.2222611626984101,-0.4037904260303251,-3.5612874301153883,-0.7680286312359009,-3.299631741297098,-2.1631802449104764,-0.10347790758550285,-0.6378722521845226,0
-3.7489658124073606,0.9068792891713402,1.5155323967536716,0.12503720072050406,-2.4487141861266517,2.3949940694451355,0.8488096949644134,4.590750981674068,0.09832901542281522,1.6939745235289685,1
1.4275635965294284,-1.6053847793457379,-0.3279796247488339,-2.5702151771877704,-2.9917929971035147,-0.21853108288939205,-6.257747633107759,-0.6219947798010395,0.524730894165268,-0.9610812740749899,0
3.1665617298712285,-3.4508490732139885,-0.35342454131103057,-3.8973892034202104,-0.7804803548456212,-0.22133928041491902,-6.692536390417204,-1.3210789537512648,0.31063749893979387,0.47872684585177594,0
2.6963795294686093,-2.8690362411468,-0.7200644941977014,-2.7445985082277122,-1.239717818438656,-1.9111045512113787,-4.6398491154212165,-1.2781156950007826,0.9060041545055426,0.6034809334903084,0
0.2053753194195498,-1.9285027869433178,0.22590424537286122,-0.27985993027161893,-0.826530264033774,0.8269488454543599,-0.9602084787598035,3.6143240413476594,0.10066603857423777,1.3907861330797393,1
4.133594025912239,-2.1621380213268795,-2.26554779163971,-2.726013907667391,0.521720653548774,0.8184395427527873,-7.50013634220501,2.4120439826462916,1.1137375141386876,-3.444393347984609,0
-1.7485281293663728,0.9803755488021662,0.6293669026011512,-0.7933332221729475,1.573672567526223,1.3775692730550977,2.156514779568633,-3.6984565905372704,-1.5973939442063654,2.2216303700040814,1
-2.7040281826204096,2.1999071458838904,-0.9616872400879266,-2.4676046718922535,-0.8057719116947824,1.6813113566653255,-1.3858914549546377,-1.7806387175042246,-0.22350775149705865,0.3135959693375061,1
-0.24496824732697664,-3.3024185243808972,1.8812440003514055,-1.320733148394474,-3.1934028885119634,2.5573891115914815,-3.7098718056711313,1.2362762169452168,0.5656160443786991,2.869602081711093,1
-1.6218502312500025,1.4286543078172353,-1.0025550405807153,-2.583241341862656,0.018033378165506653,2.382724666038375,-2.3123020796492026,-1.1951454005715347,-0.27473948935922676,-0.1204946917286136,1
3.3870269537355346,-1.534752247039937,1.4993826224975288,-1.917328354636481,1.7834900278105175,0.5052883068501419,-4.578001596738625,2.320747111473892,-0.7759043861160467,-2.5134026718692857,0
0.9028156505998978,-0.22962329104229218,0.6320990777021411,1.8223628720832212,-2.5985100540461334,-0.9586307781982881,-1.4235052700949227,-0.6158144716406793,-0.132542862202931,-2.087557370028599,0
3.6197711084050574,-3.341129722578346,0.7771887376728707,-3.4028702695039588,0.2439832709565426,1.723738305732118,-7.486797129784165,2.3154900126631963,1.0626974013331458,-1.1972036932686505,0
-0.4472806681982018,0.8762836216648262,0.725789264832387,-0.1434258026902453,2.711647890002795,2.6388818878956606,0.8624821272816409,1.0590910097842707,-0.1435575086815076,-0.3604720662756915,0
2.6285837918394934,-2.9344985107201014,0.6033888432648137,0.35385672614511376,-2.9540193833348782,-1.274455265173807,-3.717822235005368,-1.9875948028036285,-1.0219434869195063,-0.37607855959269076,0
2.1468581866791956,-0.616743887571541,-1.216327445827061,0.2626478058978392,1.5496601179357878,0.9063994448875166,-1.677524959560293,0.5440758345784726,1.427816619272437,-2.085409762226613,0
-0.7706688715336237,-1.625038759060724,1.1627229196543776,-0.40819794616675775,-1.306315285350052,1.983846601931619,-0.8106302035659377,-0.00039337818644002986,-1.6811633581033236,2.4071021766838867,1
1.2911244383491094,1.2733372453511649,-0.405396978807933,2.1222937506341992,2.4264690214646416,2.3297876718129444,-0.14003838210894956,3.6268483001242258,-1.6838498029670688,-4.33972887127652,0
0.9855163886898375,0.4784781950483945,0.067305304659352,0.16132304592723257,3.788168235349348,1.7131271776700419,0.8622155672654057,2.0220212352410236,-0.43219390349530523,-1.3146823955372713,0
-1.1493890245812493,1.0177775959945485,-0.3382057252194016,-1.303176529514691,-3.3656674140846317,-0.9301757794720371,-2.8412801010504762,0.25666308822755646,1.2760676969372846,-1.1090119386563124,0
0.0760610432710955,-1.9002245178968602,-0.04167273541403839,-1.8447560789327975,-1.3153553503487947,1.6925140430847172,-3.150739160194242,1.7372764625881145,1.4145259394287544,1.3993759196694469,1
-1.6771089633904055,1.1336772345740567,-0.1591906597549413,-2.5728289683050836,-3.7775963631265497,-0.6913790927774396,-3.863644171391891,0.37794920754654715,-1.5071018688416722,-0.6840111193215906,0
4.396998130553946,-3.634075719706886,1.3882773027454967,-0.6722785331250829,-1.0474019263527463,-1.2822815710546465,-4.883367331825995,-3.3848145038477804,1.417726634283043,-0.8268339571201183,0
-3.4429909011672306,1.3832301971095742,-1.5852013601705917,-4.1885486146427215,-2.3616663732120444,-0.5472879832456168,-1.708647934692093,2.5396579294362995,-0.41865705835634687,2.1639642854274532,0
-1.241416170621833,0.809219570009633,-1.1967935339162115,-0.8454992970909658,0.990858504899881,2.0521948615607375,0.31655062739483186,-1.7926360633587928,-2.774477242639241,0.8389741206516867,1
1.0594603070573096,-1.0115180874176852,-1.129612361808736,-1.0552778822644404,-0.936881932076457,2.455175176487592,-4.147039955644933,-4.777843815193326,-0.5430191352459328,-0.6202490911920533,1
0.9172025469502587,1.618344025599196,0.4192170130797689,0.426801894648712,3.9842853930426894,1.3476223355751158,0.9197011193177856,2.2399038325602367,-1.1742222819468326,-2.801905962832321,0
2.877877418262672,-2.016337137724385,0.8287853955022866,-1.0782464535244054,1.0549767757774349,2.6866767377236416,-4.50188644806487,-3.841836477667514,-1.1587854646590234,-1.1587649040097294,1
0.7072657791871373,-2.3193880572963295,1.0144967703228884,-2.5613139075163396,-1.1629062703522792,1.879121952062734,-4.51885631584162,2.623753188114537,0.28362428865044575,0.9628810759345524,1
-2.0050388880782504,1.2077468393076853,-1.3205827873200229,-1.4219463020403664,-0.9248037929859868,0.538907126897838,-0.3764450264703329,0.6521457185580897,-0.7630155041847068,0.6293473709793557,1
2.2926574294984454,-3.4234262918938647,-0.6037797959731513,-0.8585604048881422,0.07417475642744398,-0.016154807595143206,-2.043697040307663,0.7409130066666025,-0.6798123530765451,1.6612407207510729,1
-1.5631951699177413,0.9729165293745319,-0.34930551537770016,-2.405655990267848,-3.539765682181797,0.09491548891866164,-4.061151213165467,0.3582685015498648,0.27392730759628325,-0.7794707430357432,0
2.2857194738451203,-1.6496895809773968,0.6171545484177509,-2.455393236289452,2.7783049539046996,0.441510366157555,-2.1491615016122183,-0.5484306855846977,0.8177441610899081,0.44741569703744277,0
-0.48516395826788244,0.3443116571156952,-1.1754623837759852,-1.3156848847073337,1.7601727805078429,0.5861453839344497,0.9027194219133761,-3.8382371103281274,1.8083008710890636,1.6353902976780537,1
0.3113858312802392,0.7745098567863646,0.16457461773873588,-3.598426353849289,-2.266887081695696,-1.0887315725218247,-5.684263559511239,-1.2996260895830798,-0.18926642207948785,-2.0337653641401365,0
3.7452297656485283,-4.4513697787024755,0.9557251929512316,-4.406258070543478,-1.684596549366776,2.429025077193144,-10.212802288938885,1.4039646134832837,0.01378276463087382,-0.6955287115070147,0
4.948091913455627,-0.9372339507493584,0.17470964863067906,-1.5472096687262706,3.3620397805005027,-1.3342228711314594,-4.1850549721198815,2.5747454622324213,0.33292272460297095,-4.528463243161268,0
4.337283612037722,-3.576504889783574,-1.9803287869523725,-2.7753659474948,-1.6690548905235314,2.2432425026683083,-10.186398806074319,4.2114589808777945,1.1849413676210472,-3.4833411323979644,0
2.2085363024983646,-1.2862329652369549,-0.434371613715728,-1.606720842398841,1.0285517195637945,1.9050811555686438,-4.3516080630524545,2.2501622388883535,-0.637081178337818,-1.9184485328780543,0
-1.7960439815307754,1.4532585900396249,0.6668260346806401,-2.260023985391913,1.8063454657878975,2.7596974063143764,-0.21378060093201692,-1.823177582721014,-0.3507276109457836,0.9817275203626186,1
0.8638520516408501,-3.042476370611692,0.6986048486913036,-2.3046969027893023,-1.5752599599391912,1.9065019704326664,-4.288088787365187,-0.5178070101575893,0.2650291161330222,2.109626061430406,1
-1.1241977193848143,0.7008072796234397,0.13045342520921724,-1.502541551296851,-1.1828303824330177,2.5903739530656753,-2.8094391825515825,-3.0686032724625045,-0.11033610837671276,-0.23478447974547922,1
-0.9521497822198405,-2.23703861363079,-0.09586726733486632,-0.2178045795637673,-2.170679949426821,2.1342420787456926,-1.1625350491698998,3.4607420497546366,1.4076661345536252,2.579438168894402,1
2.0423610622131707,-0.31798574073790187,0.8037743227471926,-0.6371185686703691,1.2608277543580377,3.017889661339191,-4.471395456116725,4.614574073250376,-1.3194032195014225,-3.8812870031460567,0
-1.6811376519756591,1.3746367419082732,-0.3705617528676653,-0.9774253120466159,1.6051820455572117,2.4555160016373883,0.6550332852234039,1.0589067315361644,-0.6870701980098629,0.3773314679848323,1
2.987585611261624,-1.2224970160878283,-0.5189974472528162,-2.229663140377793,1.8290404993586513,-2.790594239364755,-2.135550096949004,0.539989116153778,-0.13263291091448354,-0.8641011394364138,1
0.59475128400027,-0.9548672699238745,-1.955579322217269,-2.2266484753221754,-2.623233842547244,0.027971181182667282,-4.970355226396561,0.4033515673842023,0.7505591187074215,-0.7358284435881363,0
-1.132532391833223,0.7980788002143921,0.7897052408187969,-1.2537081445501301,1.3785519877354289,1.382063727871553,0.6754492020240082,-2.8039992937503335,-0.4458598349255892,1.309408318422622,1
2.6786315812337422,-1.8091391740133216,1.08321774810704,-0.6083939094908588,2.2942206892587156,0.5786560592266432,-1.552253728528188,0.13073898508024517,0.8415502815234793,-0.45469084737580223,0
-4.3755622934167775,1.3152512221980586,-2.2788277178529053,-0.5792860116533651,-3.6534221299744463,2.6333873969236516,-0.23476608492866416,1.0864181567415772,1.9955354392525124,1.9649572893718075,1
0.34799575208877725,-1.2545621396550422,-1.3368376546622682,-0.6657578663464073,0.7313533725546686,3.771904965933423,-2.216830291792028,1.654519049667226,-0.5141388557993929,0.2114829625244412,0
1.1213007999720255,-0.7382551136979485,0.10543112294902098,-1.8442776675675632,2.3263539882873494,1.6387383200806307,-1.609940221578875,-1.1929051607614496,0.7975201115267103,0.2890985549599423,0
0.66578922717045,0.4949263867723448,0.5697800121654373,-0.2539027197695849,-0.9992224043448659,-2.362499810719865,-0.8606809054588228,-1.6042883770283247,0.15410480649630465,-1.2270504628248757,0
-2.4407097850630697,1.984932152752422,-1.054892231891005,-2.049136873325284,1.2673629626963345,2.4443628050042197,0.18572662511743324,-0.2841873465151128,2.3237286636299346,0.7523712693499979,1
-0.76039419949535,-2.778966966586048,-0.37112799059578944,-1.1230149979760031,-2.587630214104668,2.971191083708646,-2.581555120601142,-1.4991022301425225,0.7302224586486861,3.467953948409299,1
0.6984601017486465,-2.7825859696717394,0.11892501717787173,-0.26945004239822756,-0.4908899421085091,1.182765216727702,-0.8454189188193559,0.349140634670454,1.127283639233051,2.509158580490276,1
-4.601433585996158,3.2783627197184844,2.246337547615455,-1.9989344228815518,-1.6554825387539336,0.6846497401494743,0.9429657836942394,-0.6106360132972934,0.3212427752790439,1.3503894825259013,1
3.2472196827455053,-3.2870488325475122,0.25716294417016167,-3.6851533532824954,0.04566309067240737,1.0299482416295669,-6.819228429634207,0.0936543269755179,0.3438442277788009,-0.16716086518550055,0
-0.7267047544925791,0.6906294471402918,-1.1522724479001774,-1.2379821334990555,1.252543101244862,3.0332115607042196,-1.1856855940152815,-0.8433575665408689,2.361845686913262,-0.13674618076145761,1
-3.4118406551246894,1.8455486376240153,-0.8986266755846266,-2.2968298683128463,-4.048610866984095,-0.6278501583553916,-1.807622196940806,0.8581522639074213,-0.9833117322748413,0.7092117618881191,0
2.6624554367333055,-0.9219992634656977,0.5820807445552683,-0.07095842403297303,2.2406313792694066,0.6031422415502911,-1.6952781100801892,0.7567360086995834,-0.1546953388016661,-1.9813585245377385,0
1.609357972072408,-2.53111264845243,0.6687641609342164,-4.032636491999698,-1.0014498535952356,-1.131647649199956,-4.699501185982298,-1.1245578661492346,-0.15415165808302098,1.709633763029093,0
1.9665649245165446,1.213217684788487,0.694774171320887,0.3348910669845959,3.4483011976380924,1.6659093019069182,-1.3545926541215054,4.384396397650066,2.073709431489805,-4.568235728190766,0
3.693655939487993,-1.3699456524379807,-0.3386227760789625,-2.11604828618165,-0.47965884013746773,-2.7964617711336714,-5.157609836282356,-1.1244125707906973,0.24924988204345938,-2.6763423723027824,0
-0.7952517590267391,0.24737278397064055,-0.6112908765851811,-1.1867060333838488,-0.7447985641895873,-0.2699392584983866,-0.8422470812998789,3.487061478993901,-2.3851600430158673,0.10576893297189272,0
-0.4432322202103513,-2.7671520936245906,-1.5503105856192012,-1.391074276552289,-2.710937669385554,2.704000872832078,-3.7795959216724873,6.5812356975802455,0.3572945583682187,1.6871903972397424,1
3.2266272413190706,-2.645216761305467,0.4520184248228875,-2.942473657975873,0.229420989873107,-1.1989802994766432,-4.893291907320053,0.6277896978924236,-1.128862977711883,-0.38283400848053195,1
-4.386615353427625,-0.3732604823072132,-0.5251506527596319,-0.8058638305091472,-4.793811929392326,4.304546632361141,-1.4635363998301478,-1.0399277286383013,-0.9018445685352869,3.7913221974290887,1
2.728261497446093,-2.2551469032991545,0.02690518329032648,-3.149255588897458,1.2096516405546103,2.075730659557621,-5.904080192839305,2.711531408181914,-0.1812987856697749,-1.1800094351782409,0
-1.041055675143781,-0.7996645323931673,0.4578025125001207,-1.069251624154726,-2.0875944333019376,1.2875087060111199,-1.899230957633531,0.9099391066262817,-1.526106221803749,1.2945493414878029,1
-3.181327644259492,2.3446328603815503,0.5383016924465778,-1.9393371110405746,0.7362471542033193,0.27852651186766897,2.161006843848231,-1.7318992283077554,-0.5930063509160227,2.092928682662475,1
-2.150843025335033,-0.13607316351608323,0.12432700862847032,-2.2485178946672653,-2.70777360526871,2.130993254014881,-2.819139728626355,-0.4304084992913837,0.8583846974345173,1.7021501132684316,1
-2.0264651551629798,-0.01575720897462274,-0.15029167852068678,-1.1870128809842244,-1.665661432945012,1.7048786171006642,-0.8767662655088533,0.8041708372376136,1.0160303936045114,1.7342911850164457,1
3.4106055742616688,-2.428927947236974,0.451046542162149,-2.934004619773535,0.3955003364480132,2.3564548840076145,-7.732283148062452,4.69317803260776,-0.10903267539952402,-2.8455362632994334,0
2.6306158458150897,-1.831047160260069,-0.3606193673911166,-1.180852569308994,3.414386441267027,2.1664696972279676,-1.5982989279960724,-4.98405305675878,0.06248998568788651,0.5310046623869168,1
-0.8949004589210069,0.7416969328398941,-1.2053583152030143,-1.4395013839195774,2.4625868273700675,1.6043613009334963,1.0073063865469085,-1.2382926325556745,0.3094103207159382,1.2548211689387017,1
0.10762660413602639,-0.5145744845876552,0.200124063950963,-2.3666263397121905,-4.057975826198742,0.5095292271075524,-6.391517646417024,0.6030922612244818,0.3039496665758532,-1.5758445355876929,0
-2.520986525616802,1.550308721702076,0.731689887296413,-0.9045630459398214,1.7390031214963704,0.4142139356485033,3.5625995659016403,-2.383857633304811,1.3879932027100965,2.7836773875829213,1
-4.593827425789309,-0.26732853898994935,-1.771503859021427,1.579316405769231,-3.2329333176085564,4.256023422489152,2.171692398487805,4.631874919301637,0.37904744964020637,3.7019448087181344,1
1.4884095722429156,-0.5116862610530534,-1.6233169223424844,-4.824804380243185,-0.9654108321635331,-1.7804448876482928,-6.268474137025189,2.416081080965821,0.11937232666396394,-1.513373808037755,0
-2.644826836559699,2.269871776395742,-1.7964452799096144,-2.5136235006225505,1.1787096351027553,2.5583251523378316,-0.3081046396940921,0.21256933803926903,1.963392581342088,0.49724161388801513,1
-0.28610103419335275,-1.6418894492733318,0.034114653677361086,-1.7150778182035216,-2.302877770435286,1.1782797244524787,-3.133949741434981,-0.6394596718672423,-0.005090897581514398,1.625476979298232,1
-1.0616290421685484,-1.6072313380038472,1.9546952837172464,-0.9801659896004119,-1.617717417363224,2.8852038649576173,-1.9510174338080177,2.1197579297257727,0.29231318030162234,2.0566657595674753,1
-0.3945710284968518,-0.03807945254073264,-0.8883140417628659,-3.1609510085128028,-2.548278463844515,0.04971317747597426,-4.872813280049316,0.5506982137995746,-0.2543447724531083,-0.5224932812251021,0
3.438684940953168,-1.22459457150382,2.23813192042712,-2.1971762105214503,3.114579446258575,0.19913229437878743,-3.4312101056699804,-0.114984173956858,2.5305246891202735,-1.8753767088208608,0
5.350922854766147,-4.369653106759345,0.41343696346078196,-1.9313519303931974,-0.8946178314959166,-2.581336423216611,-5.94533979190601,-4.2115237130422845,0.2930588277250302,-0.4450160467682247,0
-1.3185201634393102,-1.6486576841776215,-1.2887985140710847,0.2809925079980615,-1.35272702100334,1.941413487837046,0.5702576152074126,0.9966222259613885,1.3984964328033258,3.100368689556962,1
1.3040076643457896,-0.08867942773101278,0.017657445179986058,2.007261700683791,2.5220627448123345,1.627930354675348,1.2793047760245695,1.4328173084581957,-0.8160091652080175,-1.5808163826667883,0
-3.7464240112505496,2.7183918531801665,0.11403388844441066,-1.5292728128753834,0.79526991108081,1.500986275199766,2.2762543249373888,0.1996820257927736,1.4240890967804762,1.6676554600234292,1
0.945308123258487,0.6937313106728835,-1.6533174780814952,-2.459249698903045,-0.49320247067118284,-2.26046847845753,-3.0462981126434676,-0.7827054260659119,-1.257737983397527,-1.7483803278079124,0
3.4050698273470585,-1.938578295357291,1.9723817161434951,-2.1104383247219856,1.8983131622708804,0.6431670185889257,-4.447248432956886,1.3750502139701564,0.5822751097257017,-1.7383826207280624,0
5.154258022902233,-2.813092959212283,0.14860109293705115,-0.5666044841377623,-0.15935605120103613,-2.5696382664486483,-4.654991107781734,-4.10505882775054,-0.41596898981793645,-2.2868055485592773,0
-1.6530145944312613,-0.7352946875703705,0.22618965994562834,-1.6511586834607928,-3.069921819133398,1.594342681990981,-2.7158373154604885,0.6555356396301795,-0.8462108184543038,1.6336503195380303,1
-1.4130942546971057,-0.7404914654602238,0.5765099527560802,-3.2426296608610956,1.344824822169136,5.03475207608102,-2.5862025386947263,2.947263569049279,0.1484419788441095,2.0348081277657557,0
-3.315457455094881,2.2898256250200393,0.4498181562319131,-1.7237492402565096,1.1188460671320293,0.6271938357904108,2.7717481481994075,-2.2031420053791515,0.7419197397053606,2.526216688526719,1
-2.8496314782027214,2.2003570022197323,-0.697631905399534,-1.3992408895236765,2.1117070374960436,2.5410191947835674,2.0123591836010486,-0.05216675866841558,-0.05289232502541122,1.3862926934123492,1
-2.6440363571868755,2.0690439772199687,1.3633229841164147,-0.7922700771682845,1.4059837123959378,2.2462600847530636,1.7378567071300293,1.5498216748250435,-0.611776260334169,0.7083779296833124,1
0.8557429450507592,-3.810674175670786,0.22159370937478226,-2.0655171888954857,-2.3080882816864348,1.9444413306208517,-4.28462079278986,-1.177400096055039,0.8142308098753773,3.0200589009776397,1
3.6961720172609236,-2.7078620866338157,0.20116639256583332,-1.1674553902380762,-2.3510290924037887,-1.4275951485076008,-6.166246203618136,-1.741690176716272,0.24179550101917074,-2.0043076981631742,0
1.1840962349878361,-1.2134632598636461,-1.1608371733509981,0.06821626708290562,-3.402185349722947,-0.9018655444374127,-3.4953659858057704,-3.3349946805043347,1.018075148525606,-0.8830505621564024,0
1.036096066564658,-0.8980652517702837,-0.15084244156657395,-1.4727853597971456,0.5898500296826449,3.087687569696548,-3.8469737841790965,0.9305263334056589,-0.05101156810368099,-1.0979036307332624,0
-2.0844783186625806,1.4863236831439333,-3.22116749784043,-1.4773261903229602,0.7109473194623551,0.43567738482565743,1.39823454241679,-2.393282957565738,0.19994851812504208,1.6932588331898093,1
-1.6984144428220367,1.1823039559927457,0.5022035512080119,-1.383635861957637,3.5693312067640925,0.22185631575352205,4.0746000506951345,-2.6398371577073716,0.7523933811268934,3.127122738405096,1
-1.2537639892185102,0.24569043205169216,-0.178689398791998,-1.7520884833706534,-1.000396540157029,0.8013081358298021,-1.5686564441667405,2.4921346040433345,-0.6180605125869435,0.5238198100485331,1
3.4334270117676398,-1.0673692532107957,0.009701291631568444,-2.462306445708109,0.07680772996568463,-2.4476089577482765,-4.861648447149882,-2.5709362004604923,-0.19783189111047741,-2.315672119623902,0
-2.0650374929215083,1.2185437841854916,1.308549718179179,-0.5299960713996036,4.786581374520557,0.23541281279613058,6.621114181976045,-3.3614106106102195,-0.7921530063728321,4.334298377473152,1
3.675119047197961,-0.8018150852742024,-0.23634162312103854,-0.42697803237090626,3.1248047484234496,-0.9877507011627893,-1.5881887911850538,-0.7671416185900259,0.18631993582022166,-2.4915580196006504,0
7.998430832352925,-3.900619750221126,-0.9437910910215415,-0.204739104094934,0.7798763648996405,-2.110516042272986,-7.201462004761358,-5.021153499832144,-0.3491426171312394,-4.6726861914961475,0
3.501711198035262,-1.3476294874758037,-0.34124831932876215,-1.1737498197195555,3.7681374274390897,-0.15587135328994295,-1.681773029583939,0.6641334354647344,0.26163599856748904,-1.5152801184664166,0
-0.8596914671893288,0.44825921053981044,0.8569853478339888,-0.21328883090036332,1.062166911061488,1.2509797622641796,1.1755078660467342,-2.1958404327140384,0.6991365945669791,1.1388990071992526,1
3.6190398330652034,-3.0565956071587737,0.6846826876063495,0.07552823770000017,-0.3087731609409976,0.2632697683974039,-3.834541092785715,-1.0644528711135024,-1.074913294339058,-1.0816143302774075,0
6.29732538532519,-5.447702852914809,0.8107801442882526,-1.6522410417014177,-1.5645716706687995,-0.5171013170424845,-8.77935406494275,0.8731814227750344,-0.01190096979289329,-2.1878489289079783,0
1.3462815957376777,-1.0757263052060524,-0.0056584518627058955,0.2907570467368321,-3.299996274323214,-1.067653360547368,-3.47576174678603,-2.301013011044885,-0.6226149919058904,-1.4256234473155733,0
1.2692952963884576,0.5744719792539468,0.7593408302467045,-1.1706927788471022,5.012045768561835,1.2546143895652702,0.6404592970968168,2.4151871848951876,-0.12048789863568203,-1.1031372894738332,0
6.013144404643555,-4.215852191637972,0.19278400358849523,-0.952918251123644,2.4451078758947293,2.270144530433333,-5.9448345424382705,-5.426247972541457,-1.82415816539896,-1.6122854675196288,1
-0.06586318725558644,0.6640290592102049,-0.16633302823215815,0.36858752078776535,3.313171245863851,2.1456371930566522,1.907729064148375,-0.3857651974020171,0.6966765747648956,0.047324343886934406,0
3.648105757255504,-3.5732304778226,0.18976625979916914,-3.112944933284929,1.0620472926428852,-0.18783593838158374,-4.9806776169216445,1.176050164452021,-0.7172408266319501,0.38156912075060867,1
-0.05709779111081438,-0.02184991148022175,-0.2748963788021193,-0.18792635695623905,0.9626676216034971,2.6744207909374884,-0.8160684412950876,-1.0179293723611769,-1.109336332221177,-0.1534074516678634,1
-0.2708197383733945,-2.009188326572361,2.3626582620368777,-2.6561778736092654,-2.893039474316536,2.293004627798151,-5.251548127546037,1.569309551883302,-0.02457886877587188,1.1783443644649445,1
-4.8680314507973925,2.9403287118492227,0.34066141997914656,-1.5017604269744245,-1.0141566115423588,-1.6977353710300638,4.526788272325422,-5.544976224363733,-0.0716741579140786,4.239686707730588,1
2.2675571136137305,-2.1016916491392874,-0.026380711875300805,-1.4413880268045711,0.6909696686976803,-0.5923229793943166,-2.356523655428443,0.4655527631687262,1.2664179058375522,0.24707141196050908,1
-3.491022192469564,2.610238137426289,-1.9132721095935363,-2.371949565348828,-0.9882702202257843,1.4036172044773114,-0.43295647855646235,-0.9297532163874636,0.33642116296989427,0.787380471256982,1
-1.8281263059481574,0.20083901516503677,-0.07173955755951213,-3.689338671779628,-3.4282013611169413,1.8341511186002866,-5.507451861002708,2.027356150285505,0.4604665044811779,0.09623277464113977,1
2.197109272630313,-1.9392065523698192,-0.1300588525263863,-0.6861668819483714,0.8074124701405703,2.430692265810899,-3.6683287753421037,2.5631054802892446,0.8319088999891613,-1.293918770749011,0
-2.621077379772906,-0.7965063760706597,-2.673318957826405,-0.4620616057265563,-2.5836069150643723,3.052021857495382,-0.6693030501194899,1.3780184879524853,0.29088894197078796,2.80673373984876,1
3.362402737781205,-2.3115062575773395,-0.5395682349507531,-2.7277586781406296,-1.8271825474936763,-1.937012874257539,-6.4689157280768805,-2.1487610630694216,-0.4918000113806116,-1.4749454500996406,0
-2.0396578587639485,1.2944885162052313,1.939449217220537,-2.0392618069426747,-1.6893515804757893,1.1671097011985967,-2.10159952872963,0.4809579498490695,-0.0685971962344092,0.0023099354201159272,1
-2.1840309512580096,-0.11361748028705954,0.09745108408134207,-0.8441373208393315,-2.2654226272566227,1.7774297176043583,-1.0648199132842915,3.244694102874349,0.2118746404544298,1.3870975009298048,1
1.7806288095949974,-2.0244216029088857,0.10538486060849363,-1.2032011619843284,0.7360408166385974,2.215837580079927,-3.376206610693098,2.2195222696824444,-0.7164398958102821,-0.3707450659579117,0
0.9646444365230639,-2.9410238960491784,1.080855249860043,-1.9577135681983275,-1.2013037646701887,1.6982563826316708,-3.758799942674758,0.7407194257227412,0.1463806397295397,1.831102362966259,1
-3.6233107248719905,2.791452055867519,-0.32460454907437575,-2.366160648342441,0.4342718555353897,0.8849054023990084,1.3724972726134583,-0.4825611169828825,0.025606155127994117,1.5559787214900493,1
0.48993312934908073,-0.5407465263739513,0.604905223155877,-1.2682234857114476,1.102676405908798,2.9325453391363583,-2.443805043329574,0.6946938053662974,0.2554028999455957,-0.4428352692408548,0
3.67973142593135,-4.136916788387955,0.979465191023909,-1.2764632897316746,0.8373608329634616,-1.136262185589381,-2.5901253673092186,1.1745188106793314,0.8240282844308259,1.3114239715081617,1
-1.3798628956466599,2.1214162944717256,-0.3649543042166179,-4.339771768814771,-1.6774684722507176,-0.4816268368393717,-4.730230280004393,2.2633716201861636,0.2111814224374303,-1.8826249012320142,0
-0.35346053488768975,-0.744877367622305,-1.0956490489243764,-1.20066886746139,-0.5636190849649808,0.8654373496843035,-1.213231009373416,-0.3821210358841405,0.6802798027944731,1.2643582799935913,1
1.0299330098963648,-0.5716283398188303,0.20888811631055626,-0.6394422322355041,-2.979970663559566,-1.802574452237774,-3.419984430864213,-1.5673597513936703,-0.893406585093258,-1.3412078334459012,0
-1.0712368145091333,0.8462231719917774,0.022491238186848315,-1.5825816126015195,2.3147506495070873,1.6641598353295313,0.941449606317831,-2.04912075357973,1.6413124465812796,1.41591144843099,1
0.31053759651335566,-1.3559974350201989,0.7254482770867019,-1.9474943546198906,-1.5228840594662891,0.7147672832163307,-3.2855202898130047,-1.469053425101864,-0.4031120994017806,0.9454057132299577,1
-0.30829769913865424,0.14971026120497166,0.6506456283671386,-0.969036265533647,1.7203990278974224,2.0144830099690196,-0.017316660775451857,-2.0383096630446933,1.2611062789445118,0.8166971274443103,1
1.4874666903934972,-1.8933995821588294,-0.9308282094389763,-3.831726076622045,-1.982615887986442,-0.1796371199903306,-6.372447558301571,-0.37008085188518236,0.4601201871158502,-0.06423178147906738,0
-3.6550244827007785,2.516857046273227,-0.05537432420377761,-0.962891492366474,-0.3325820414268512,1.1032493597277497,1.917958438078086,0.44217560919173793,-1.024230887234727,1.3232329734551853,1
-2.6285146604841043,-0.9261748950201907,-0.6621461519194501,-0.7023252453794618,-2.909268277308106,3.4444895410284255,-1.3849160364539794,1.4900504494125941,-1.432838696151378,2.711616387034938,1
-0.14464383026235855,0.4085973290786029,-0.20837089335238754,-1.831707831185183,0.9238649695924892,3.075701657755277,-2.7386362740801204,-1.405102759559408,-0.512883569561788,-0.6776229641232119,1
0.22208547043716834,-0.8794530137479006,0.45873644792146917,-0.849325841876347,0.9077389762977651,3.8256665447459337,-2.3574768562879775,2.662050700590167,-0.05401874296848923,-0.2518163948124781,0
-0.12912716465379484,0.35555295945825716,1.3271931036461422,-2.831269359994408,1.7633791046885978,1.8704101798642476,-1.8837859187348371,-3.5837314156117093,-0.5575230612432738,0.6546584220722579,0
-4.709281091158809,3.2162078873212705,0.5143164345328268,-0.8802389855647211,1.172163683961501,2.212906446396645,3.879348157988798,0.5417021467858336,-0.7713840314141572,2.267330576414512,1
-3.690832910976626,2.353956103653223,0.45872354241062957,0.3917711147054945,2.4587135058974185,0.8532925069505409,6.163589037231867,1.529744166222525,1.44811766104496,2.889568194467098,1
-4.644235502063971,1.8557565998256886,1.008448757990754,-2.1073637130133873,-3.8979507839231733,3.312761527948555,-2.299415267131717,1.6832255564473992,0.745460444399958,1.1867843891466856,1
4.141438710742595,-1.416775350145828,0.12275782140935802,-0.629910804941677,2.0945349033471743,0.34747107437716873,-4.158505894245045,1.9444081249452396,-0.5669498832104164,-3.7029879835363015,0
0.596201302754875,-3.040369855294829,-0.7124304044342532,-3.1810339548087176,-3.3108449469173737,2.331689559131333,-6.8569395191323075,2.0929532382087825,0.43023379769841974,1.1257781060221752,1
2.723686999322505,-3.088503491750286,0.010243322926252747,-0.8900498364033372,1.0654791805057227,-1.0668831164600863,-1.212264836939904,0.10099357488762317,-2.757325750269733,1.4410345570632694,1
-3.5364727380334187,-0.3318092729057083,-2.020851990845319,-0.7771232120074405,-3.3180237691389456,3.777207442317322,-1.2097934491123423,3.3054799971381232,-2.6044599784501172,2.6139234133214018,1
0.5088142513868985,-1.3529270733804888,0.0132091450647669,-2.507043848839964,1.788754333114251,4.043271754518887,-3.4322438161029662,4.903992631686631,0.017829860006256772,0.1476023271541247,0
-2.687513479119619,1.4656534405247938,-0.5520690810595466,0.3679286935277577,1.7201860873901285,1.0587458462603105,4.524422350924287,-1.3909214529883596,1.152473483927079,2.6993489834043594,1
-1.5898561433781333,0.8734727626267722,1.7177800661919977,-0.4694941349170485,1.615359387837102,1.4222624321811663,2.167933562786085,-1.7397062614412797,-1.0878491159442885,1.8035442516837206,1
3.1521256689372543,-0.845620206102827,-0.27557078359166426,1.4287333415312191,2.227044164603738,1.0511293516300997,-1.5422352014017195,2.8849410958941792,1.743439820030832,-3.485319251680399,0
0.9769931730129676,-0.031771539290109674,0.052994308185627045,0.5863549481737791,-3.6556114311502372,-0.6388629562276085,-3.969291462363088,-1.7742195823218412,-0.9074998605387576,-2.9014527898954574,0
-1.5913325921371275,0.1906042945136308,2.068547583922264,-3.6567598207432286,-2.234081987125816,-1.1913074201831275,-2.512734465977807,-0.18466265517864855,-0.21079131758480815,1.7761559741608495,0
1.1509242782901474,-2.673484100295505,-1.2006428573958614,-3.092859744131987,-1.9321000134511324,0.9907168228625763,-5.655786243151498,3.128307126723242,1.1244174681466639,0.6819884164855979,1
-3.5738573442609445,2.3932748810353806,-1.8810370478674856,-1.4345848379971793,0.5878916543327195,-0.23478119094183758,3.387549161015238,-1.9987694568963867,0.24944153005985417,2.7578771179770296,1
3.889710793524801,-1.0954697596831773,-0.4627206874110779,2.0235214529789545,2.4077039496286825,-0.2565320616745119,-0.7695406995007461,0.8458351576655688,0.8511083722929216,-3.421361274297425,0
-0.35766052105715607,0.4759203933173002,2.170254862976325,-1.5805176270301213,3.2491816656433397,2.480360796535359,0.47238997439026226,-1.6980244103842952,-0.1809742644981515,0.9902566120716175,1
-3.1387377091033724,2.2682720735119877,1.1499371558400613,-1.937296426225723,3.0492227244279873,1.2088944801269372,3.849651616247426,-2.2289051038186996,0.6144905511305414,3.0797868340247248,1
-0.34136165582198186,-0.8235094809099156,0.1480211853186947,-1.6361037016802977,-0.9790927092641983,0.7631500625097652,-1.889204118933144,-0.9294912535054247,0.9792626280144526,1.3074091503391907,1
1.9677677993953717,-0.5249661527728974,0.7647320210107528,-2.1222428563396747,1.2269065513621151,-2.358192797018918,-1.759057750315616,-0.5294081139565012,0.02047517032849929,-0.6240582139696711,1
-1.675513741150372,-0.3707472626863326,-0.4263834070495703,-0.6228712691318409,-1.5322250776672257,1.318766820228722,-0.3923222388127073,2.5909848923726257,-1.0307026508566344,1.6086500344398393,1
-3.3870650880312474,1.1730487561824727,-0.8633680218980636,-1.1879941681346406,-2.4471902704461272,1.9958591330229134,-0.6579174125862066,2.452898409161111,-1.8800849902474868,1.2772123875715327,1
2.359296617283371,0.28306043381678925,-0.5865312904342913,-0.821266034510838,2.486616465882703,0.4701900306139579,-2.313763485525332,0.19629985522689952,1.3174011696573185,-3.0622400083239407,0
1.9325801316915179,-0.6873782224964763,-0.19543918906152408,0.34517068220246383,2.567559882113617,2.286703391688227,-1.2405935967309516,2.062134063171766,0.7899054969295414,-1.8534890068687475,0
2.0698311201549293,-0.6723873218507285,0.07018599977836278,-4.826477573743305,-0.7394367723935348,-1.2358105307898173,-6.981721541677106,-0.503306244270096,0.49576351233819826,-1.7926138037759884,0
0.40789221720954766,-1.4702084298957998,0.42199208102511115,-2.973753454396563,-1.5813196140010752,0.9439138749870281,-4.67701828344726,1.0957832305948905,0.002043510228310226,0.5084102285121884,1
0.6823991151344768,-1.7066728195682435,-1.3450986154625424,-2.302624997162793,-1.9937198268465388,-0.42299525777020186,-3.81807445812936,0.8904190868074777,0.17200582720152116,0.703249341203561,0
2.239471731246323,-2.2168712518376417,-0.015677959380999227,-3.421516993959865,-0.009038115192582019,0.2504801895227524,-5.495760168631654,3.386640797716004,0.6102840858930481,-0.531554397203573,1
2.156689106148612,-3.4564209546787112,0.18928511812748675,-3.666505104718046,-1.3332078203429267,1.410271995668325,-6.953642685373433,4.259667290067912,-0.35642216780681196,0.3134450121423926,1
-2.698466458684485,2.1264869857002964,0.06499587359980638,-1.231325512904985,3.399537288104895,2.397486133161786,3.324527451630673,0.3718581011729405,1.3468860040284845,1.892410645632996,1
-4.790695826366499,2.9980039074273495,-1.0333232057501833,0.07889490858436643,0.5778697022945961,1.0188541387294756,5.235152266369642,0.23558843878414848,-1.6862737058408779,2.842802338048216,1
-1.8732918133676417,1.8924480048304149,-1.0819041571980519,-3.0977889964333536,2.068003576304367,2.4089345003158424,-0.74852219525339,-0.3336468323146107,-0.8783397502678539,0.49268795979238633,1
-0.8694254323572909,1.9256256336620674,0.7827480712298537,1.0007792192291052,4.757923410392816,2.3519539765160182,4.031195842643372,2.0865036526730454,-0.10137731134975811,-0.41158525258846845,0
0.6966356595441576,0.025553939192383357,1.0708245171159447,-2.815992849417408,-0.5495371062475995,-2.8671920654482372,-2.241924206776831,-0.8313021771686254,-0.7296839491813547,-0.09629723449984029,0
-0.8946414363466314,-1.4858273222379486,-0.2739500165702044,-0.35008785388878483,-1.0554698757848349,2.035895419927811,-0.7477506992989603,4.6396459153912595,0.5616653288263578,1.7434044455861109,1
4.059616333989059,-2.7796608072218536,1.183002989767936,-3.1745070751031736,-1.2080306411506476,-0.9150430520564611,-7.657680664735778,-2.619664215135148,-1.2050735614026502,-1.7949963982859536,0
3.512470923990349,-3.077590911382201,-0.4574906044953215,-2.0632760614889896,0.13099111806150487,2.5928866803819526,-7.041964630333748,3.824149357645471,-0.8831624100244786,-2.133111891695096,0
3.0276012530256913,-1.5428219659978426,-0.6017875088606148,0.1758501549355609,2.4118414571096616,-0.09337535986422285,-0.89206159803749,-0.9102555142151338,-0.19969908193814329,-1.007416588566751,0
1.5408048034624398,-1.1380301201716203,-1.7108690050866195,-2.4777825440893873,-0.07269202663063346,-1.0775027669476889,-3.209982966492332,-0.26649754030863404,0.13360044235454838,-0.13115916679182127,1
1.7831759469230917,-1.2692692353664592,1.168365275711301,-1.730118227198286,1.873783153351067,1.2869779306728255,-2.46138046212799,0.10222925148582696,-1.3153260850518884,-0.2609189343344305,0
0.7387722075317228,-4.303910018882514,-0.8332906304667806,-2.3466221634276314,-2.7321762985340765,3.4251393284790397,-5.602117192919498,1.0965554043887378,-1.0580465016775875,2.881398116194541,1
1.5970580309766207,-0.6408243665562632,-0.21662164208216775,-1.6125287884772885,1.7574898729393322,1.752884268914814,-2.931422184817496,0.7801289662531716,-0.08348174807542144,-1.284904310781805,0
3.4463128203481284,-0.6954496560437947,0.29335964256383473,-2.3469538722728736,2.140268805592009,0.12034908548900924,-4.968804561367757,2.2001732409134087,-0.36028660580933214,-3.547048146007369,0
5.810846313010118,-2.693595033022638,-0.6546629736705405,-3.631980500899806,1.8333778299025223,-3.2361971254030673,-6.160716587831748,-3.433870327960627,-1.0520081577890477,-2.169977997411634,0
2.537742479932286,-0.9578217845146715,1.2208583206477435,-2.0346932216716453,2.0959362864316473,2.028374943805061,-4.617967940346522,4.572130642931041,1.33487442272127,-2.797484901822015,0
0.5831698588925606,-1.7453935977151904,1.5788705073358906,-2.090481258389242,-1.2653883896282778,0.8530453597474901,-3.6536352575337676,2.1482884078533857,0.7048100172682836,0.6249205172888708,1
-1.7108702481836717,-1.5690525561907311,-1.1775460621333078,-0.8076638113753417,-2.9950144236672074,2.2563501919084725,-1.6851619533268736,0.44178401555563784,0.7066685468910033,2.8067978245045673,1
1.3793695661760048,-2.3816343243137204,-0.49092533006785505,-0.8806377826168403,-0.2756193338190005,-0.5830982639647999,-1.412621117668893,2.1306082067637924,2.0205701568219876,1.2905275658051454,1
-0.2633570757157653,-0.14204018670332497,-0.19339580116069902,-0.5755516530169235,-0.5894534498082034,1.1188389825278353,-1.1105483434358374,-3.9069652011074947,1.036399689041087,0.6099055259368954,1
3.043839108681444,-0.5354002014826258,1.3424738519339037,-0.7272107849921466,-0.28407335505242237,-3.255169760931804,-2.863408768321366,-2.269165829905713,0.5569226352009466,-2.5832719630993592,0
-0.1465238046878283,-0.1785044006224623,-0.5279286031043562,-4.106389479623188,-2.1479845956061867,0.6325846657880431,-5.7998720101827645,-2.6983155651779045,0.0033424528885718555,-0.11340302065743346,1
-0.3142187510716324,-3.140972786210628,-0.04855221869102847,-1.4270398705279053,-2.470709119273408,2.445117189062637,-3.124646891973403,2.880516426672904,-1.0008711524087812,2.879564575575033,1
5.824946795614662,-2.5476994069655423,0.3539410658098197,-1.4672328509447539,0.3922418056327972,-2.3184124951268332,-6.469619661738841,-0.9899835449591314,0.5207513556033754,-4.018179883601983,0
3.3415417585358482,-2.8593130080000897,0.4696844810908235,-0.9487530903752035,0.10972049594260969,1.793815394813027,-5.305629853925848,2.446348216555006,0.7984514218594542,-1.7775334876730808,0
-2.715944919154343,1.6357698680329595,-1.54075322526698,-0.5686855427173368,0.3675027839183842,1.761029459601033,1.856101249017725,-2.175249807607391,-2.0291856194400273,1.724815109986997,1
1.8352198997379348,-0.55270067319787,0.4670593545708863,-0.9834669486200762,-2.8429430745032804,-1.673714241285871,-4.888071527273955,-1.705390926230859,-0.7922234617203057,-2.5818126915171247,0
3.2901809512382854,-1.2481325361039934,0.8521340231464815,0.058264507425396905,1.461498404007896,1.6634134984429054,-3.923549929256417,3.031839501224091,0.8850433969165468,-3.6233911920761184,0
1.5598397766753753,-0.971745360510851,-0.494350119949439,-1.7134332944638946,1.8052804887808127,1.6707706436482286,-2.696841514091438,1.315202223452686,-0.3054412138436379,-0.7372771338461559,0
3.1296077550103467,-1.7425134339035848,0.4397051340544035,-3.172799215073521,-0.8117505637008103,-1.075799074488212,-6.457729899893584,-2.000481867521533,-1.6739959873620514,-1.7704722598376468,0
5.357217310809272,-3.744562684727173,0.7484910077952158,-0.8977452208970508,1.6536397150866433,2.672248599976772,-6.270166173905198,-5.187384989927267,-1.136751079060671,-1.8932399142389449,1
-1.4777504330773625,2.4466360321226173,-0.561494258229149,0.40375352348158566,5.477589076044904,2.333934806325039,4.821944794583556,1.5672651130385686,0.14071679870155704,0.2424786756192141,0
2.371294326527536,-2.333685867133024,0.17346566566864968,-2.6593441033589666,0.07124658013322627,2.1746994084009588,-5.913156774378376,0.42547316441402216,-0.8826319163179022,-0.7706379197984355,0
0.46264721017828186,-0.33247507705018564,-1.0869453243167277,-1.3388996499508885,0.6255858718847774,1.6230893946784442,-1.9066030580864695,-3.921890650017867,1.3213711056665753,0.24756941470939964,1
-2.5711408376967984,-1.623758828561772,0.4139051242353922,-1.1387955340640776,-4.013005393365486,3.8367775098314634,-2.7489036268299265,0.9363648391162273,-0.3235415400584148,3.118749458625888,1
1.4418097199667446,-0.1952102951468302,-1.854136477154648,-5.483920847767594,-1.4813614870630982,-0.9571256157078001,-7.90261569129764,0.1381577794713693,0.6616537667157233,-2.0771433994652284,0
2.261754596592819,-1.043254601094751,0.7442198455991583,0.46511023505094884,-1.3740562250356074,-1.951671294700738,-2.323018263353626,-0.696970651182973,-0.7349522727717606,-1.90170320860637,0
-3.9791096692091994,2.563504597484168,0.6185484915857556,-0.7624183800538161,0.6817212901620997,1.0276761336404934,3.697347364035048,-0.954328420381113,0.29892748304189537,2.5254425853293343,1
0.9445307700237984,-0.3473941437751997,0.9994640847007261,-1.0255282611464667,2.14286764162642,1.432158292599997,-0.9173281622091666,-0.6629773077923917,1.519665439205211,-0.19730699777112237,0
3.9509001814552938,-3.334828836964583,1.804004098588861,-2.9954510953748974,-0.21595781099215094,1.2593935118632593,-7.6653012639024976,0.8810293017388038,-1.7735734422131775,-1.598706264126473,0
4.098239000616256,-1.0941340712230023,-0.7839853232605749,-1.4221166685800704,0.3702729415646371,-3.4930045988541987,-3.890394511242611,-2.780219391503931,0.9645415731366714,-2.842991347966379,0
-0.2846588016074122,0.47011349246629686,0.46315296353797064,-0.49616511795603424,3.2413768663435865,2.013868864033304,1.5257665272493908,0.38826050253831945,0.2427577358937702,0.6373212864531701,0
2.576417767468033,-0.569887508986279,-0.655514639147548,0.1792594653693933,-0.3087306305649089,-1.9918021008165234,-2.350996582361968,0.5370176646075873,-0.3678109583696349,-2.7594499891448923,0
3.72483464855957,-1.8371945378893746,0.2854942032863437,-0.8467657620550022,2.2670799537991404,1.250488440997348,-3.9396564047693734,2.565703518780638,-1.0649940973212704,-2.7048338211122926,0
0.3448824169988463,0.7004154635622197,-0.05463795368621049,0.29213043333395294,-1.967478773608852,-0.82434744452066,-1.9673002511825954,-1.7293749098413231,-0.046383478771300765,-2.0931991721171705,0
0.7931354643058817,-0.8368294523990221,1.1520223028453769,-0.010576906793175134,1.1219354590334785,1.5243628869890602,-0.34992128499699904,-3.339557406696846,-0.5278148097979576,0.616539195707076,1
1.1572561023119468,-0.5973383619661563,-0.35817909678182586,-1.9177106357600477,3.012101700819445,2.117531124282008,-1.3166832237835668,-3.3419523372750612,0.8841774613893058,0.546689954039542,1
1.0113522594941162,-0.2965427371907403,0.5016044883213614,-3.1732038847307544,-1.5266974173023455,-1.0701760017183253,-5.111889724663245,1.1263856615564913,2.445938930674125,-1.527050040142598,0
2.9416909305023213,-1.794373854360117,1.1020829352359323,-2.0615095196295012,0.41915029709359564,2.1289998093751477,-6.325820710071318,2.7291151408753507,1.4488603763144885,-2.73319094607165,0
-0.939862153072012,0.8908271519912249,1.7755880330139702,-2.5548512834865935,0.5197310118284585,1.2259680198998413,-1.6455698840395752,-2.2324849705893515,0.6618855234040338,0.4654084762087336,1
3.878875244406105,-3.5464445477412623,0.5207592263469469,-3.0929051917201464,0.6141709120110068,-0.47589144866145894,-5.566710956209187,1.0438123574509803,-1.8976953602849258,-0.13426388091518948,1
2.1114517789172695,-4.184661805048121,0.8892598914444626,-0.5734368785853923,-0.13486034948601633,0.8145966639241472,-1.7708259458522397,0.4187120609428032,-1.744257680688982,2.76580722840393,1
1.2878034837779624,-0.4614662180497391,-0.08406462726929725,-2.8073778360870554,1.7779450697975825,2.212673921362558,-3.8231458541778593,-1.3350312344715922,-1.5026119641246127,-0.8057812986669759,0
2.1650521236636973,-1.7944001052371104,0.236156406987923,-0.24307270186655128,-2.2459752446147947,-1.3661140759152153,-3.6340468475143073,-0.2961521968621006,1.1284888883891497,-1.252900728281747,0
-5.577088029449342,4.083551261555316,-1.2262050756537455,-2.0806557756498902,-1.6956062883934986,2.1260230307271524,0.7366788003821978,0.8957137129616193,-0.8200019644956554,0.8785380747358286,1
-1.9196613983161122,-0.3277199796650878,1.9878209114670056,-3.8198274487960475,-3.7649386263696063,3.286915394953163,-6.3297379688385185,0.17873119104244428,-0.6113939305158616,0.6838937243185278,1
0.6206509655788178,-1.1854789938968326,-0.6827956085012468,-1.4670737500196598,-2.8010394039726476,-0.5936968510696513,-3.7992995575345043,-1.6850998005203732,1.1186035774008911,-7.08472087640466e-06,0
1.307394399237414,-1.9146314016305002,-0.10673920855531842,-2.8947413125401127,-1.7565889439433524,-1.3829201367591188,-4.1943412259981026,-0.7136705670547964,0.9044706629573361,0.7927665958486769,0
0.5847323763226017,-1.8822475599375719,1.9249790305605117,-1.6121144002600554,-0.1190992613346955,0.8563622506312297,-1.9424650135771633,1.2175244874326303,0.30008045551991636,1.541391053432592,1
2.106043266518601,-1.3716653936313947,0.16531139632722117,2.246830656437641,-3.7206873291932867,-1.0046582214152227,-3.0625785249556934,-2.647742262878544,0.005087358115233961,-2.480854383658023,0
-0.5683974281156644,0.07932134209130037,-1.2494948864262096,-0.6353511972817468,0.5468326972243689,1.5232831057499188,-0.009384922020193524,-3.656229012749734,0.35944324358372826,1.1526310338491557,1
-2.2436296850158794,-0.6816912144542938,0.45581481251824585,-0.6725816775841775,-1.998665925496769,2.9475006950491514,-0.9332166425088703,2.649881569993995,-0.5947114867543952,2.172727446446637,1
0.4743056330013435,1.0600985931794211,-1.490226175660209,-1.5166213694861868,3.757334813797852,3.5478290563166572,-1.7627872275264356,5.843908603746558,-1.3237349706489725,-2.583400965553056,0
1.4617603212898795,-0.876934365726536,-0.16647442215772632,-1.2228452207345684,2.4445702941703455,1.901075700660467,-1.4137907980031565,-2.771928266441396,1.114791504961478,0.1465741095739359,1
-0.8647080139601209,1.6539128445326328,0.20992157221867755,-2.086503820735632,-1.2151877359262324,-1.9765411075874726,-1.6275359694102658,1.145109249256726,0.14019557372691713,-1.1714890698596783,0
-1.0530356736406385,1.2553279146305585,0.4104222749050681,-2.616675577892898,1.1123062849043412,2.346223718118929,-2.0301661625645138,-0.4142127267125073,0.6583319793234645,-0.305477273381082,1
-2.4915775962218123,1.9423522748013111,1.0866698988430352,-1.8263499759250028,-1.1540562592786523,0.8413038353430166,-0.9878944192969641,1.9455089938604853,0.057329747937781554,-0.14806522833531677,1
3.2162667653844252,-1.9472572881796897,0.9360643915869674,-3.211024994414915,-1.3322372658314339,-1.9760702425611951,-6.260597542911387,-4.395496756906168,0.09912503326929001,-1.1473329653666884,1
3.0162140787709872,-4.2245649255610545,-0.4071314991210554,-3.2158773996100987,-0.4762408347058975,0.9885041443589111,-5.8152986643963684,-1.9741954798249033,-0.11078105173537243,1.7102723934116852,1
-1.4229808120593597,0.21418807471254708,1.6460188393686188,-2.497904003220473,1.969047410890111,4.282740653434301,-1.2205546937520764,0.6485074504387413,-0.07459358515516813,1.4754787919296732,0
5.860307095952828,-3.9789471866688473,0.4896939541937503,0.6892758298867077,0.2497011080837268,-2.3743996420966815,-3.620337107600097,-3.1057515857556712,-0.3052627468312322,-1.6973550949775922,0
-5.342565079638174,3.6834473389744646,-0.6554927127836386,-1.4066392724784058,0.36900345543505075,1.0086387895792852,4.1131413426390475,-0.4424635658460172,-0.09371867695910273,2.7555730249979913,1
2.508964830474455,-1.8820883425244475,0.39497136157639967,-0.48830018620787574,3.0424184583205776,1.2822602274101964,-0.5897737443565814,-4.147123488433278,-1.2746037729916941,0.7467079522607489,1
1.4677478820456855,-0.9214606342467424,0.21981285306286258,-2.0450718638388405,1.399750725838009,2.215600562053119,-3.3221386692398016,-3.7761477449515053,0.9470577416583126,-0.2252358388393001,1
-1.8971602789511994,1.232536602224715,-0.11160030732949783,-4.487255309228841,-3.5451206325725355,1.4523078473320399,-6.677816529781532,2.5803462246144795,0.7445124974025028,-1.361861232478439,0
4.112334385831415,-1.4563231602089841,0.5231727649891493,0.015260328854221239,3.65080716102175,-1.1315605453416184,-0.9299354840362636,1.0153194056639085,0.750512419611869,-2.164466990321282,0
-0.22995542814334463,-0.47114798544127146,-0.7827264930341773,-2.1530964271955,-1.383176185441291,0.34847073912003124,-3.056650549949729,1.8670422934028725,-0.7931641335333789,0.10296270242570804,1
0.37109822520343505,0.7588261502852065,-0.9786374886096714,1.1056761199646803,4.844477969116021,1.2597824633912729,3.8944845796136307,0.7382101358760353,0.23938089074283816,0.07476632551791962,0
3.464507761371342,-1.5446634204875305,-0.05792120316351218,-3.5532675850546434,2.5810295686676614,0.21308790255820553,-5.1489539723286235,1.3832528890313474,-0.29521638782423004,-1.8517647032491704,0
3.3616935218234447,-3.115458710150273,-0.8247039091345449,-1.7957751489193392,1.2369980223590062,0.6580913665658236,-3.971825689502186,0.5509612310912727,-0.11283198831147859,-0.06943754793797496,0
-0.2301168168497985,0.42064614312773063,0.9311467005755696,-1.8685729539574008,2.125624672027351,1.7764616460850529,-0.5431225223198753,-2.4730614995830225,0.6557996671877393,0.6911998866104846,1
2.4162970832825565,0.0421648808989874,0.5816127512590803,0.6300113488358057,5.295291889818758,-1.1497072239732113,2.9538243645163047,-0.3340572944384341,1.9679694467992683,-0.7719549987690375,0
6.292672991004018,-3.6336524201234917,0.27043687194890453,-1.6137682953013943,1.8020921490818784,-3.133985413618735,-4.594993113461378,-2.598221401093339,-0.6666036257891583,-1.790741202782363,0
2.3047418175177596,-2.232362341037827,1.0097147675438718,-2.35471247075393,-1.3519725919520873,-1.273583687196813,-4.6566846061007405,-0.7684021655199968,-1.0477629502589543,-0.15571122247117453,0
0.3320567280189969,1.83152101447293,-1.1957083472240397,-2.3630814308389487,-0.8412831309011816,-2.4089953970572022,-3.109743928632187,0.9597569591409645,-0.020912349557911533,-2.957599099860569,0
-1.7873737968160315,1.3114714726218466,-0.6596821959750356,-1.633786353433916,2.392752341729393,1.8345940570316912,1.6292614998523898,-1.9196561551229678,0.6510076509455287,1.7923640473805507,1
-1.419440397214699,-2.54035621088961,-0.458769484525782,-2.9460646480934862,-4.257064066685254,4.082024740166166,-6.059769771577358,2.513267726141863,-0.9756712179121364,2.363400434704719,1
-3.3168879649954843,3.2222301226113395,-0.5933141619367829,-1.7214988448768862,-4.543771699295713,0.9851577776951337,-3.8394568504661435,1.0849683398411663,1.251379902407576,-2.4832574197931643,0
4.358728814771221,-0.9011994259950071,-2.3186605964369806,0.2313051368603769,0.1250874161982285,-3.0224363215510515,-3.310782797113233,-4.640612053516911,0.03257987479398445,-3.6554211305224653,0
0.4184230678396737,-1.0106071329920245,-0.8884262990747994,-3.6149925838435677,-2.671809569397797,-0.08756961240023431,-5.975345314043722,1.2630603890772862,0.05304703161147295,-0.4023154626358283,0
-3.858129860086537,2.616323139628789,-0.7276225128500117,-1.2868707528929053,1.4585388682001668,0.9922760392820018,3.7942241039169935,-0.9792549601878301,-0.6213183752433622,2.699423320337756,1
-0.5977906281403196,-0.01276496182787934,0.15531033394785856,-2.2517853315532057,-3.3019075771804687,-0.847758497745179,-3.8849761174994932,0.2481177570373101,-0.4893911124239613,-0.3164611401472843,0
-3.230826258526599,2.4170956470326166,-0.23323847216851126,-1.4199271114919343,1.2430924983675928,1.3540249668867081,2.362906285146307,-0.24705479111701334,0.6167440233985058,1.6636317192792056,1
-2.2392308561840455,1.6646583853341108,-0.3700875828022541,-2.103227099908815,1.4489682470298684,0.29786029179495976,1.7991019789317875,-2.957294984768573,0.24800553832910704,2.22044530216072,1
2.2616726707032764,-0.5174098754715503,1.0808707780680333,-2.375046472583927,3.0099411227072204,0.48332779362671263,-2.6349770978676768,0.8884176882866585,-1.1998758126998477,-1.4098406671043024,0
-1.6645748982224562,1.156191018999949,-0.9061312333563724,-1.1481548206616257,-2.7654470120064545,3.415831617479172,-4.259640072383775,-0.0912554680416866,-1.0078685780354832,-1.692481799026393,1
-1.1648395673308862,0.7917812245730769,-0.7599945282347824,-1.4656403807303147,0.9345599399743884,0.8977646689806393,0.33096016134993844,-1.5393063564917802,1.1016746785499627,1.1238374682218162,1
5.481523668909289,-2.940309109801836,-1.7408596894949795,-0.6439802536958735,-0.7592672555555254,-2.6618964366769218,-5.603869913907957,-5.059183854978059,-0.30464321402114414,-2.7245442781425595,0
3.1060787389902575,-0.4556660320034356,-1.5740329630187886,1.1396968241831118,3.657406303021613,-0.34779543600678564,0.5062480400146934,0.4850217057742028,1.0995834452105484,-2.3829813919597873,0
-0.1785166895181656,0.11031628809348515,-0.21898674353356198,-1.2471597053210144,1.742916726443706,1.0765986571024588,0.23860453495113204,-2.67310457317528,-0.8323154695467397,1.136369619679231,1
-0.4681092116091512,0.3266838312517162,-0.5539483410620168,-1.386899537167252,0.8402742184994687,1.3761030747086296,-0.6871644890453774,-2.562686603087694,0.06877490662237085,0.6824319339527358,1
8.49746141287367,-5.907786453870649,-1.6585810306791373,-3.347076017539532,1.907717218013313,-2.8073571887098523,-8.058125858377702,-4.321408745898783,0.45954494190042305,-1.4285569299824246,0
0.9936373916998161,-0.9926592221279086,-0.13030062499669742,-4.688763128378527,-1.3174981363934535,-0.6352574067215555,-6.077765642174362,0.415157973787867,0.3789275656833261,-0.25006584486565675,0
-0.11532926629520153,0.48676601697631194,0.6867996204689136,-1.7835026871954045,3.525543452601413,2.8488735662706812,-0.10193177478217817,-0.9215961057732446,-0.7910132135916936,0.4865996177746448,1
0.650017577722314,-0.10339977335523232,0.972661304489664,-1.8472966442442051,0.30440314148674097,-0.7757775200490111,-1.8775444397192644,1.3483905519448698,1.3809530899180293,-0.540458094778125,1
-1.5702242444781926,1.2142623120375515,2.0217874907996496,-0.910889154705988,2.353652265699269,2.7634694277246146,1.2464385134485156,0.13697979787209125,0.8882547981923957,0.8697715229696455,1
-1.4360005912521299,-1.474788325682916,0.3095594847586634,-0.516953614134372,-2.090906871144572,2.681283669662048,-1.3163076779413883,1.0956409664678817,-1.9673063225225949,2.411341877031966,1
2.7086358640525656,-2.632310297862797,0.5105472158936674,-4.208158859864103,0.9126207039785984,2.120872185795746,-6.940359049739618,2.786867211125281,-1.8307727648836627,-0.6741482151478686,0
1.8216850598536487,-1.1223392650476027,0.5176841938880326,-1.1722034256040317,0.705542137362298,2.3359226308644,-3.7605006127534626,-2.6575200566879236,1.1777054781319163,-1.110958588951163,1
3.0233259086736894,-4.796451570881894,-0.47685770100133384,-1.32937167489111,0.23868057749010196,0.8455627476154386,-3.0518253571615825,-0.25321035950071824,-0.2890660650408617,2.605948510640545,1
-0.026825525324271363,-1.5127874694071943,-0.9120201788346913,-1.5546675597523814,-1.6660432315538476,1.3880161461291398,-3.1236326488835626,1.8318010301101944,0.14397862488053753,0.854364245633722,1
3.6182116733851197,-1.6167798680636989,0.9027619892851401,0.8152458161906067,-1.1016811171640999,-2.0063628659242645,-3.285540441436849,-1.8746734766995672,-1.4767810801431691,-2.838795008875077,0
0.7095115173204556,-2.5775297846775613,-0.6595830924082117,-4.291798889909194,-3.004404974088353,2.3222737756167926,-7.967230775141912,1.2179346108595495,0.3222133336277345,0.5989782529382212,1
0.5301167713983448,-0.5184035632629667,-0.9590446774119618,0.7625678898565886,1.5303773343456422,3.0372322892471937,-0.3815751359911006,1.9442302183727342,-0.7247923193638015,-0.692372007718335,0
-1.859204179439569,-1.1701671028691822,0.8536630070653789,-1.1043491370426703,-2.8165187972521566,2.6580921721337676,-2.207404324010726,2.5202166632469183,0.23748399180216492,2.053915564281162,1
-4.3032457030412905,2.1845059836419702,-0.37451149977495024,1.3592027232478654,-0.2053900637053585,1.0810104552304345,5.419607789667899,-0.44420160375412365,-0.274040249496892,2.9376698688321037,1
-0.5044609552058897,-0.2564680982970813,2.195847162088581,-1.8473419083593816,2.6672213209756004,3.3127507020601703,-0.3362848207533848,0.0793248971334437,0.9755994981928379,1.4995024831452395,0
1.2613741799929463,-2.1321649869296566,-0.5391590984956093,-3.151213691665777,-1.5718845468089548,1.095568896831393,-5.714231235287631,-0.08651090447253251,-1.490153446383707,0.3353212197894986,1
0.6478806820387472,-0.39005780515417987,-1.6642320566135629,-4.023751202446403,-1.8372161480255185,-1.512132140649572,-5.217551371952581,-0.27484938777190804,0.123378762453304,-0.524701446959948,0
-2.619126789074403,0.8896632647865523,0.19585400551782683,-3.658735857526489,-3.849276056654218,2.3106278948280563,-5.362790585792136,0.5803173136283468,-1.2692403163132961,0.1292634205676071,1
1.3953269797259553,-0.700749109355093,0.26148168673772076,-1.5919470956414636,0.7546751459340522,3.568430320524799,-4.593635314136361,-1.7418418371498336,0.58332430082867,-1.6220511765840921,1
1.9099693743591086,-0.7782320579373285,0.7178709744070252,-4.0235232004535,-1.414534800897124,-1.5856193496292528,-6.331609694217855,-1.198172540252793,-1.2732428725223714,-1.5350773511856004,0
-2.410177550938217,1.7406300217540212,0.43503945451193016,-1.8793164289585673,1.436603153337973,0.6775751251243987,1.9092333645319155,-2.3254256697189994,-1.236876237834054,2.116385915310009,1
-5.547064927020102,4.04023592297395,0.7781304493544576,-1.3460711227880187,2.1097582074264825,1.5861592942203835,5.516849270480236,0.67886423553814,0.7787702830260547,3.027589460362562,1
2.455751021634617,-1.6442744975255523,0.28242052056637684,-1.3062268857979804,1.760753447359103,2.062848780294826,-3.735191014803768,4.278174928585775,0.18545943811694546,-1.7824416382415722,0
-1.5682227148193109,1.0894166853093485,0.48634099766556027,-0.5257785091841907,1.060613215937613,2.262281813137538,0.7954880692629646,-0.8971092151909081,-0.4965890197181455,0.7183341198995944,1
-0.6079828743638446,1.0287135545523132,1.9653971848327059,-0.7818637119842238,-4.436424592699092,0.6437141211281476,-5.286721216130543,0.5507959686222756,1.361074975736483,-3.17470022993614,0
-0.5101452969053856,-1.0011233024145572,1.4462797072440468,-1.2901676125399086,-1.0919258615403553,1.2985666734058126,-1.7106426710290923,-0.35463147522636285,0.6979984442936197,1.4891407838567867,1
-2.5531940299853697,-0.4617943342732598,0.41957929769850444,-2.9073569499060747,-4.434333202272702,3.601728941201444,-5.406651483598326,1.3209632526860327,-1.5518957495307977,1.2014130210253762,1
-1.0445706826189087,0.745316676445402,0.0025040613663185603,-0.765230164575923,3.322750526029642,0.21940545894263774,3.6547254610390616,-1.9823707075050518,-1.325635909572814,2.495934209704633,1
1.85289885887639,-1.9016356693789702,0.2660766614288725,1.2479114882308937,-1.514849838500834,-2.037709590314481,-0.44435852859404046,-2.2376591922540316,0.04618361651617732,0.2409890317834571,0
3.361628987064679,-1.9211625163361834,-0.3117533390343419,-2.438115257939738,1.3834530901519873,0.3557713365252013,-4.937528507370318,0.2131976132035116,-1.036248654818225,-1.649335138232003,0
-3.773579050274305,0.4459446768895219,0.8439437918172945,0.8641860085805342,-1.8560441018267588,2.411411375445163,2.4655062908912533,3.954884791624301,-0.8182093081258587,2.8034402882474234,1
0.05532681794973638,-0.04243312463889981,0.3455172712828626,-1.23958176727122,0.7562541515493938,1.414427019295176,-1.2312041491489654,-2.2506162890783314,-0.25512096000991863,0.3080268644274349,1
5.440569836215771,-3.101524035058903,0.7631642927279919,0.30343857067863844,1.813358192534241,-1.6396445463873355,-3.1270914358488553,1.3966197463782293,0.9399325711491803,-2.5578918206628534,0
-0.5917138682943717,0.4886637008085746,-0.38600522258115055,-0.864678452824752,2.0059371956181544,2.002528174642615,0.5875355643336658,-2.1543059661881516,-1.7285837757809521,0.9024654937715421,1
4.89395778603761,-1.9284376535835341,-0.7424155074884994,-0.39388484122480305,0.7571050377621602,-4.230417574611253,-2.7241488462797827,-3.144369893254094,-0.8115253562722762,-2.357453330977755,0
2.372825408314231,-1.5863775058418508,1.6740882465549136,-2.080240461553257,1.499817293864868,1.257614887527644,-3.8110756297893214,0.05326894096947066,0.6109833490487265,-0.8556537834725211,0
1.8423363078983264,-4.749621486699023,-0.27830000892351964,-2.1702637172616446,-1.7292811286668317,2.378923557940321,-5.245767981213104,2.8649403637679978,0.9850795519730822,2.4080869099835702,1
6.279687474203671,-3.7641586102761,-1.2884143150452518,-0.7802804931678947,-0.21451488230869642,-2.9816595382560545,-5.742812873534973,-3.7749110934800134,0.16426915594992011,-2.5179146147272142,0
3.7083686338165065,-3.5052997609555825,-1.5556940310074727,-2.551823290279773,0.746580412027348,-0.6114393667724927,-4.824667048718367,4.16122319720561,-0.131197039677944,-0.3504110301728951,1
-2.4414114284465818,1.6952879642371008,-1.884254672960543,-0.8390335731963621,-0.7166211631040796,1.0828220467165965,0.32751298329447154,1.0596717525134034,-0.09403632704997637,0.3748189489308711,1
5.3442247791204185,-3.7423896755678663,-1.439122489408388,-3.9015300842582668,-0.481020564337844,0.04864782791487876,-9.773575736015328,0.6930510102520346,-0.12121805072117849,-2.7973069094991336,0
-0.16307821072812423,-1.662938123505896,-0.9208225818613858,-0.6987520415548799,-0.8867574134241157,0.5928407932943321,-0.6961442366323309,1.0044713612147582,-0.7773180386400836,2.0645967013485063,1
-1.495912783893109,1.4584365933074583,0.0033033568882679405,-3.3238690596324174,-1.3759578718909946,2.3722053792602864,-4.569190479638491,-1.158618408747257,0.8068246153534645,-1.035905203660993,1
-2.4482439369536695,1.6531310604093996,-0.7088247642438954,-1.0584009327817387,2.2927768370902344,0.5400907683460942,3.6884519623290313,-2.009986159709835,0.8864591021364524,2.6966589074702183,1
4.923268913770987,-3.9789213105799064,-0.23681187478932472,-3.7781232081171017,0.15797681419328047,-0.717122071987867,-7.7912273117792035,1.2922731089217812,-1.3758556019171673,-1.2659409239293307,0
3.2667603254819846,-1.9315876952079765,-0.3905731135834406,-2.130263197953728,1.29090826471962,2.742057902715186,-5.98935234888408,-2.5201525056310246,-0.8834643103995206,-1.9535690847851628,1
5.465440828441934,-3.0334088254106764,1.6064652314809427,-0.28064058245392487,2.0982595435370452,-0.6664094489703465,-4.2037825735195264,2.970165786189841,0.818068192958736,-3.1193807617467484,0
-1.7916068772693945,0.9874466816499935,-1.4623316091448004,-1.3799353221134105,-0.5150697580988108,-0.0903620644250207,0.6344006978275009,-4.502702961464942,1.731692988653624,1.897030741646887,1
3.0026080283975536,-2.347403032941933,1.0340112543678281,-0.1618183824531605,1.7433040540192535,0.7265907333188745,-1.5600523672965017,-5.579483109778936,0.24441275920999744,0.4278555589469999,1
-4.472510979877309,3.1605420584680224,0.3564470675268452,-2.09225000904371,0.42767287330546155,0.7841996965985853,2.794518150196068,-1.628089740186451,-0.17003998472445972,2.5316489741045047,1
2.736636663728098,-1.8940253038900747,-0.7866936589316964,-3.283810961198641,0.9027064077311671,1.663964627455378,-6.288486154447585,2.5900219801966595,0.08207327264957799,-1.7381928947378005,0
-0.19967756984420235,0.33564218252409606,-0.38112589883555925,-1.7578800708110323,3.8154050262626877,2.046769491478932,1.0751576379911236,-2.775844619445917,0.688017720664664,1.587067446011499,1
0.5269342091536435,-1.7322548862421752,-1.629992686639561,-0.8844795962633757,-0.7795711112324434,0.16716185384668836,-1.630108515969655,3.5222031542498646,-1.221046531147736,0.8861144416495252,1
1.882454809318773,-0.4759163871477212,1.2713885569586938,-1.8385836944619132,1.8026468712325008,1.1539997520429273,-3.077157050105282,-1.5415214126125294,-0.028974244550251695,-1.369607738741967,0
-4.683614591917027,3.274701902665763,0.7010583485062267,-2.2189255990177554,0.6502499430379567,0.845625383849012,3.068376644482951,-1.1243143443450847,-0.7316018661213409,2.7085817188266184,1
2.810565168974041,-3.3079365648821213,1.8788476179119291,-1.0388281532385428,0.87793573087075,-0.5621339961762959,-1.933948570775476,1.2527781341266562,-1.2950414134117247,1.1925481422513227,1
0.46003156905661674,-0.23103644186072203,-0.3698692430054967,0.6522009372008917,-1.267739080348634,-2.697092093938466,0.6246130195037483,-0.7011910084760488,1.2614610307762235,0.0061816833300536445,0
0.562367491758363,-0.29181570545602553,-0.8788089291659094,-2.513167078903876,3.2708170213976766,1.8303850468275515,-0.9899517486722273,0.7677935148136061,-1.7318036989259478,0.6250356789832008,0
0.4683078346994446,0.2553149740179048,0.25477334897189235,-1.9381089620961511,-1.9573631504690232,-1.095005870519613,-3.774736494002615,-1.1068207585549281,0.4179045119876712,-1.4526956860387792,0
-1.2918535192864733,1.439839737625777,-0.24440828626188846,-2.87953095108751,1.5916315183928529,3.096353359715472,-2.0290079239665006,-0.7422112198291531,0.23577715384338735,-0.16325552569035495,1
0.705292825644444,0.35646355165085697,0.11494012037700962,2.8932517566498,-3.7687554029095987,-0.13749489199187326,-2.1463375676178407,-1.5093844617039105,-1.4342654089613989,-3.5008410477795993,0
5.2708618522344715,-3.078216877602962,0.12502585791435342,-5.100013129970128,1.3783118478039809,-2.7477971034983653,-7.239882049214082,-3.3581298612333104,1.0608356352940937,-1.0371514350457995,0
4.88984482488861,-3.4376778846099576,2.200923817571368,-0.4032670125932487,-0.3099127410740965,0.3874321450399847,-6.18062148251493,1.496072625340748,0.21789738989705285,-2.936817433846376,0
2.8775546432924926,-2.5288852658380367,1.1311487114410903,-1.1823750152796324,-1.4434623062976146,-0.6944930577595742,-4.659532269318561,-1.7133466305457339,-0.09842589937364926,-0.7798602770282667,0
1.343375250774277,-1.6148634166552511,1.2081687176903333,0.20783432699078586,0.6352986911679148,3.303157604734161,-2.621483312553968,4.117920584331545,-0.5795210911996718,-1.1480440186336476,0
-0.0766091181256591,0.44977370987141074,-0.4976968062969693,0.24199497492906374,4.234660053136555,1.587687811570127,3.1529895169978186,0.5911573352101172,-0.22204256863212143,0.9180105250798349,0
4.032413841706179,-3.7220127073151095,0.6630976323860995,-3.7005067622379184,-0.6725974725219293,-0.7784378909718965,-7.180035179461599,-1.0289456816005602,-0.7427638774108986,-0.2829318609606821,0
-1.5210175552024177,0.5895498891987594,-0.4976276827539759,0.9630335807082413,-4.883794698874175,-0.09070708845854725,-1.9431201599808847,-0.482076819273787,-0.5908055511008885,-0.9541343995640986,0
-2.885707654341505,2.350074161095548,-0.6210885186619435,-1.7875148476708314,1.2127729954552797,2.4403097820437987,0.7530749917749381,0.6074736997558308,0.7266208223411242,0.7040245884236801,1
-0.626372657324868,-1.898095183589582,0.08765022471585904,-1.1775810144002947,-1.6728611408363263,2.289227186272284,-2.197154936328699,1.1106526879119536,0.793018676231519,2.1763047219176737,1
-3.7392571564554253,-0.15533300447085008,0.7574769101535811,-0.15113271984812293,-3.7536548706535853,3.158222152590432,-0.35843339399118657,1.6621135561454596,0.3101168411411064,2.8834069513223257,1
-2.5585705631188764,1.162808917756061,-0.20994034622339364,-0.2858529559999554,-0.8813587860763942,1.1923168079754074,1.0415148240592111,2.049026590906788,-0.7089181164826989,1.0706613876606539,1
1.0624420120207518,0.1431809009545968,0.8822730430340756,-0.8871159266975606,0.7956680108580073,3.6140332609613552,-4.342092033105026,4.065544670460133,0.57685423672584,-3.3859006178727826,0
3.4786174440933597,-3.771585547254354,-0.3557434547329391,-2.523757880304834,-0.9203987723744582,2.814686098553228,-8.129971590883146,3.26174253634757,-0.5712949420296661,-1.4963007203919994,0
-0.608191078621269,-0.36649291812257,0.5560157142580459,-1.0681703787408092,1.7401379302055626,3.0059865220434197,-0.05324204741490469,-0.8112470486440158,2.9359665924934357,1.563094282275506,0
1.4277792068420883,-0.4909397230062449,-2.021161759965521,-0.3594397020325646,-3.76964345938886,-0.40684146768607765,-5.472104068518911,-2.0372265737991353,-0.8273568981546813,-2.9408583030717157,0
-0.5689713098357828,0.39423333969772933,-1.2074553821845717,-1.1108207375958947,4.228925814299841,1.3481831680382268,3.0170420013629253,-2.2640837636409934,0.6102235632110339,2.418135792347483,1
5.275773988515077,-4.086996750831893,0.5200464941938938,-2.2940454051021,-1.18327863380483,1.0074030813466872,-9.414643157526156,2.3726450695317336,2.4628739651691522,-3.2274013094552183,0
-0.18553553527878625,0.3239095371966658,-1.2169305069601424,-2.4148911782791678,-2.4348383771574227,-0.6355749558179336,-4.137293458820815,0.17551534642892208,0.3963663646674839,-1.104300993784813,0
-3.9329883284955924,-0.5227143377434974,-1.85229275850761,0.6516632746423818,-3.8029286785797396,3.656515728721527,0.4020719636342832,3.4586588597730175,-1.4462325699042005,3.218759772656843,1
0.2503805624660292,-2.794049584837186,1.1127388030572323,-2.541417946511531,-1.0551288723140488,4.829761801324461,-5.258073927178128,1.0785028625861068,-1.7272594909389078,1.6854190277238037,0
4.248951069216351,-2.1367373203273394,-1.4806296624004127,-0.8608826908505989,0.40131464441972353,1.5888786254671057,-6.666976326510196,3.4246647040209033,-0.7964675448912183,-4.28615862936444,0
-0.6805532522897219,0.24927416408023295,-0.5212973950643286,-0.7292647817106014,-0.5046090112153006,0.6657538521885896,-0.5650474448422598,-2.7739344977923723,-0.22836559264163117,0.6950347672225651,1
2.0504858774640344,-0.46676896585698024,1.740451821415559,-3.2978585944479213,-1.262297883621018,-1.0377985983222489,-6.359994613424519,0.058267713223140616,-1.1856179643680285,-2.6092955602593833,0
1.1015091130288786,-0.48911556039058346,-1.709889764595288,-1.5101721378242698,1.0620366481905297,2.7262861527943922,-3.407834410487857,-0.9329496864510575,-0.6345290834981858,-1.1642369999639794,1
-2.5236492417367384,0.5627326120569474,1.171822034461271,-1.228869097616157,-1.626575090606039,2.371617586514572,-1.0629209740244185,2.7965759479598846,-0.18883390875389322,1.08861378544379,1
2.0632869920878614,-0.8065520159209696,0.24159025656942953,0.8792261341018497,-2.390280211991789,-0.7603095747434898,-3.366176139878642,-3.9820760097686825,-0.3095955177570466,-2.3930468939316354,0
3.8008335592717173,-1.2541914111550674,-0.12863592182953928,0.883853038453025,3.4910828765303483,-0.5494329466234342,-0.320144139532231,0.7988751760311278,1.041696557520979,-2.2929998477391775,0
-4.131613083292812,2.841985994062199,1.4873582772486422,-1.7749409892852746,2.1733929227121274,0.14367873486119764,4.956976571884333,-2.209450791371234,-0.27544280674781435,3.680747203346731,1
0.38675082310341524,-3.5306639031532208,-0.8770269538606338,-1.9647439876486725,-3.384054747754112,2.4120510539845013,-5.154062598239617,0.6340962283701105,-0.1594276466325318,2.313210232629985,1
3.188615679009204,-2.3299253967887914,-1.471499230236672,-3.588885159375507,2.699785665831679,0.18359976740407014,-4.121638522564837,1.0017949642851032,-0.8416550666239515,-0.05602497517040583,0
-4.422949804683485,2.954634061474524,-0.4870694119778939,-1.2004973124983689,1.4342844756847524,1.5226556688034,4.129793476097719,-0.9372752230307647,0.518262409984949,2.858085019729522,1
2.8540421117139063,-3.114242144190852,-1.3647353139697909,-3.1250107197263333,0.7903456391361343,1.1087730203279753,-5.0681363678053115,-1.0639288379721465,0.9537878470877154,0.6938432033037318,0
0.16666351123371856,-0.32505793197002864,1.1579799736368765,-2.6490079094274384,1.7105744572993262,2.744371781381366,-2.6344830501790506,0.6107612127559985,-0.8363020786520318,0.21628060867150944,0
1.0352835622662875,-0.32419260659773186,-0.2557437142871544,-3.030630464154648,2.435314278311265,2.2277917636664446,-2.9095933957143316,-4.234289901515933,0.6955735134157004,0.1969399720077094,1
1.2782521417913353,-1.9868560014067946,-0.2954331384976787,-0.7461625438140347,0.44900819880040577,0.2658677913240093,-1.2590073413311031,2.625877630418188,0.27412900618376757,0.8185825840667115,1
-1.1373396229980057,0.9032355140083879,0.3200678955826721,-2.284300862509539,0.5159963822034812,1.1857703941005988,-1.0173998296546982,-3.315549353646568,-0.01274146461904848,0.9301287143056569,1
-1.5467191355743504,1.009164658458527,-1.0782245441907738,-0.44085419624953204,1.380107770152838,3.381236225364198,0.34560083116541196,1.0259886758629646,-0.12655384335933345,0.2594649145813428,1
1.9146403008769695,1.279105295833173,-1.1867714176520807,0.46766015658880056,5.905718551740654,-0.9711181058861782,3.2397941851885537,0.11962262158731107,2.064389151850951,-1.7124958781354285,0
-1.6807215573572605,1.3367612184358288,1.454955682372252,-2.146514994681393,1.805769197866735,1.9138565446162603,0.39333624838629005,-2.543825529759266,-0.21642099730751954,1.3885351898796459,1
2.445682217232566,-0.7768492602860058,-0.797835019014117,0.15753623972290676,-0.9306743358296324,-1.5972056357438509,-2.736252213932337,-2.296702176119156,-0.11673553103181841,-2.2284937009367765,0
-0.06327519999847543,-1.3061293476468803,0.8146235049487366,-2.5550319034758,-2.4658590808118137,0.7404849595050113,-4.57817199720468,3.3502661012700745,0.355974387725798,0.229304495502759,1
3.500770953156267,-0.6686796733176752,0.4711430813988678,0.6827790917250303,-2.029900272598306,-1.606946225843967,-5.003108971429615,-1.8140858481698157,-0.8978434207927971,-4.745894678521387,0
4.374703828369812,-3.5000362232779985,-1.4370389023767902,-2.0008656671353573,0.7468328027804069,-0.05779167093853821,-5.491215367889102,1.278362882843171,0.8901453085662238,-1.1832665858644966,0
-1.2634203982189345,-0.8143065942570806,-0.1392487954469601,-1.144206155682192,-1.7149722073269318,1.8671088008155492,-1.6934394623028708,1.7156150712976448,-1.2011823651709141,1.5307925790354096,1
-1.324454914083156,0.8444168002297792,-1.0146707842916458,-1.6600368736420181,1.0884614795518162,0.25629437012847567,1.0562785358683637,-3.459397878552947,-0.09753395376879928,1.9251089546298317,1
-3.9599026113049316,0.3663542525370209,-1.1957247158061057,-2.8985021704739324,-4.593385027645255,4.745747259781389,-4.674418490553174,0.5364347173256014,-0.9419342714304335,1.788293537138271,1
-0.7289752172215904,1.5321389541051884,-0.4297466634439692,-1.015306261058543,3.825029345933456,3.4345431106335713,0.5279343318359445,2.9371269124021007,-0.14023994946474372,-0.8922610740603719,0
0.38558651571771335,-1.1892946009681116,-1.333195568791597,-3.4842892401576804,0.10265804641144172,3.891972904055653,-5.596539294579597,1.6033221114335814,0.012985414859594728,-0.12471445510070112,0
-4.700193562963984,1.7049201241953127,-0.18882984322602964,0.7778949826917105,-2.221185133535121,2.56008528342709,2.576340816914147,3.20471761762648,-0.11364520761400726,2.204637934582025,1
4.280848833720654,-3.232390055422444,0.8646224253864991,-2.9874579490701594,-0.4853727134457706,1.2296421626228213,-8.474073428161619,1.1048880099408527,0.04616237177802067,-2.446871021626682,0
-2.062507700583951,-0.24336828863325355,-0.711927057114194,-2.008480131234322,-2.817605375810602,2.168746207071079,-2.9698736478791368,2.2249403779294474,-0.7501222004544058,1.2140235334656182,1
-7.914370203949582,5.725921063807495,1.7325942660262816,-2.401633088725291,2.3721134124417724,0.868763185832527,7.7319709012609055,1.1035202332877438,0.6180153650222515,4.55624320001129,1
-1.1562434193462923,0.861929047086909,-0.47258203671350335,-1.2544374044966302,-4.238463237339879,-0.2724134755045853,-3.9663975180295443,-0.0013209109953475906,-0.23243834878877506,-1.497561403115822,0
1.5538110924914073,-2.5839625653230907,-0.04923951984063078,-2.1345869241228823,-0.8103526999049038,0.42112930495349077,-3.6658552699649682,-1.2489360961189746,0.34972676414856796,1.3253442249773606,1
1.6925343240638673,-0.01758856583634505,0.44695880656915554,-0.9598650038857137,1.8371905556797974,2.307828032917024,-3.3112820496724606,3.2928040410361303,0.7703796352365477,-3.0108192237726334,0
0.5066423418490115,1.0477744164244736,-1.1191617669735479,0.23312496039706554,-2.4958607049591164,-2.485507510629218,-1.9233304015839772,-1.4839365822640465,-2.6089131132522208,-2.608505405423289,0
-1.3994792053106915,0.880826802748006,-1.253975614178523,-1.3259989851170286,0.09748765999407194,1.681933175377241,-0.4956341575447275,-2.9575678732107216,0.480188745072042,0.8716634539270098,1
2.636385740059922,-1.3544754626986613,-1.1284562900510124,-1.6447853448827372,2.1768194810492805,0.9214287682085959,-3.0678739439881544,0.188711150091198,-1.1288981288559767,-1.2192750368846783,0
7.621889034457042,-4.808321097752387,-0.09132498805646909,0.7394202443634201,0.6002058465339553,-3.6276108439085877,-4.42135098733008,-4.5398188732132825,-0.9352563651254158,-2.354586001133791,0
7.044131399091599,-5.576462459995691,-0.3244348575252138,-0.8738351500187347,0.12729069802454696,-2.5073494724262857,-5.763828531197412,-4.5969450390376085,-2.133995392000717,-0.767313849282813,0
-0.6673584548409847,0.8417116463422364,-0.6468217753169699,-3.107978301729913,2.619556112536358,1.7350397617133073,-0.7380961584175223,-3.0565277673967337,-0.9181996526405863,1.1731900337246337,1
0.9507440914040892,-1.1655945213786234,0.1605770378342815,-1.9989254407871475,1.3690042196341523,2.326841366964379,-2.7742852839905185,1.0321074780709671,0.3956859552000656,0.140606255253789,0
1.5577516638430426,-1.224752285249762,0.6819136630424327,-0.3766446537912693,0.4365155934994662,2.436216168149368,-3.120886241020253,0.6630289159276447,0.7917964936666289,-1.2938244818310927,0
-1.3783285733279527,0.32979075554214576,-0.6790925674132892,-2.625588001923715,-1.480157554292502,1.8002986988333969,-3.172566464944215,-0.4981238746876995,0.12736873877327487,0.5308508683851763,1
-3.0594508877579663,1.9272114871610435,1.346013822926349,-0.4353423689029059,2.737447701757019,1.0468626528117833,5.003387390467768,-0.42456162720329504,0.40458547427145347,2.9934602352304074,1
-2.7929115001861513,-0.17269149198018896,0.5930750337269136,-1.4096736690123008,-3.8525793717826606,2.238607028673237,-2.584629861062537,4.4040389177220405,0.702608084547097,1.3189524006856308,1
-1.8587318787795513,1.3404791436122383,-0.2523958693806078,-1.3388605294378333,-3.3766970835029615,-0.4962730750991349,-2.4826033777490983,2.8544747759983062,-1.973540909993849,-1.0608678702542695,0
-1.6019643419230278,-0.01919548783714098,0.5472318317949715,-1.2144468538204714,-4.129035260771781,0.5115049945254206,-3.103226120689388,-0.3497819347295863,-0.09345985574185207,0.41391087196275,0
3.6842066128174356,-1.2916966114168746,-1.0269808928448108,-1.4575917665532732,-0.8096419778848534,-3.4809340933911406,-4.433560985046586,-1.5805539320256212,0.21478162557272382,-2.678132565278638,0
0.35180090678777154,-2.174007447235339,-0.30382244654323404,-2.5689462417221964,-1.061370344130046,3.870075533999721,-5.12202679384657,-0.03638708756219722,1.5539281636348552,1.0786225646963135,0
4.238902294059945,-4.425337258562982,1.216047225928888,-2.60068254247878,-0.39161722890386375,-0.8350199511315854,-5.843815444981001,0.7639582525298758,1.2236232510224998,0.28634652541425165,1
1.4113588975448057,0.07078111594455438,-0.8433718745595036,0.6495746427277296,3.158830401311346,1.5514436496217545,0.47050655425298876,1.1582340616816298,1.0689434369867896,-1.5142359979228917,0
1.7529313193299532,-1.1520996327437838,0.10262962936767005,-1.179516346560989,2.937427592794485,1.6115463532427967,-0.926489619703963,-3.2934950562346286,-0.15699904061802855,0.5486567135787849,1
0.13583285284436128,-0.019948740667391496,-0.8760233044568659,-2.33612355627203,4.272923256929298,1.6919440732025457,0.6859061768684482,1.278722717910589,-0.3592987245190305,1.3487013697725723,0
0.016430200561386558,-0.9382443483024963,-0.87440802744437,-0.6197745198931679,-0.04439945220441932,-0.3920319374317669,0.20673036570409653,-0.05730236869409122,1.3261156276521313,1.5992044260730165,1
-2.746904925507952,-1.5198730654372234,0.5621402638778371,1.7172081809531217,-2.667335315757982,2.134492734826879,2.54271823543162,0.5426495891782451,-0.18296253906767845,4.409422225566731,1
1.8138709324625406,-1.5483831814541489,-0.05775249725132784,-1.416547521316026,1.2584395235993262,1.536367134671318,-2.855366834680023,0.6898441734383074,-1.24142282750771,-0.3944634423580664,0
-0.25693616644938805,-0.8389166604141111,-0.2018585211866276,-1.3801282868150402,-1.2750912688159324,0.38792114197052885,-1.786621972139893,-1.3782183148994278,-1.0185706205470886,1.2346090369754181,1
2.679658435935253,-1.6214221322983668,0.09017849669256522,-0.3560143407283407,1.5544273036989629,1.6558617958044746,-3.0429190716873835,2.682495479185623,-1.954922641123551,-1.938504428611315,0
4.452586570803225,-2.6184817825035043,-0.2601444187390589,-3.3085734511243206,1.4494594395032079,0.908531750695869,-7.453323160875581,3.679713951616016,1.2353666004596373,-2.965447654309131,0
2.793427359363546,-1.4707061751435977,0.17735365775491632,-0.7014802585656399,-2.38854130667936,-1.0754640184480886,-5.406307859824987,-2.1029257880259866,0.6217604421231091,-2.6098353181283205,0
5.3802633272894465,-3.3022222875679788,-1.0073004845207418,1.133832824972003,0.11901826755720069,-3.2354126938115577,-2.49012647884116,-2.948505963881276,0.5755464738942011,-1.8029308036290976,0
0.6065633759231934,-0.46933833092759136,0.06664000216842422,-0.18481415340175733,2.7305811920563254,1.5500704311610134,0.8706992992133795,0.34148928656081745,0.24155679420538098,0.5724526749502177,0
-2.6449407190912093,0.01102890255867739,0.26503404904066225,-3.333246217572979,-3.5739058044425205,3.896412717740993,-5.410030179868401,3.0236752057929266,0.6165010407834722,0.7000712582326089,1
5.519680225281684,-2.8331774247159247,0.004489631233426936,-3.1424985135830474,0.09306164953866536,-0.14693580208158008,-9.275157334343051,1.7291811131749941,1.3095189064672372,-4.343868482154235,0
-1.0428379215529737,0.6443818685671752,0.1331760859936854,-0.5016144516200879,-3.3901797494304944,-1.0931664841905773,-2.0055169640958717,1.1172746663716402,-1.2236789702990456,-0.8430315761089895,0
-2.0620350377283154,1.266216572678687,-1.06986580766092,-0.49499717611263994,1.4037421570602353,1.2383582666063777,2.4910683520183885,-1.3499297040893767,-0.2965163176453249,1.8384374671111074,1
-7.011229285291904,5.046276229805455,-1.0058186607974131,-1.7882052715025032,3.2393374985025014,0.38148968266834005,8.531069938323949,1.3511467654874498,0.6820413426959955,4.715641911039035,1
-1.4941578281660173,1.2134572952272218,0.3701754528198277,-1.7084472659306165,1.644852211042152,1.428615656319318,0.7089918115771512,-1.8486545253545341,0.6783468853190315,1.2327235662419818,1
-2.4181980854892364,2.1683754962409636,0.8683368942873888,-1.8024955265586273,1.9475484241905872,2.7988879172493966,0.5923116309242417,1.4120938207109557,-1.5789115654465822,0.36376931047417305,1
-3.1166266715655246,0.2615355455970034,0.3004741944679497,-1.4292731292327918,-3.26409921086319,2.730763480150488,-2.010780713051939,2.5306711504097015,0.8418231670397884,1.5892939389226974,1
-2.332231944684922,-0.19523898548344243,0.2040093513708996,-1.7900138947937254,-2.862143510988159,1.8802146714020638,-2.224607327561532,1.8114189840777994,-0.9207033396866707,1.700215241443047,1
0.8203440784876886,-2.857791636925175,-0.9983709436379924,-2.2158641426671273,0.15658741002094434,2.98121584269843,-3.3479591623911045,0.9228732229985228,-1.7855022693052407,2.159160945553415,0
0.6707490712686888,-0.5810645437446937,-0.0709282188728815,-1.4464579172906786,1.1539664744730878,2.5019793125068865,-2.472236948759131,-0.010496898917746078,0.007641085936465705,-0.36304464420854043,0
2.6606822533335652,-0.4860508234263188,-1.492086257090582,-0.276810853535977,0.9911084488513481,1.7104191548370349,-4.318498086134342,3.9119711519896123,0.8585733615249258,-4.186940389672818,0
-0.36250511813985414,1.0072433510952754,-0.6197107756347167,-3.6436066887042915,-0.9396927555376051,-2.0697343564107844,-3.0323182302457656,0.5557878435090844,0.16498713977418292,-0.593775253558162,0
-0.9827917907642886,-4.15319062224077,-2.367032684118776,-2.1760598164891185,-4.083676599338033,5.58314600961187,-5.788413050370026,2.0553560863082456,0.7767644692483656,3.759801042831476,1
-1.371471293168606,-1.3155294741858854,0.5594768368043613,-0.6729273208055528,-2.486715427223436,1.9718130068401,-1.6022746616453618,1.4593507977848974,-0.26717569356956483,2.0608926366312867,1
4.1943881865602926,-2.851225866991346,-0.08533970853594725,-2.6119510611501777,0.5682844302310451,1.6300474336613862,-7.654962594121677,4.087476808265794,-2.87271221644645,-3.0111141190981847,0
2.990509103002119,-2.2707209157980595,-0.9624303723154463,-1.1132085936940843,1.3500331230652083,2.12687140679576,-4.283372915890942,2.2818975564756903,1.5483177053834132,-1.5805630717072088,0
1.7224941092548507,-0.017336151549040224,-1.417803360554182,-1.411709819235868,-1.2463736170020292,-1.6297045174887261,-3.9459348113838195,-0.9873125753720791,0.8043867823525098,-2.5215486390395405,0
-0.2297129677068944,-0.5741201441377141,1.0550725378273207,-2.443147628588268,-1.5960635035423985,1.0445708893673809,-3.8359470226659536,0.46768278621182025,0.8197837246405497,0.1519087270217483,1
2.008321778969049,-1.6609803129588934,0.33523357337308185,-0.7768058765418446,1.216524365026955,1.6558541646107967,-2.6223651710695073,0.9120755233456181,-0.5898892793661827,-0.6694052793593164,0
0.6185513246774725,-0.24802067188795296,-0.9978635491377467,-1.7697352894399305,1.9387897654921433,1.6892203143625955,-1.3949114803775546,-2.9955871844624054,0.4413224023644061,0.3958045801254184,1
5.46252046066491,-3.424924637593774,-0.11246328998415221,-2.661238684095501,1.1127717282339114,-0.20685143468714684,-7.354529095629403,2.0239748864468488,0.19867786711955315,-2.867121682601365,0
0.12253104124087988,1.559760973502689,-0.3661610953788138,-1.2865507896615214,-2.1529368448797914,-0.5186021543631837,-4.251456348226217,2.093606008787957,0.8891561736768938,-3.796933562026669,0
-3.2740880633107943,0.20279599744836863,0.9501764226555681,-1.7920304723123408,-3.8328655347344824,3.2169192481469544,-2.7440242473090124,-0.6867751024227187,1.2787561268682146,2.010939268499256,1
-2.0320204430728785,1.424372739601549,3.6024150242105293,-0.33800404888837,1.0447555460482785,1.4120544889272943,1.9158053271425934,0.3100371394790673,-0.17448416937187447,1.0204557020755418,1
2.3614738192197433,-0.9367731057156723,-0.09820827963886006,-0.0590329413251911,-2.3521419910133545,-0.3444468160729477,-4.972241886271505,-1.746861392546695,1.3471297675692413,-3.0934646101441423,0
3.8549514133600202,-3.784903230782726,0.5578498212639947,-3.254298692268814,0.14160154382652568,-0.6555268476644049,-5.945296878214531,2.056921294498104,-1.6960021871916122,-0.0571643146075036,1
-3.555501502124008,2.8355057892094995,-0.13149823473837388,-2.2120567302091185,-0.6765638754627217,2.624343318731069,-0.9226512453396777,0.5707645923528744,-1.1049740156971692,0.013268842554571725,1
0.9813272505525941,-1.7047353678613957,0.39652889731301955,-1.67435861754165,0.024359487509140854,0.6370085311218148,-2.36250047445823,0.4106092860263242,-1.7937958881257403,0.9205431253973377,1
-1.5319599618317747,-0.857322224256686,-0.4266362434566224,-1.3179060842040644,-1.7348296182559857,2.4380533178050383,-1.85445540481246,2.2298585684606635,0.9879437541091474,1.7400177069959892,1
0.08505207526122405,-3.6066835585329375,0.07714175631519635,-2.3028952563854324,-3.1498779113612385,3.7346234674628427,-5.629628153421439,0.9944202935980503,-0.47214633397244804,2.525673930013614,1
1.6945458050067286,-0.40435770563212947,-0.3388794525691018,-1.6967370909605926,-1.6331578317271926,-1.5718793358197187,-4.35413880057368,-0.8516907850356801,-0.45574330933421564,-2.0972278093282286,0
6.563172847952939,-5.311159529438166,-0.7638842566182295,-3.1778358222736465,2.05037654523587,-2.1604145717276695,-5.972820440001549,0.24835566195887848,-0.533116656858913,-0.18825032230919425,1
0.6663687451501543,0.08172542843175701,-2.912160024645764,-1.2798485832728135,2.4143387501217815,3.057485854581098,-1.995064045487093,2.2811912145052897,-0.4338928181659582,-1.319812941602535,0
-6.062853886957165,4.311510083834781,-0.955592103639267,-1.4375477724324826,1.970901894970405,-0.09712618490887759,7.018816428826839,0.43228357174852694,-0.19785642882595886,3.996932173980312,1
-0.07496095513952306,-0.48790242555781216,-0.21375757699917197,-2.085839293294416,-0.37133611078156203,0.549684193823881,-2.3508553413349054,1.8892426069608792,0.4093082310044664,0.321922299433697,1
2.3304852124934676,-1.2889230580144344,-0.9416859762946027,-1.1172516868307085,1.6815109393400238,0.9396192972256825,-2.6677563182064765,0.16730443458735667,1.75457259756306,-1.1257946914249939,0
3.2075324738346884,-3.1478176803816913,0.8108480569628599,-1.340030198227058,-1.2590566949286934,2.941202029922721,-7.40095062702941,2.6007939512496554,0.45852566599624855,-2.223689923862283,0
3.7777667289757706,-3.262017348657264,0.13740365109144476,-1.7098768475027455,-1.4521311840815945,-1.2224176465556038,-5.7611750945507465,-0.6437704608886272,-0.7470593429388073,-1.0264914752587369,0
1.8037850834160014,-3.0192355820937085,0.49847441041445206,-2.822723589957951,-1.056607069125643,0.7080079090545982,-4.952949199760804,0.6183263134519407,-0.6979554909960493,1.11960611143856,1
4.546209980518653,-2.2390112164557903,1.6387612469500321,-0.7271121451884189,1.0295579635147067,0.5980254580035614,-5.59868058914,2.600407454478214,-0.18966152512419504,-3.8015744453478084,0
5.911110770283804,-5.800831990228426,-0.3988777562084495,-3.324909655492889,-1.534263567327394,0.29784741656898706,-9.95191304168052,-0.26352292209998085,1.330950935822822,-1.0062132576648328,0
4.952858621482785,-3.511866033949281,-0.630880665132971,-4.291837796366552,0.3395655238226587,-3.224443814251973,-6.669959587766675,-0.23222677733413155,-1.1171596068176461,-0.7779043925181817,0
-4.208251857413665,3.0171476512986866,1.2512291104641673,-1.6172758997117214,-1.2876280370386644,1.5365878178913401,0.5927990901103509,0.61218994805568,1.8086093100071383,0.7958384948148586,1
3.5349802342120817,-1.5170613856947224,-0.9003699030639426,-0.9586567710012571,1.8962831620662648,0.9999789854194301,-4.19459619448336,3.1071611190376003,0.1799085264201432,-3.08270823628963,0
0.6191968909793899,-0.9262969756004551,-1.3105125647186946,-3.8932293156509536,-1.9167256464152906,-0.1897437563438582,-5.620687099075066,-1.0317760811799745,-0.5122335084433345,-0.04035172080152205,0
1.1745744289743998,0.25782825664031606,0.43682471719238786,-0.7438732456578419,3.083180806940269,1.9911818247894386,-1.0424246948197375,2.7988690565026912,1.0378909147677426,-1.799132394946242,0
-3.8134973298686816,2.83582378127189,-0.36711548496652324,-1.8058886970699441,-0.3195910911966684,1.6877134704359216,0.8172973022976294,0.34279916495015095,0.681660125287843,0.9486725256781491,1
-4.625557233554016,-1.147984508511403,1.7511835130121287,-1.861117244605063,-5.325783664303771,6.387834761625433,-3.8326691804844257,4.227844319160436,-0.03882772723444496,3.581220176899062,1
0.14019411394971945,-0.15571237530518478,0.2827669683819988,1.233919847590092,-3.129465167807834,-1.6005751437718243,-0.9688156855718666,-0.7099575444429098,1.2140393646559657,-0.9815505895853536,0
0.2671081695587362,-2.8151243331166533,1.2352297779931256,-4.688128330548523,-0.07204507198611565,4.6421625983823045,-6.228377916893468,2.3262458307887375,-0.7206666241293449,2.1984557031857386,0
-3.3509146675899584,2.666799076588145,1.7862903238866437,-1.9004085177105476,3.3144831920030997,2.16004799796855,3.3890348265643877,0.837689402863218,-0.40738432306281896,2.097282529662913,1
-2.182409424491504,-1.4080250180204856,-1.191115154554174,-2.3198036395065706,-4.269747690027591,3.6656633229082387,-4.788191311129184,2.4904271897968933,0.1589994764917582,1.9189234723936202,1
-2.3405352948402163,2.0240286990330167,0.6753008298668369,-2.9703287584608367,1.8813549924536077,1.5038393704146427,0.43389674194779354,-0.9470801849755827,-0.22108211794887433,1.347023024563806,1
1.886117085051748,-0.5360704155419744,0.12516729994374381,-0.8260167847159154,-0.30311194863415336,-1.7310013456252178,-2.3205720063571946,-1.1752184963822891,0.4158413556745307,-1.462548328675823,0
-0.7325133528011635,0.3850693915979484,0.042301422084365874,-1.8320250755129452,2.4554049017947817,3.9380049708334517,-1.1210323810093752,1.9273184737376023,-0.7523425032075894,0.23368005656659374,0
-0.8520561408649754,0.6109073294497489,0.11036463135977159,-0.544091003965162,4.294366931301008,2.4165592235985027,3.0313464540585495,0.1231838223405266,1.9438884634194564,1.7630825977397648,1
1.3583485577982606,-1.5433513167888615,1.276289573744115,-0.8134322522140203,-3.32640616367203,-0.09007487961450145,-5.051874328612616,0.25012992517357313,1.48588754883218,-1.418866650576529,0
-1.776629774672936,-1.3373406481823271,0.11244676407403323,-1.5181386878853576,-3.2556322295143776,2.9286302900615526,-3.1340287368765565,1.235896808958693,-0.2512446061045212,2.0961929393326564,1
0.4600956039517252,2.356599322881631,0.18349651270264328,-0.45438338562962244,5.888751420363298,1.0242860590000837,2.5034542126838955,1.040073552971923,2.0781440593944795,-1.8824066594430446,0
-0.3528932955551361,-1.4118692546579574,-0.5907712978803037,-2.714597725403878,-2.5026975828555402,1.541738482997634,-4.733260384420753,2.4700686560626535,-0.8241519917819511,0.7039105049747149,1
2.7086060531777427,-1.4768848089700626,-1.1660739258462574,-0.4151277285759738,-1.678745320619354,-0.882068966999704,-4.348177844298379,-3.5138930876495618,0.8434408590816379,-1.9604150711508637,0
-3.271231009771316,2.5197114549129154,0.4694542398375617,-1.3318243463259527,3.76070317358372,1.4708016848175043,4.755274291191891,1.1707716997106319,-0.29859953031992176,2.5820335062726527,1
-1.4451897425204476,1.0282303146641751,2.301517677070418,-1.3969272933563728,1.5247365483805448,1.6636536445415955,0.7817822364206397,-2.1229569977720804,1.0766175886664322,1.3224819666264556,1
3.664973114880887,-2.1715457050942457,1.5430008652573897,-1.1685447355620593,1.2700719813570231,1.3144008973865766,-5.00365112239654,3.1747278672138393,-1.196871085509681,-2.700830453106807,0
5.404765739064794,-4.575041323700852,1.2884310595373296,-3.4104649632201216,-0.288391040110368,-1.7924202648208707,-7.2048157327113005,-3.7740975187809753,0.3804819675179393,-0.15553211903396047,0
-0.5323644268329742,-0.7797352991805863,-0.06129162164368015,-1.1700352195660342,-0.580372381559233,0.6455145673481308,-0.7914978370410337,-0.033688840661312947,-0.5772540557943725,1.6140642139940253,1
-1.9340236072512929,-0.9927538528456368,-0.3111708910493129,-0.9218524370578348,-2.5687090143588875,2.628456894641221,-1.7258389909313303,1.7721625355182038,-0.8564700258365296,2.143557559335732,1
1.9665056871758033,-1.6254439195530708,1.5913181735745794,-1.4664425011461206,1.0207051540218761,-0.5031313211408448,-1.9033121884991078,-0.4030919570884688,1.053876791624804,0.26411685616363,1
1.321943098774781,1.3764654177674984,2.1515410636950056,0.09533880039948017,4.804888870306533,0.05646710691226109,1.9280628551161396,0.5955258336538495,-0.3297911812454699,-1.9032733636113637,0
-2.809048497263861,0.24379064031917497,-0.3683296299136234,-0.964730601803706,-2.264856451970885,2.8818595998964103,-1.0652803433363047,1.3046300717873924,0.498609928239584,1.7548487626915588,1
-3.1205809335951162,1.986747775310576,-1.1202441959021154,-0.8456657077377093,1.3921402981399418,0.6659926216794163,3.724380816086272,-2.275414275386974,0.9614932901984118,2.7694093973760454,1
4.682303947073561,-1.2701456177935473,-0.05680177655794101,1.1583137605599871,-0.3779257166082701,-3.246113086644464,-3.1269665562307334,-3.6462090734248576,0.19702964184208055,-3.994805013553621,0
-0.31247055979602456,-0.9665124601988362,0.6089679022736126,-2.1025252260208913,-3.240507622397617,0.03934064161889461,-4.001509559267182,-1.3216078037597838,-0.6066949152173058,0.6751577998183631,0
-1.6425661223762449,-0.9421363758041107,-0.20225952849293358,-2.1915987021153684,-2.4872307195898293,3.335837508193313,-3.72579674638667,1.5260868847046094,-0.47588261352084915,1.5140146616718673,1
2.5170268588338693,-2.837389005762474,-0.6906783050345754,-2.3229601737780308,0.4509093487404172,0.007387828801860952,-3.7251195282608807,0.6681568710415157,0.9076087563075925,0.683556514455096,1
5.255750444966744,-2.3100794000501432,0.27358082267759304,-0.26305014491453016,-0.22112400073055194,-2.202839827125705,-5.203816186020996,-3.1548334392932555,-0.6654309301806954,-3.565791303244516,0
2.1176223907327096,-1.5099666683219564,-0.1669267936541179,-1.443310411559939,3.2088187101007146,1.005028256820946,-0.7455838335852942,-4.488647059287455,-0.4043698094403979,1.0901831788694696,1
0.30619862468765213,0.04451353192748875,-1.9458117700615774,-1.6101872001510469,2.2484623609370975,3.1211348986826386,-1.638491792716137,-2.411710937188876,-0.49910349080404093,-0.01655706937677137,1
3.983766607015658,-2.1375666977614367,0.8395606455539233,-0.1759930922256845,1.6532590385274017,0.09084701256724093,-3.2600971757134767,0.9307430202223559,-0.2874988395237334,-2.331255190380943,0
1.9500007627469917,-1.1586892121156935,0.5554887750628047,0.4857452018904904,1.501921850104183,1.6417390943774612,-1.351511571148639,0.20629756476546834,-0.1776598191298878,-1.1741572929300417,0
-1.1050593680364496,-1.638308629938916,-0.6037509992348534,-3.041304790446337,-3.0385290753040266,3.2525021850858984,-5.4436906672613485,2.754404298791303,-0.754004220648647,1.3458256836101283,1
-0.7198493656877591,0.278513487835482,0.5720763242275625,-2.400790280183408,-2.8081802047776554,0.245116346807581,-4.266739172392077,0.4735534447386689,1.1642509935649792,-0.7369814946080006,0
-3.2551579424065,2.034760312725394,1.0348156283499688,-0.314515053181023,2.315673866620206,1.1731570302415506,4.791752847710445,0.31629452273963077,0.42914151966160685,2.748682663952623,1
-1.8090297142448069,1.2001768735505909,-0.010277063916677357,-1.5113653337117654,-0.6960962277806284,1.567283892632116,-0.9940806523704387,-2.455220915529505,-2.021345151183173,0.5904758271282882,1
-4.7417452573663095,3.058298732507159,1.0670313567909973,0.25128238025503924,1.196955453186093,0.5898732899035976,6.071613515977372,1.8374316517545313,1.73818111507634,2.87034515184736,1
-3.769579406891841,2.5985765916488326,-0.9590975411465015,-1.062939983794368,1.1639397385333197,0.2945693092828978,4.08726011963118,-1.5995247494905136,0.03374499048021271,2.768578438676841,1
-4.988773821144172,3.580017303791733,0.5305862065927699,-1.603453182885727,3.9402911328985053,0.6228293311160534,7.247282337874088,-0.4493389996428234,-1.4762779164322268,4.3349224858389945,1
-0.9542604793090701,1.1297945099777977,-1.1098690073528643,-2.8916332772108975,1.083874581247967,2.266751938967527,-2.2436291205090066,-1.7044883917820626,-1.7689252969340425,-0.027150308425775815,1
4.942057093642343,-3.202693405924026,1.2031772432515964,-0.7379426410913483,0.5072965158862415,0.32730062795655135,-5.904589372022433,2.094011428173661,-0.04734707975579085,-3.020465240422813,0
0.263455825252603,-0.197994959081639,0.6346790841860889,-1.0158457450465992,1.7809998008122776,2.4430394412440073,-1.164806187220941,1.7467980038370123,2.317594009771692,-0.2813435809299698,0
6.7183723032016145,-4.053329459127176,-0.32148601236770674,0.00027207002240081657,1.4563043121500878,-1.2706690803433727,-5.3764220127655395,2.362959820649351,-2.058526088833248,-3.5588620062395258,0
4.027138928200678,-2.4349202388424604,1.2239212900977352,-1.3669700740616826,-0.9511875053982871,-1.8490649117774323,-5.3403923131210265,-1.946717996538315,-0.33698833407469264,-2.0422698081749093,0
1.4096373714127406,-3.0447602606119304,-3.448042914238091,-0.9193601374432258,-0.7833479201968144,0.20116391258475064,-1.8689303856968738,-1.3909807775017762,-1.4335998175166091,2.3080313856690435,1
-1.332704775733572,0.30871212261253667,-0.7218381972624011,-0.5842110884093049,-0.49210247854285005,0.2797303572197376,0.4521061619036804,2.0962574025577547,-0.05132549384914269,0.9854738487927436,1
0.06734842700481278,-2.2799092781038652,-0.4877651653678602,-1.0199588895173048,-0.9142864036857195,1.6823870373621785,-1.6389909957368984,0.14652211075598887,-1.0310882382320847,2.417295952845465,1
1.7568255765265965,-0.745201499170884,0.04864713191439982,-0.5672672584993859,-0.43862391088101393,-2.046907941252484,-1.723826057460552,-0.6029396564327365,0.4701396886843902,-0.9982850938942698,0
0.5235645061618253,0.9305036486433345,-1.0975471896093472,-1.9338358510166662,-2.1943432182773255,-2.4873305189454737,-3.592381806505375,-1.0816307284292408,0.451647941971666,-2.2232152181014158,0
-1.3585012476782459,1.161502669777918,-0.005863503321309755,0.030907825034055758,3.613709542686438,3.3760231647896113,2.648707517199183,0.4447707473199136,1.026296585269112,0.9333835897911529,0
3.4956090754813673,-4.44672544076956,-0.5654286737280894,-3.1699413184905074,-0.12762075693897423,0.863973045021105,-6.103835343583527,0.7922526782757694,-1.3154042176338074,1.0662268129872519,1
4.246742141637732,-3.852102791493835,0.41102105489233554,-1.879311737409931,-0.9154189227323268,1.5904427296747952,-7.7548674759469405,2.2112824808782596,0.40411571098651927,-2.0270924466293785,0
1.342791577859672,-1.6150806656845935,0.341138476590899,-4.01771647080835,-0.4778144847044916,0.7155473709422016,-5.6291969516289875,0.014466080742967291,0.8046915051941578,0.1362760187495693,1
0.7224003466504441,0.05910603958169003,-2.020493170524548,-2.1830260110395194,5.214399129418802,2.474635623832141,0.4873160083460697,-1.3279192596679494,-1.0581297179272997,0.9099497750591001,1
-0.9153553166167252,-0.0585027944651666,0.4099582396142124,-2.7416257955232624,-3.3842750397167496,-0.706791466336709,-3.9802058127250057,-0.16276409488044985,0.22582017261543996,0.2653704873960194,0
0.11094370032531348,-1.6598173577708049,0.33704677463669824,-0.8855556554472067,-0.8453442619723417,0.6554762337679415,-1.442351059124009,3.5258348302921747,-0.9343581850344876,1.227341642331501,1
-3.576546728213336,2.580408652145829,0.09172302362698188,-2.282755526531747,2.938807054316572,0.6347383212259156,4.251031332693367,-2.095575595339101,-1.2159980106134696,3.4377992828622963,1
-1.2246332544689842,0.7552849780010735,0.05934679468340926,-0.28610894821010935,1.647167104246323,1.2622723734205743,1.9064336907082793,-0.2721416064998672,1.568836448134763,1.230671539553933,1
3.1475214846125024,-2.833827890464941,-1.3837086710634534,-3.1196191259744417,-0.6249948004385042,-1.1467358763605215,-5.540621550211305,-1.7944955363600739,1.1693271266407097,-0.016792001508236565,0
-1.0354041904141484,0.910743633343889,-0.1536442035504281,-1.8641908615979645,3.8455402638436933,0.9314052343757976,2.6257680815746585,-2.7269054320487127,0.9916132425623647,2.430668603223713,1
0.8922822072086807,-1.5987972653835683,-0.747293521076552,-1.4024421486694925,-0.7575896966596593,-0.7863606787301132,-1.931025711353576,1.1683671048263966,-1.3895956073642146,0.8611307790103605,1
-2.181244698192691,1.7443827920799002,-1.1282308449907394,-1.5069659833598719,1.820090020696726,1.4735181714807692,1.621931912178905,-0.16412267456525087,-0.6943757656665552,1.2873326911519327,1
1.3021809739302024,-2.7495649806290854,1.1561431262116262,-1.6597775706433338,-0.8049960871936062,1.1546361173153692,-3.3778304160885355,1.0342741382008158,0.5149178699504232,1.325791733404339,1
0.6946936588748244,-2.921134094488092,-1.0292008609167265,-2.9271987671069573,-2.3102725922794822,2.4159024193830856,-6.037226421201134,4.003504582422814,0.4329559146162831,0.9412129026746888,1
-1.2690953371209945,-0.7290946051648562,-0.6051049235994194,-1.8531579397768871,-2.24156661357466,1.9218046175775665,-3.0385503071332276,3.164990309166456,0.6522914486348891,0.9292020847146855,1
-4.1837495315919275,2.9024964992626776,0.21330815986899987,-0.44966488957981343,-0.8495939145384939,1.4291890338436044,2.187903174091578,0.8298036818077383,0.4477013478651016,1.0874163932016077,1
0.6331865535791238,-0.8124376639551745,-0.2650687890032384,-0.9717209732296648,0.6787079618616083,-0.4430302325157207,-0.5443018225836492,2.673893552734267,-1.0154328126346357,0.3925574079570979,1
1.1796203017001785,1.7996172901686305,1.4415557425112338,0.9622699158214867,5.530047183475889,-0.41815171985427346,3.726583685287569,0.19920790692550372,-2.1146103624960215,-1.7872544339766536,0
0.23338489632630455,-2.0576466497909736,-0.734175450780734,-1.8854308981037904,-1.6666861705971636,1.5399791231028825,-3.499880462606176,0.642479244264867,0.2977483044697949,1.4479536515119211,1
0.3587298167802922,-2.7753816220514045,0.49832358747086336,-2.492982885485707,-2.6845411082280304,1.9820076390864552,-4.963886262968578,-1.3515924304630973,-0.532042607290571,2.048769299130799,1
3.169539514348771,-1.9284066727807303,1.0803366482547827,0.6210041078468329,-2.2311103757709043,-1.2202066807026375,-4.266613176544365,-1.358855375126363,1.5253550836582002,-2.5691476296762117,0
2.3544068638628257,-1.2131667043977696,-0.37320963275195645,-4.979702539419553,0.03183952354773867,-1.0091414857747425,-6.589301808842184,-0.6483893126306464,-0.24411377534822737,-1.0553395567769865,0
0.986583758827057,-0.13599613823213286,-1.508890861566607,-2.0597589722011556,-1.9957684091842849,-1.1722814612069687,-4.446357819426389,-0.43896711509946607,1.3594269176869034,-1.760215716839447,0
-0.4624954097669671,0.5448919924368657,0.36476785286150176,-1.9190287537860269,-0.09079940241995144,2.8294882343255443,-3.2730953467811155,-1.342536396278961,-1.0889172687729187,-0.8215943857209429,1
1.7884309978918693,-1.4566125517437065,0.29848810686414184,0.7824973274909608,2.916282327966003,1.5462605767325568,0.9087237939456639,-1.388651510048157,1.0133235028991359,0.5438146598856656,1
-5.806361999493633,3.8343359699093047,-0.6982554137497803,-1.0004631613901358,0.10138997343515732,-0.06461917095599268,5.5601267059942785,-0.9816983287910378,0.8057152847766823,3.562559510928074,1
3.140117857241713,-1.7327766795427038,0.1042775387566231,-1.322646374810416,1.230032013926178,0.9903151588377141,-4.3742415496303835,1.8295684851810672,-0.460873905319802,-2.227259740955222,0
-0.7021441896561809,-2.073271967442003,0.6378348827616631,-1.1120042549984723,-2.0656819949797143,2.4088475815836548,-2.4735806237414635,2.5246774331851585,-0.7476847829277882,2.0926515348899177,1
-3.4910468578080094,2.620017914983314,0.7529109537257803,-2.2174175521495783,0.22214634023541002,1.7893743922860936,0.604693355036545,-0.33318418081998646,2.029209980470298,1.14929671880294,1
2.3218249687608377,-0.8301187572985158,2.3370023110440217,-3.8515699563230674,0.4225287764013723,-1.685874255156934,-4.962773035987077,0.12264982118939383,0.30202512752728417,-1.3567759345698427,1
6.787780236946479,-3.403986062748883,1.4446298347367703,-1.9883007845311467,1.6155031004689118,-3.127584606559589,-5.901030801036498,-4.233282564557914,-0.5886005110474349,-2.744465442855094,0
5.014430830284685,-4.823099343668619,1.3166980645148691,-2.2915800129222252,-1.9357213654406427,0.7351292609708222,-9.056177180270055,1.2483177877420863,-0.8291301835303785,-1.7739695493101502,0
-1.3269211691042395,0.9953534451075832,1.4685339022419321,-1.8109171945188651,1.4889398155003901,0.770698735178912,0.8390302686646205,-2.7579280311523524,-0.14998747135274504,1.6132818936419633,1
0.9357628735409378,-1.6809301539518837,2.131763959240565,-3.9444656258575828,-1.8588868091123716,-0.41288779170963386,-5.5459186668857425,0.17743801539010962,1.6168947113489283,0.5470485817608077,0
-0.8707864694443451,-1.7827686312684237,-0.15144879881220152,-0.9611208233179146,-2.152351301168596,2.2176841921352572,-2.269026620725398,3.217085811003539,0.8473004805742326,1.8103805615486612,1
4.080792505648848,-2.4443750537748072,0.041650920160711244,-1.9498579996028749,0.4860750209113265,1.0298067521786651,-6.647400954377523,1.482562847653242,-1.1909026081270546,-2.9141854100817906,0
4.407041716796833,-3.2097395863747646,0.9885557325118116,-2.064265170950498,-0.020761605322789256,1.220122079741915,-7.4998462585909875,3.1906420940107543,1.3035636343644337,-2.8380975449374928,0
0.1798741243842412,-0.8283287098407112,0.7980481544675636,-1.4892188816948744,-2.709018180320231,-1.1864086377904821,-2.9651000796697207,-0.7471375364728222,-0.41227886332722014,0.25202839953017264,0
1.3773560238959464,0.2309142813919387,-1.355462330515652,-1.0374361385521373,2.8211381083933533,1.5338300148705768,-1.412227547704371,0.6021839770932934,-0.5953072234321486,-1.6775187152729443,0
3.2220817287055694,-1.3840916494879274,1.6355997301020948,1.0727769004933405,3.096183973092832,-0.25463338653815404,0.21121347608593022,0.8247685244412465,-1.1241160901204668,-1.4940993392950157,0
2.3435254540352592,-2.7527853971439042,0.6028629549303025,-2.381398997789998,-0.6027506242248268,2.5405502151990547,-6.328224571391488,1.442628799422928,-0.03436237169197916,-0.7319666247273743,0
3.8078230689562975,-0.46343144768840205,0.7258167581809385,-1.425380101292109,3.3698353628598254,-0.35636567412688036,-3.2575754893488194,1.8711114605311818,-0.19151364993265155,-3.6897391103304327,0
-4.196309911644213,2.5563554444550114,-0.9116767518967493,-0.8909713814142278,0.4180657864525472,-0.11229732855139529,4.547210354725677,-3.2650104894132896,0.39912680795521044,3.532980589686261,1
-0.08539466430833491,-0.019281091857737076,-0.6105815971454611,-0.6618014442892233,1.159953494546638,2.0875433159564882,-0.5970994739628553,-1.5230451161837757,-0.47684865915790237,0.3090173865251913,1
0.7374935752967624,0.40274701689591974,-1.5280387727866134,-0.9958402546796389,2.245613869950892,2.5048689042049377,-1.873308957563705,2.7499427798168323,-0.702718637086929,-1.9170221176051223,0
-1.323958173019387,0.9059622487115947,-0.6132969571807217,-2.1320062789649485,-0.6238728446224981,0.6896795640689319,-1.3153339699628885,-4.61189410923887,-0.8418556659923051,1.0141595668381143,1
3.9597762342960925,-1.186482973622486,-0.7399678398989107,-0.3695057139294333,2.622831745275062,0.11672961869307108,-3.146751217958435,2.3742624935912002,-0.8125845526991459,-3.5062651853701525,0
0.5132906678260034,-2.5157948848982477,1.0558731394775773,-2.1462837420321597,-1.7870713654846229,1.6869875463906467,-4.134109955560967,1.359278156098311,-0.6400853217739039,1.5028836682515936,1
-0.8198593482817642,-0.1306796740219942,-0.5621739324207282,-0.03452450942220686,-4.586562716475497,-0.3651634862483619,-2.911656896746035,-1.5753241336501893,-0.6622494893675276,-0.4573788649862134,0
6.579396482101727,-2.960228200426318,0.5617634898810563,-1.7469411769949086,0.874197781295616,-1.1717499069462796,-8.140208788894228,3.1165359410733506,-1.559087443681418,-5.381460200055368,0
2.835258790572728,-1.6881867870078593,-2.542519032310562,-2.781978360348132,1.8457404847916508,1.3431359870441164,-4.893964452932374,1.5574899532881639,-1.4061751862672949,-1.4835175506998588,0
-0.13219436213986543,-2.9571987937224042,-1.0978201582457976,-0.4515418813830858,-1.4202856830689017,2.427723919869194,-1.6241244424388017,3.763129182685961,0.44166251155440733,2.643133778829475,1
-0.9973775676783141,0.5218083561680531,-0.07078054990041978,-0.9556251447853448,0.8852586824969929,1.6170468399837525,0.2742777216016339,-2.7473263001411983,-0.8571665421299557,1.1599132385558317,1
3.5282960145513815,-0.8228595321010028,1.0108276976651238,1.7732342326897257,2.3270089523644915,0.5666018340501693,-1.2347815888752556,0.6004560940551847,0.3762049997251888,-3.548386625105033,0
1.115408339308593,-4.445483234580145,-0.5640446141319949,-0.6400158511172686,-1.8745848895274069,2.1688344241985638,-3.0494928480136254,4.364090905343254,-0.7082019045090993,2.7494120067524563,1
1.6234741531533803,-2.5145364960220267,1.0762912853130053,-4.3054467794224625,-1.3989964249422338,1.5901390483251008,-7.407198646764036,2.6272384344971016,0.8138229320235352,-0.09670217437873951,1
0.08912272619569896,0.13529937751102805,1.9852692047655414,-1.962791597405395,1.6527731842466173,2.3544950696000555,-1.7453122504729164,-2.9255435167651127,0.09620904152697465,0.25965517494828516,1
3.6409481223090845,-3.73617034899486,0.10636316488252315,-2.251229427230001,-2.5195231674235403,-0.7947419418203402,-6.9689374546333935,-2.5682032488241155,-0.402266534187666,-0.423739895038276,0
-1.4313117219035962,-1.2816375365401553,0.12233686455728619,-0.49842008019344,-1.6920553342444067,2.2216453174614053,-0.7313390316162163,1.109130308162389,0.6494803179457108,2.467362998438671,0
1.9468983454133761,-2.72769750974461,-1.492548016245537,-1.6329537707467388,-2.477184696768056,-1.4645309320204072,-4.038579312057914,-2.2968575977503063,-1.4269882580578632,0.8756487597916403,0
0.8112160232527089,-0.4505956507768689,0.8079782086115529,-2.7313897837377477,-1.3987697124780671,-1.2976990696519088,-3.9612093907067516,-0.03243985698576357,-0.9751404666484338,-0.6639796712735365,0
2.7995153518331737,-2.1123741251287895,0.14875008718415586,-2.878230255568302,-1.6231433034064537,-1.828800924963641,-5.706957185019773,-2.9895515115082656,0.12443369604736028,-0.6780601964034945,0
-0.33654348382898785,0.13734926465128483,0.4526576388032423,-1.5532550224989696,0.8370980810552775,1.5514958794671294,-0.9581157796346701,-3.7718564248292594,1.6191445538188523,0.9103601982380679,1
0.7590196015482387,-0.5739257198855676,0.1748582962589048,-1.573354875370726,1.6176093498974913,1.0768420828319392,-1.0595521961623646,-4.168866696445036,0.30337780870011033,0.9092530298395778,1
-2.04299837573194,0.9997489011741596,0.5414510939081782,-4.9423183405170725,-3.1563452335043447,-0.056408833714176376,-5.2607147018174,1.0830403749655093,0.5197537274490656,0.23790263711247706,0
-3.379956225651761,2.683128582968466,0.335824511969017,-2.737378744402967,0.5732274289000405,1.6562079814347281,0.374369459600221,-0.6056724455639775,-0.23193741789128622,1.1792179448008848,1
0.310706170032765,0.1300690662297621,-0.06451827133999226,-2.876148920984382,2.4294810763837957,2.286862433344214,-2.050428157861107,-3.6846656663483204,-1.0294125947234665,0.5192135653599097,1
-3.3192481733652475,0.7863542302084645,-0.8797227004728718,-1.6381382388120342,-3.9817325590603883,2.4944981925036886,-2.6386225730663493,0.37256612398710587,-1.7169486370974874,1.1733362440242956,1
-0.2122394148728511,0.0898213126870151,0.6928725545100075,-0.5980126927467413,5.000403842579126,1.7682563612875966,3.6021524121016295,-1.8335610359210746,-0.5348461002515841,2.4684310802889735,1
-0.9562095815018902,0.8320726509794755,1.4405053235501524,-2.1608786594054648,1.3911391932717803,0.47685548110934195,0.20311956616394716,-3.36772918373265,0.356566877576198,1.4532653385668353,1
-1.2965414850313688,-0.6542843606847792,0.3933593044592069,1.341070271288173,-5.518599452986922,0.520335526173731,-2.108781938994425,-1.676162876205979,0.12307636799957726,0.251156730000351,0
-0.11774438913694121,-0.8295560089552578,-0.21068491871541328,-1.88400953095536,-2.431215474598055,-2.0173374924958236,-2.142845571254992,0.4819794182700923,-1.0400453814324517,0.9906970672342013,0
4.7400757444970685,-2.025598514329391,0.09752720449497873,-0.8541980155342572,-0.004720358594347163,-3.2287223793863395,-4.254801960347855,-3.336497790040336,0.16615101996895806,-2.6465174748597473,0
-2.9795635177654503,2.1884555377636867,1.0288133240380664,-1.9146603642005506,1.5913203693537201,1.2652218264895083,2.1822269233244036,-1.8441207806427364,-0.694668187760602,2.1201034583438423,1
3.3916626860419177,-1.2864867864269904,-2.354651287593866,-0.9755589230484123,1.7682526462960932,0.8372625555656927,-4.079699877064778,1.8885310972682408,-0.2058450363787221,-3.0233533125042835,0
3.895377246457899,-2.3224461256699356,0.481818378498869,-2.496843202393644,2.7740447816255416,2.576420941567388,-5.3505459073820845,-4.012165680426495,0.6968881420523753,-1.2609560579779635,1
-4.1625906886099955,2.9806559367225716,-1.1078134759495732,-0.7501498849828714,3.8080985161896126,1.7096074936822,6.236775278926049,0.9298757974200673,0.3228579583511724,3.222936697693208,1
-1.9087266317398301,0.2969552421270141,0.9316074949748296,-2.8989732309168863,-3.542328956483031,0.2339049637565278,-3.6992766082202313,0.7563785813059143,-0.2205555959641318,0.7383909448365742,0
-1.362714333027552,1.6249220663897823,1.2402802769283487,-2.787149644592249,-2.155306150745525,-0.8613391737771007,-3.300771077818968,3.1328701553149063,1.2951133058467754,-1.4882945434716406,0
0.7420226626508805,-0.4655943493456409,0.7109694066107327,-2.086952116999485,3.0130962823761247,2.3495230966786593,-1.0091014499173867,-4.532456498341006,0.09440600695170251,1.12352712304584,1
-3.9664831978096715,2.6915763211014605,1.5427487877357553,-1.6261946011603956,-0.8775156727755706,0.9933373788492414,1.301096440975116,-1.1210413784991788,-1.4080892472263937,1.6017987035119743,1
0.0061216300859502125,0.41593424376084465,0.9308613974488872,-1.691946482075316,2.6730659429128405,2.9624577350359065,-1.0769735286411202,-0.8251167697837689,-2.648791613688187,-0.09492867510013459,1
1.5679834138441224,-1.99444977787086,-2.0600194166787373,-3.8676693385350305,0.7271759556225293,2.922185596841203,-6.0546287688112175,3.1062154959793418,-1.0975146701051686,-0.30607392985552706,0
0.6188002325843374,-0.8261309315790224,-0.3865748763290467,-2.726630357098446,2.4390624064831035,3.347710743600103,-2.9217504494027495,3.305661606104282,1.5648304050350645,0.0056701892951518396,0
3.032666816083722,-2.3076424877180104,1.015298601822176,0.12382969984461889,-2.349043664248661,-1.3091513965245585,-4.211591495769049,-3.354130437208882,0.3733900671074874,-1.4356133936865012,0
-4.46921207579173,2.9854013185549224,0.6781156972187059,-1.0229469426795987,2.2262664361145914,0.9272710701209003,5.554891754357035,-1.5426623210242296,1.2525753714428214,3.5872323601520013,1
-3.7097609039341406,2.736665414243646,0.18077901813447167,-1.8834671793154585,1.4559843358108713,1.2209130962345887,2.767446033256436,-0.5108237386694664,-0.3054849760766417,2.1566033064861077,1
-2.9188233182600176,0.15558317830699298,0.8927627434331373,-1.6845521681603175,-2.63001299945048,2.7380132514112066,-1.8390359541387986,2.3127055516328006,0.9833209939471829,1.8137966298958683,1
0.6985111929363457,-1.990033849256515,-0.45884965473904116,-1.498544593782119,-1.0088875305784053,0.4593869548962082,-2.61217335858829,2.0529650342674945,0.39337169115830556,1.0705251893771113,1
1.5587805915231567,0.01990058896486313,-0.17008360433451275,-3.1270927070236043,2.4728321030546123,1.683545481968216,-3.932088167190338,0.9128684598060063,-0.1990116627445822,-1.7848036599749406,0
1.2550636806718898,0.529806385226526,-1.3556334850128828,-0.003059123412747722,3.738163715688615,1.2736007838731327,0.5818191375690933,1.032769173977026,-0.0381131419300436,-1.5222284721035626,0
0.602508497215198,-0.28579817534553587,-0.930617319726204,-1.6199606264848272,2.1882778460629884,2.4183151656880395,-1.6958126103943523,0.8840287256640044,-0.961882966805388,-0.2877530498499201,0
0.9546899503937477,-0.1968813174761701,0.6466355462956137,0.3205578857354736,-2.739754442839531,-1.572041094791899,-2.69810385733952,0.3416450951112653,-1.6439267258492505,-2.1339553852229605,0
-1.0039600079830497,-1.824228608131226,0.7283555133270138,-0.3979064685280369,-1.7334469896703166,1.8658752401589596,-0.774537616684898,1.5476310924842527,2.32784124294786,2.6597732834424592,1
-1.445752700494122,0.5178781004936357,-1.1263778436949428,-1.950676328398813,-1.4835701791464975,0.8807687667170209,-2.227724482414033,3.4893568120276255,-1.415964452633154,-0.01878694044626794,1
-0.7516271350846649,-2.4173095017562294,-0.46896322309568717,0.5076679035858764,-1.3873364671256583,1.99639674428638,0.20575602468058246,3.0657293178043217,0.49064804374031934,3.0086392163169666,1
3.1033424751020666,-2.160897209149902,0.9107540987715476,-0.8781531700794596,3.7902362265521927,1.506806784666423,-1.0385445657160033,-4.631048738532422,1.1334063991156698,0.642653258991852,1
4.540383692323797,-3.3800158906286004,-0.18406714465843874,-3.102012239913684,1.0399388828032552,-2.0602038062989374,-5.096518105194572,-0.5831629285933082,0.718451846602924,-0.40111764994514987,1
2.1201059974811334,-3.319723192147841,0.8947336081196483,0.06512492184184282,0.8605923534247917,-0.3449603367045697,0.06623392336328883,-0.4446016432419184,-0.43778264760517055,2.4260523779925016,1
-2.929776927301068,-0.1611165462203863,0.9686868438045079,-0.7142494292922309,-2.5437238113852993,3.0102711842352035,-0.9494951945130418,4.1593279698254095,-1.3850826956528461,1.9104547281329538,1
-2.6698183383695557,2.2130988663466837,-0.847262107455948,-2.7826233368726174,-0.04186071341727571,1.5196193947567744,-0.9154517774571245,-1.1468117583458282,0.3833579367775718,0.6052921711333468,1
-1.3722340546047858,0.9298080527954035,-1.296931835501249,-1.880012897662835,1.6678178017527627,1.2565340054216703,0.8276475909384495,-4.09052281496246,0.9059545101205322,1.9267091981545892,1
3.108667001532549,-1.0814204940748837,0.7824167049754506,-0.28368446965891025,1.786811201557251,1.2106162405004275,-3.33688420453611,1.2669605670451274,-1.137794331268471,-2.959456325451195,0
-1.7470804397637831,0.5617663779745059,-1.4495180163723127,-0.8882732030755344,3.457713791090839,3.435977235838304,2.654802306359735,-0.9656990735116722,-1.4718738428399167,2.670446443886939,0
0.8127986283317008,-0.09498706483642083,-0.31213041252544454,-2.4679897953814005,2.617500811160715,2.8540080976428497,-2.7604078519735116,0.7516845715717451,0.12186318356926855,-0.7774161069574186,0
0.9922748550361301,-1.3225670932403697,-0.644914616976277,-2.0784462794197216,1.7210213351375279,2.032130918325964,-2.1327807107614394,-1.0854761586998514,-0.7415210597033679,0.9513743936911894,0
-1.9067099200340758,1.075065354717974,-0.03817150510742225,-0.8666620264873995,1.1072128661618523,0.4430185562111557,2.4338019494064005,-3.9055609661208406,-0.49528094883943424,2.4563013684744828,1
4.3320821788427235,-4.265474202767548,-0.790590310513387,-1.40563819804017,2.3285591114993553,-0.8061086917320601,-2.3503248693057106,1.2296691590024522,0.49262449269952874,1.1209608844702657,1
0.2671054007684901,-0.45593523332103336,1.4161423815417427,-1.6756189262265486,-2.437092704955325,-0.835441403705469,-3.50839991870066,-0.0008948522451655005,1.7950589674972575,-0.559854583681096,0
0.3657530255864996,-0.3436954373229253,-0.41982649015113027,-2.7300695657156515,-1.4208080439787114,-1.83062889374186,-3.0572452016915355,0.3259478317933824,1.8624191219092678,-0.0025332087841807294,0
-2.6993814198784274,1.4158620038418785,0.14423793223703035,0.09837543644324054,-1.4909401731651606,1.1088627144685157,1.1552857038646296,-1.866970312758959,1.7918874440747117,1.2266147700009453,1
4.445822577518945,-2.188905440213677,-0.5973774587934136,-1.1128181073164087,1.14194963220225,1.206496914959237,-6.2114477974371844,3.9529470789825227,-0.10329559336349221,-4.072021757259328,0
-1.9406110936266843,1.4708041139430184,0.4554608412714052,-1.532437802213818,0.46630289364601607,2.740706805080763,-0.7050229747305986,-0.9942910615406249,1.875910722591231,0.3232689126660999,1
-3.8232451408361987,2.751549799280185,0.773936342304273,-1.4714297388535043,1.4252575372084955,1.3328850883873413,3.254346093305252,-1.3209414001896365,-0.7521298862407018,2.3628899742607663,1
2.3885051283854692,-0.8496596771291921,-0.5605590566866114,-0.9080154469895855,2.009042099084061,-0.24866357347922907,-1.5482048710889444,-2.6319230318237903,-0.09242057982758684,-0.8730145235079297,0
3.6409047590461525,-1.94623699461648,-0.6941870693037439,1.0379417977903787,-1.2082616299133728,-1.5810325953730324,-3.1431845023009224,-4.209878986623966,0.588621936003723,-2.204312131719433,0
4.490830082354046,-2.6677380397961397,1.5393663028842566,-0.29122866661429336,-0.45171347531139117,-1.3801796177367716,-4.584977188165051,-3.941247729212849,0.08121213732536764,-2.074133237777236,0
2.105492561989344,-2.027349636080421,-0.8418796978364393,-1.5692961848574754,0.7542998942294337,-1.2705384837685405,-1.8827701586445562,2.194759353228285,-1.6040540716737481,0.39051426277829915,1
2.305831133988927,-2.038887942050674,0.7033777899369346,-4.793078472525926,-2.0535572011434526,-0.14328812783212297,-8.504884879145024,0.04313472756044723,1.237359715735833,-1.1929693364215688,0
-4.29082969802141,3.009955907524832,-0.09163078436422253,-1.1123426937614094,2.60562873088924,0.8817322095481976,5.527664639499086,-0.49269581054456535,0.8865805647397281,3.3119424783956086,1
-0.4974047594766844,-0.08448476635669055,0.7510288316940984,-0.5123501551293256,1.185203651721278,0.3490631280883876,1.567727743956105,-4.676818628901111,0.4648656402301449,2.1953161432194133,1
4.514328332966269,-2.323205331095359,1.1188144317389082,0.7387231760734991,-0.39368352438447296,-3.5239857732218285,-2.4062802031237176,-4.178496883018828,1.0870008867798273,-1.8856680532326673,0
-1.3288653241543606,1.5362642007542846,0.9039541128711349,-3.38225512792279,2.044661623344794,2.293476173594449,-1.4372434880238514,-2.0186020952277715,2.0722772906590694,0.5012566760704146,1
1.0284361972215605,-0.7068141327202505,-0.15349713684475594,-2.0912665481834374,0.24643159302881168,-0.7818220276906387,-2.3850193616910835,1.9781245141406512,-0.12349510388267297,-0.3168573382093254,1
-1.1612030810338405,1.2251583615976074,0.12632127295678958,-1.731407115659115,3.8974398367943954,2.6374973393630743,1.4373508201463139,0.8384499004017987,-1.9100805144148183,0.9778380368811211,1
-3.460377857495767,2.5111410944137025,-0.4640312162552939,-1.3985612603818096,0.30603586320378073,1.6699214090681378,1.5430753995192055,-0.38730058382521526,-0.30989072676033885,1.3112889461231398,1
-5.91563483912891,4.043582642758773,0.46277104529821705,-1.1237730431641988,-1.1819560399835325,0.10070416505822521,4.024363321136156,0.25590534304987744,-0.4509814122037964,2.502132621693816,1
-1.1043891737894849,-0.6964570401656919,-0.2933188682052779,-0.7563571675746227,-1.5222996038822096,1.860818109298696,-1.5095665654784147,2.579644957520946,-2.24809519277107,1.0308339683161203,1
1.7840844504862898,-0.8549692269445722,0.21443495432848378,-2.108754283655463,-2.364793690553341,-0.06967183511425246,-6.300442161118289,-0.7766693183873123,0.14394199312767722,-2.431631116154263,0
1.879320041972109,-3.9427654144865296,-0.49623400933580986,-1.3969676475675739,-1.5619443185540594,0.5222616803761269,-3.7146416378723632,2.9953384779564454,1.1786379460415939,1.7670317441039272,1
2.775571378709876,-0.997833969132692,-0.4949271205663885,-3.9304194545854094,-0.12057596336130483,-1.8099119276841988,-6.042718416629265,-0.16599801596816066,-0.2657821783948851,-1.9997341956993018,0
-3.3994690868672706,2.4264663150882537,2.078277976404369,-2.4072733495014234,0.5509879536016391,-0.2744523697824499,2.275192562449369,-3.094295625122277,0.29628452930912597,2.664033349652651,1
0.6549686381550922,-0.5746861612049264,1.932582008504309,-3.689598864137308,-1.1928481948474994,0.7807092163522921,-5.54877588037384,-2.2664614184754273,-2.2934262786165016,-0.4308414302635921,1
5.7150039083023465,-3.3737106186545045,-0.1687660846202088,-2.9547767687021134,0.9086596916039696,-0.4470306792441252,-8.049979423033292,1.6319455540665444,1.5177727839378523,-3.285305422368671,0
0.628294415559343,-0.010158230004759794,0.20150574625135806,-0.5616763504479911,2.7205914937433175,2.5995812621041683,-0.6179717217454636,2.268164304400538,0.7906010971403166,-0.8411705595811771,0
3.8414609198216647,-3.109379161753986,0.300600001229167,-1.4385358335753315,-0.3728202426253451,1.6163578226605235,-6.653852168844648,1.6701493346969936,-1.1861924157388257,-2.210439331871849,0
0.0683642018456325,-1.3050838137838545,1.2394297942401529,-1.3249836684858336,-2.5712749609156456,0.24844190664644605,-3.16040148600467,-0.7355739251673775,0.06676745530571572,0.7204812936576666,0
0.6083759655615447,-0.15209125182641792,0.4139856289289939,-2.021085074490154,-1.4228911504386044,-1.6502280969740148,-2.982903938454574,-0.053348166075757764,-1.4202132730195294,-0.7357291677545356,0
0.13929247393801053,-2.4894067883364737,-1.4898608422274942,-1.0354148370097076,-1.531906495690565,1.2394305299279917,-1.9330400192176687,-0.09089602191226898,-0.022610053667901843,2.5088308863272735,1
2.5309791911790405,-1.7463055277722948,2.054567306579431,-3.959865725292225,1.7203205815194036,0.6809401799953391,-5.030638027868577,-0.6458548764963918,-1.3153569424762155,-0.3065557850731859,0
5.500833974527484,-5.170039107368645,3.295904459927551,-3.2352724101026418,0.7758213605659225,-1.2676754995652937,-6.303303823059769,-0.8468944100445817,0.5531805938362537,0.4921089666080387,1
2.5194786830095857,-1.8121541358713336,-1.232520250191225,-2.880046650362485,-0.8431816132028488,-0.8078454220877833,-5.5909494219751235,0.26060197870941404,0.624056731915687,-1.1878922867562227,0
-3.8775187775143536,-0.2208762662036008,-0.1878442228423257,-0.16233205782020454,-3.046677236339368,4.200097207913519,-0.13306708755064492,2.0253081866769946,-0.43360798852124477,3.140054751980825,1
-2.559930068179454,1.9268949520520557,0.10754190416009651,-0.9636907934153187,1.8600009645539188,2.576886283980622,1.7878697407438346,1.3369420846665614,0.3194622960634064,0.956775721493499,1
2.6387217740971,-2.6732982471660476,0.5574194011240288,-4.143222230592395,-0.725815391317324,0.23403873270644948,-6.878949398682171,-1.0267653438430382,-2.4608895751718785,-0.05720874600345671,1
4.217085110875975,-2.206565567480463,0.15399553017779374,-3.279217994404812,0.793885370048795,1.361122106562472,-8.344037492972388,4.73165468320245,-0.6960867266665095,-3.9004884993398106,0
0.07442303887477958,0.45355746813165876,-1.9708737130102232,-3.6257471552477045,2.094676771875088,1.8134880739438637,-2.5698025909502737,-4.246194252028611,0.5303092737415597,0.5268945720904461,1
-5.152630767065902,3.6455837427787703,-0.9800285772120445,-1.0776836651976327,0.1445035388318734,0.9282122244647971,3.8836616032347635,1.1440935471723241,-0.12764006947894457,2.148185653549872,1
-2.12261802298896,-3.465073564370809,0.8391109225716529,-0.17384185264907925,-4.549184910371835,4.6650255263613705,-2.5517416987185584,2.315146717611947,-1.349487704280264,4.417071611598513,1
-1.1455611291632202,-0.1162029442254191,-0.8532259807575766,-1.291876504115536,2.394614879870031,3.5147823792880253,0.5879197543553081,0.880358756124976,-0.49955522737033137,1.923723746630396,0
1.7386146992406069,-0.9007419588108035,0.038645145484579646,-1.4541528456752633,-2.0736530137966014,-0.15226512082737953,-5.291527667680909,-0.3203178010936072,-0.31710603616642263,-2.22562703299614,0
-2.57284204156262,1.785863114206403,1.3254122354103484,-1.0139695267270468,3.880288512260576,0.42888202338794046,5.4970652683431735,-2.3952949142129523,0.23023411373751032,3.600688410768416,1
-2.0211136648560504,1.2711921799197872,0.15308225522302246,-1.188830710624027,1.4894650822584963,2.0978009237685407,1.384640706930168,-2.502122844108128,-0.2606166555822319,1.7359082944997006,1
1.2017263510789538,-0.5890742966336716,-0.14764517993708198,-1.7624877614191474,1.8998062499027444,1.793684743765481,-2.3395626382432995,-0.12519289732105343,-2.174342726627676,-0.5223904143961139,0
-6.19547451738961,4.340610689670219,-0.3008319004712926,-0.7927167700696017,2.722903858715258,0.48674439514350976,8.10213774709382,1.143024854765629,-1.6394878749236417,4.184337386357317,1
3.40611302372785,-3.224810943615435,-0.9417636358072595,-2.8708949948928275,-1.5288572828643008,-1.0778211410443672,-6.432010461520209,-1.1807271928639613,-0.5311230227989046,-0.4224878649865127,0
4.509328923453393,-1.8944710318153088,-1.2244430652472726,-2.759999228130007,1.0814133008956022,-3.6050297968171003,-4.412196378008796,-3.4979097847969323,-0.8718636075653284,-1.6447527586011668,0
-2.559061116764103,-0.775695060491603,-2.352625570054302,-1.6143903948425693,-3.541854356838658,3.789226232927552,-3.405019818860495,3.566246575324685,-0.15999032037438216,1.6435751212118965,1
-1.3660062428898345,0.9524992275212886,-0.3629311062260155,-0.9134706046384752,1.5640081583149856,1.8968886952069317,0.9672524449083277,-1.0055969209483056,-0.6736466591106411,1.0399784183865353,1
-2.1017862998169563,1.8146830044481388,-0.34138077704952186,-1.9236644705501518,3.7700841307704476,1.8458957947048575,2.8017335978852063,-0.8579460313703767,0.2818324840548217,2.058024774447901,1
-0.9944499717488843,0.62972801986337,1.3728801950457008,-0.6620227503540907,1.7427222016838466,1.4360177618172023,1.3468000238491251,-1.3542880305052687,0.38609295695347046,1.2467295628931134,1
-0.8569572675096108,-0.7442296483704972,-1.1475636788775472,-2.6311704629124493,-2.130777902358617,1.6355611461763417,-3.935100297894831,1.2467964229766744,-1.7270575328396187,0.8162398705943359,1
-2.1582144481984895,1.8158229075811623,0.5616887923660444,-2.73140297491868,2.962177286964863,1.4177426850391157,1.7181122219052967,-2.242078315934539,1.9181113282928612,2.159654726468413,1
-0.48874086119257565,0.2670847782470145,-0.2743113100248369,-1.38396911207025,-0.3908676908402473,1.2153367782122966,-1.7593654670663108,-2.046632910102134,-1.4386904148121904,0.1503584906992863,1
-1.7852771819866344,2.4433062831627566,-1.203475655250068,0.6141083322470338,3.262962159733405,3.8450028841884762,2.2520457174816584,2.2545870451334014,0.7775357723291906,-1.0589559703820721,0
4.29069555339769,-0.7906402399631358,0.7634238129842029,-1.2673221851077636,2.068567722392095,0.7268072372951455,-5.750259023635379,3.795499104772926,-1.0796013185359161,-5.32066157471503,0
1.8972693149426443,-3.723300649201308,0.4294220603191373,-1.9204340346707682,-1.0043933649265318,1.4967701767910246,-4.455176937112086,3.0944974401856102,-0.9592269745829358,1.354909152858899,1
-4.755241652019192,3.1055865826691287,-0.3133762610203736,-0.4883290938235343,0.037169002113032645,0.803827539132031,4.212986281888066,0.07801049909590141,-1.0558556403476926,2.4802220973085953,1
-1.1202962388686613,0.6878115691068437,-0.5001554754572896,-1.0793423685087025,2.052205064215207,1.41379022827339,1.5529530735639174,-3.1635728055916488,0.47119583303235035,1.8424452608697888,1
-0.11318346812696731,-0.19373714542644183,0.11183886506958167,-1.69334577255831,-0.39406576975278207,-0.14807886296641204,-1.7893386555965116,3.5702519907280297,-1.5985735619036765,-0.13645423370303145,1
5.040566812689984,-3.458300916592437,-0.3286526879526677,-2.606901945724096,-0.1370803792866626,0.19568021231113408,-8.213097411481348,2.9471944575709594,1.3229805704178166,-3.0805002672078894,0
1.501410665988553,-1.688724461264753,-0.07712587745408273,-2.4919640695028296,-1.1760726888023403,-1.399274445953047,-3.691571059786936,-0.3890899631025344,-1.196599388711698,0.3576877845197124,0
1.4459477525209694,-0.3727794917427594,-1.582735902482666,-2.163301085557838,-2.2462163472994057,-1.487088173145534,-5.0297587746093155,-1.8109569518278594,1.3825844833260705,-1.9101884459519085,0
3.1917219288181204,-0.1930060633841275,-1.4629148869780788,-0.2685507437502974,3.70922484458268,-1.076082888751423,-0.44758649711643417,-1.044827632567118,-0.3640012345478949,-2.3048340717742284,0
-1.4986727614251352,-0.6066207611950298,0.8553770810259596,-0.33347812076842986,-1.5067155468795301,0.9591495850975769,-0.0461160158197831,3.573361077867043,0.2968814960997085,1.6575709392458595,1
-1.837755456605121,1.0215080868898665,-1.76247267075866,-0.6489786242475732,0.5286267480011696,0.878172126720045,1.6357784942968099,-2.809266472219109,0.5101541930407117,1.787847162293697,1
-1.8339424225491718,-1.214108627796747,1.9608231634989997,-1.9913249729782596,-3.7311497727152227,2.6348417180063537,-3.465031644085705,-4.455131675398313,0.5830523188358719,2.8070488070946302,1
2.4470790800617315,-1.9126815233433858,-1.6826891384009004,-0.7094152975927571,-1.6121375450055957,-1.567783724769011,-3.468267367726086,-3.10281328035133,-0.6284649825014651,-0.6368331890346748,0
0.292804708148114,0.018919534712339203,-0.45282463042812127,-1.4636199225874755,3.2889428845741002,2.838418272598031,-0.2977794291671215,-1.7639820679393017,-1.953615546009279,0.5638265898684918,1
1.384585586163957,-1.121533892491966,0.02734299427089362,-2.3240323569470585,1.0234519296070785,3.285369434352492,-4.752629509445993,1.5686357319050739,-0.8750274215974253,-1.2004393472664916,0
-4.087511144888569,1.8875058777831875,1.286871921509803,0.5161034200027554,-1.4113361123136359,1.5744326448811012,2.852059363641898,1.7409186357902249,0.21686676129199955,1.9647178499579385,1
-4.626781615338187,3.195540676787972,-0.377163761191214,-1.3761206398565482,-0.0874834042167707,1.0720948140636568,2.889130619857864,-0.5014441049328797,0.5420378698608734,2.1279671953947,1
-0.2936002094023286,-1.3143833193707306,1.2770431665004813,-3.346107951596482,-2.1097245642120512,-0.8670890537765702,-3.375320953598111,0.7025116898988832,0.2347973104655174,1.8400746354401982,0
-2.568267305460371,2.621889630231732,1.7890227409090098,-4.289694318429664,-2.9475624533755607,-0.5169143680037109,-4.288120101950702,-0.28490718045005425,-0.6446133060420489,-1.0015492773632206,0
1.9639335206701627,-1.4551279632951173,0.7868053635702738,-1.742391562535107,-3.510253109293364,-1.185386526632306,-6.149367535941484,-2.4181740310179496,-1.198596601683054,-1.7332400028440578,0
2.6972181160744064,-1.5512520431789483,-0.32224268787810184,-1.5468453114709555,3.5567082490378272,3.9504445712125267,-3.4801584775370777,-1.289821947812072,-0.3401475911688847,-1.1438062435976097,1
-5.24016237472923,3.8700278537730903,-1.3140535046976827,-1.3484863261511588,1.2665462562805185,1.5651375969140737,4.337660726697867,0.7886461626939152,-0.5455048576966122,2.362250144722143,1
5.444262087659746,-4.592419810013877,-2.1925688594329387,0.17743807140207846,-1.620592000695675,-1.6529510294750016,-5.34659348156235,-4.065131565138563,0.020072285110234334,-1.1075805401187622,0
2.4059588470739173,-1.5973251542577653,-0.4043098054983761,-1.7952350460823263,3.197485790718715,1.5454779282582167,-1.757533885120323,-5.303365873218423,-0.29690258067065695,0.7247517030928481,1
5.43152914515378,-3.9588284516428467,1.2291305876053937,-2.6088459334478644,0.08644761370025589,-2.2956011562030922,-6.283204135989373,-2.3537313356325233,-0.49274258966568213,-1.0677575184454637,0
0.38389543068303433,-1.929310969776139,-1.237875371832547,-2.577700202915631,-1.2505167444562393,1.780330875136066,-4.281896280327158,2.1048515592490977,-0.7559452808307505,0.9451242670386452,1
2.494389361559309,-0.6726311828391828,0.18949453678351622,1.510666679805992,-1.4733681384663782,-2.678789807322585,-1.4936100605913396,-1.715945339147036,0.6171092313643494,-2.5438273135533884,0
3.8776791085206295,-0.915322873414218,0.5462331917883374,-2.6723355875693375,0.3299454478057535,-2.061265038513418,-5.980863790362219,-0.024329114616731484,1.0842592868027388,-3.6641276431669705,0
2.0576733199008355,-1.006698568286421,0.3441858355951282,1.2665428188638455,-2.1855832109505675,-0.8947533884038292,-2.7599193298901206,-1.3360290370316716,-0.7177862563134088,-2.373082439578108,0
1.754728566480231,-0.4103723849777057,0.431911881640134,-3.3003019474913717,3.408774903386137,3.9504216177718496,-4.520152761042386,-1.586638447707525,-0.9303763787794554,-1.3354861070212465,1
1.380092860081771,-0.5878776761106157,0.4731928460882289,-2.7612281364627584,0.29017415813312253,2.8609153487104866,-5.577013272878157,-3.7460916655466603,-0.19145071796225072,-1.3611098662304184,1
-2.891699453463103,-0.25455740516820224,0.1235174623658303,-2.520294514657511,-3.834589605309118,3.6645430267342585,-4.130056648392529,1.3967854474671713,-2.5438013006149998,1.6649769381335433,1
-3.998404533642518,2.923354472730508,-0.48999836966134375,-1.2501998828078937,-0.35205063099537726,2.7188230802761666,0.754668332412095,1.6328948569611272,0.8967959833638672,0.4797060380565319,1
2.0133564392401917,-0.726708888439495,2.1709373729181145,-0.307506924582289,1.9889196091354466,1.7200307264417891,-2.151543681767503,2.331103600050861,0.06867782579376211,-2.017773491179371,0
-1.7532576330684315,1.3918922606448525,-0.6520424141872561,-2.0754411582252468,2.990568446067069,2.355337047335139,1.3631082936350796,-1.8050734744781838,-2.266406573227337,1.7446521038471619,1
1.3985192393440484,-2.762156530183228,-0.9625871605172955,-0.8744429588275092,0.12560538766772855,0.539752981357554,-1.388420521350849,-0.2222694722804468,1.0364809414232734,2.039826632550925,1
3.184588499689076,-2.6459172957878536,-1.0264251533272524,-2.6382099699940564,1.7468102575137818,-0.5488704742173067,-3.61583090887329,2.696418475629633,0.7482804360944154,-0.12198737398141413,1
7.105171739403892,-3.901769898202301,-2.059803972620879,-1.9125383168728947,0.6994491883059138,-1.1229494505689668,-8.596148642757266,1.5872833036961644,-1.3737292724646786,-4.601130101722106,0
-0.8562600650205078,0.3879383797523166,0.25470260364609987,-1.0561314120997762,0.7590228088894417,0.3476119480250217,0.8140911513540872,-3.503216112396822,1.4137824038593538,1.6580331015967553,1
1.6068817854921127,-1.09425946375152,-1.1564357971176482,-1.0323206187668874,0.9774838205083297,3.260611579269039,-3.648108781002118,-2.9793888573644214,0.9104268159439326,-0.9586301834218611,1
5.776039374881384,-3.3365410110556244,0.9301022619192679,-0.6427646112447668,0.33218426718175853,-3.098856955606742,-4.531112431170781,-3.528363233425825,0.0902751438037228,-2.1096153130976947,0
1.1609480632228157,-1.4444796991970597,0.9931008206116275,-2.981232951261463,-2.2997501899643478,-0.9947013756874269,-5.123814715352356,-0.9398555480817611,-0.9236317026379648,-0.0798217817764646,0
2.059377734160908,-2.041415292518081,-1.4843264358857589,-1.1260283967055176,1.6928034331252901,2.0869121636876704,-2.6269608406175093,1.3829440975132519,1.130831823162261,-0.1210458633602558,0
3.7129961107859604,-1.8868564629097953,-0.23213479857668998,-1.4926682281211021,2.6749276263250428,-3.480370527194908,-0.8202795720798775,0.24534231932878314,-0.9783419323035398,-0.3053246979945876,1
0.8473538567642249,-3.396869442165002,-2.2193137129633054,-2.9698003053144353,-2.504070256509147,2.713193534493115,-6.270758417010702,2.092623117304997,-0.3818071154983716,1.545848451679698,1
-2.593359509479052,-3.123890749026012,-2.174066389693072,-0.25496832442685413,-3.682316407507454,5.482623367081202,-1.8325857654358535,2.527605465181809,-0.03957959026796608,4.759774813780979,1
1.9013575211349663,-2.5524212344805033,-0.30040395851877405,-2.6366806566445606,0.34488175665273557,2.5374860317258388,-5.156447905803799,2.447642281410342,-1.3958984607370188,-0.00017417917357342994,0
2.04404430045096,-1.8840045998280932,0.7423329335252394,-3.860784222468599,-1.4649800695320732,0.2521454880670777,-6.888788715691052,-2.193412462802994,0.8973517023216558,-0.5546733988494157,0
3.7758038171995048,-3.0076631675758145,-0.39043323461963725,-1.101136842566322,2.258829319539253,-2.1751338225893964,-1.1509473691726975,0.607636366205405,-0.6498382822910318,0.5788722709063882,1
-4.799433260612874,3.8403080846058057,-0.243893539629392,-3.4169655429999164,1.1679731624321312,1.1395091716194767,2.073612923645695,-0.6005040572595446,0.07936601339153318,2.166232553959645,1
0.2839836353765606,-0.6582062930285179,2.349800648793925,-1.1500341713981888,0.5556410643762093,-0.0796195550742751,-0.4075966422284929,-0.9531746124571381,-0.6110260790203119,1.1139564082032942,1
0.3260429841571237,-0.10670962501142545,-1.3869663030223687,-1.4971222879932022,1.82606248478486,1.7162670687355075,-0.9466716062456315,-2.6706227206434363,-0.8190081164590941,0.5034467619068083,1
-0.335439705177961,-3.976702177500602,-0.48201191812596833,-1.3638824187899168,-3.6639810947607887,3.4248165341170913,-4.380305614094548,3.534848537987385,1.4320372285575054,3.1448303756517157,1
1.6306712166895714,1.1004457115464095,-1.746093664567248,0.6607630307220687,3.8776327366490415,1.3634174901112928,0.20424626082095204,3.3601844429611396,-0.5460144969849473,-3.386834376425016,0
1.7319787811359064,1.1183952939934318,-0.1759783314567708,-0.4276829553635242,4.192137635928194,0.6946341415877195,-0.10054281519779742,1.7251567888719486,-1.285439898508484,-2.8428977010113927,0
5.5885881320895505,-3.4189008104769725,-0.9213187551856187,-2.884407457973438,0.9985335934961146,-3.0079911324526725,-5.866051492983947,-0.37267556916607836,0.18216541635919214,-1.740189682767427,0
2.8680992672328367,-0.3396178229302911,0.16187082877908168,-2.2448867484920934,3.039689759642741,0.0364014334759033,-3.221818303376815,1.1258910718387243,-0.7180529119443911,-2.523608740562177,0
3.5031787506150818,-2.8048844072294816,-0.8447591476159557,-3.1872305323445382,0.34817776122280386,1.5282833800167301,-7.256675832916427,2.929513417487703,0.7900325675403224,-1.836739812753636,1
3.0102008627992127,-3.4098420925030988,-0.12504554572252996,-2.2411973979027238,-2.369834808492419,-0.4162021558360678,-6.356068975853033,-2.06909639555416,-0.4740498833600123,-0.06766593130043796,0
-2.327101979927256,-1.2464074094692954,-0.8536914729797622,-1.8182576265585257,-3.8469393429668677,3.8408513006108222,-3.7736234621451494,0.38749539256403764,-0.34394197749526956,2.359875560489939,1
2.950117988547469,-1.6160602411657936,-0.21111389571485958,-2.9683310311624758,0.875977966313227,1.4398513404755853,-6.401810319141028,3.100104211014414,1.2195012431978693,-2.5471366619889,0
-3.037708554170287,2.1368546320353716,0.22024507853168648,-1.1523986294984998,0.5265027340577336,2.969676445153792,0.7341351806360317,-0.3810018157979982,1.3575998152160915,0.8569785265740715,1
3.736254107128682,-2.7101089344245413,-0.8396364621557652,0.6529241372711394,-1.6310898606350692,-2.324270248486224,-3.251468402746128,-1.776037475722541,-1.5968718202187981,-1.4893647232673835,0
2.35278239557287,-0.49010122852370275,-1.1437531142419604,-1.8555798435704598,-2.230259400331582,-2.007884449832149,-5.746874443679371,-0.5938304722356142,-1.5882137516336081,-3.1931126623352766,0
3.10337727803019,-0.4011368099767185,1.8157419248412825,1.344709074426941,-1.1941138089362544,-2.652113718360147,-2.4663997400222013,-1.6789382904735872,-1.1824008349027357,-3.7960185180422137,0
2.373806697248323,-1.990866750038104,1.2352047009960347,-2.860115973547285,0.7805001746442519,-0.8002006081937281,-3.5260042111868724,-1.6074650076835968,-0.25096119262920746,0.4520432385994,1
3.4933734370657987,-3.557184051522111,1.0679930445034893,-4.095802055898023,-1.2002267220700316,1.967758911052428,-9.276306897891532,0.6337294710598668,1.2952712338333454,-1.170090503524535,0
5.292424008633341,-3.584480440690825,-2.1847980018276596,-3.2872747817078896,-1.0238902451729437,-1.8600853356063796,-8.225290050836225,-3.7002286586798894,0.45918055483258596,-1.891041517576925,0
-1.547970954016722,0.9104348613719916,-1.9006588141730163,-0.9924709185524782,3.343195254540259,1.6237153874626493,3.2586392105504403,-3.026426494081125,1.2207215224441101,2.7353413887955353,1
0.5842705887209436,-0.49023442866962674,1.2811662176111773,-0.9968744307490841,1.8540929918849218,1.6483219692129922,-0.5152790846798987,-3.386055389344185,1.9938690905087253,0.8116314784873245,1
-7.34354192449876,4.820592986865433,1.016356831603006,-0.8703538539879657,-1.661860833978646,0.6096371568966755,5.088189256356273,0.3500883757396267,1.7955704027791475,3.105145032268112,1
-3.4870855234330467,0.7531680811478161,1.232579728695679,-0.9412941200922856,-2.629491009615288,3.0728263534516396,-1.0017028465927182,3.86643080820158,0.11921331775690192,1.3697013946306607,1
0.2508455462418475,0.21730815021023386,-1.7603305128316795,-1.7347247786385074,0.015829795829243043,4.4758954557972865,-5.058106013095116,0.4597408917284298,-1.7714394218927476,-2.2784300471442616,1
4.112436908494045,-1.983748579341904,2.6618594440746413,-1.6199593986937493,1.7963661844066747,0.7534224545109426,-5.237082158475511,2.003900424528897,0.46485198087037755,-3.0172775141133936,0
-1.8462998356616418,0.5739410099005626,0.7348451931294571,-2.454180786426572,-4.464028072828657,0.601111903738309,-4.678425415395447,0.32046302072939525,1.1517603697548982,-0.3525448419684507,0
4.532420898287935,-6.2888176532618525,-0.9571872647358811,0.06477750253608727,0.5572995711916753,-0.8878934648134837,-1.6884830084936164,0.48597841799773467,-0.07758947796124847,3.0975087955677436,1
3.54958690529454,-1.6612142348510952,-0.008656047063539419,-0.49352460517048935,-1.198045293361283,-2.4656017293256873,-4.1815972462806315,-1.3926686324599302,-0.4923058249734765,-2.540747957300545,0
-0.10540758373935742,0.5128378786802146,0.4040077867516252,-1.8862055849167862,3.366410597091146,2.188278912032836,-0.138215406520523,1.9715143077673587,-0.1255575207095274,0.12159416636968756,0
-5.354073640304219,-0.27182211077132723,0.6485770987676422,0.7564974539622802,-4.76673374691055,4.939405009487222,0.7803674855646362,1.6986163812325108,-0.17524948640989166,4.4166181917441385,1
-4.137335214051714,1.434284864526886,-0.9415066802024327,-1.6831922558114751,-3.0077248414899653,3.7395861654554743,-1.9609617968988682,4.063333087638677,0.5564213188236213,0.9293219094331432,1
1.4190052508705233,-1.0626447843524205,-0.3183391890611118,-0.7088356537749093,2.5329293933553103,1.2697568700706166,-0.14958655679497393,-4.478933182981278,-1.1165860291120333,1.0156252974869655,1
1.0587909834353533,-0.581677044521133,-0.29592395237321967,-1.852143863489473,2.6154176616396705,0.822333300856584,-0.5808652382872403,-4.547582622279737,0.5358361524671608,1.1255928122660182,1
0.811463261285806,-0.5372971615313675,0.31016128644227375,-1.9043076872514317,0.39966677383577864,0.6908859271760546,-2.407525445808853,-4.24067982935938,0.056129453697272465,0.31449716406294037,1
-1.9021581759919624,1.372030805067077,0.11649669569269105,-0.677254406465267,0.09202297478423316,3.3185966527959456,-0.7708763179820747,0.628608966888347,-0.19322220435854975,-0.2985033331967204,1
2.896615743037574,0.1569386063449978,1.1507415009103594,-3.1134539740908043,3.8375124419542455,-0.2136221695232594,-3.4324816297492506,1.3437556398947104,-1.3720804354370215,-2.8233078830819682,0
-2.351766684149602,1.4060876938053704,1.8231391320249368,-0.700438540898248,1.5613685591211799,0.6298875941966418,3.2175989747718474,-1.5746479315681183,-0.816481306964039,2.427514907028468,1
-2.758877510830931,2.021034878232747,-1.4589264545175509,-0.9037120330922773,1.4343959097268417,2.4344265546853148,1.8205824641220651,0.32453838743815755,-2.7047045204249254,1.1188555393471311,1
-0.36390084892360897,-0.5236844906489717,-0.17967304371642964,-4.323567849892104,-2.6591306007092843,-1.1617641076349436,-4.908097748275184,-0.8172106713755388,-0.11833634492132052,0.8532556478086173,0
0.41687579705145045,-0.7888597084072987,1.1649737776570268,-2.2971214880987665,-0.4220390512136869,0.11963660270136489,-2.87649875998383,2.170770744037009,-0.5938390587341567,0.10289304162259238,1
-3.064388106073826,-0.4479497311113776,-0.12499866610595538,-1.8071631959625019,-4.0741937551219145,3.75755512589002,-3.3562647289988883,0.792341890918583,0.980358828441589,2.136458560384921,1
1.1551653734145992,-0.11361137469214388,-0.00945847792291747,-1.747445791604098,1.4512839731204425,-1.39810950687992,-0.7872612997323665,-1.7896510661747995,1.541714084646772,-0.01803570103749741,1
0.7908324654109112,-2.4236059381130826,-1.795615137468475,-3.7563573350812143,-2.5666092855602196,2.0234946345938307,-7.196642733461391,3.2544563262381887,0.12862806981147606,0.196599699958115,1
3.2867389517110914,-2.746266190238762,-0.027017167644053444,-1.2028438754776838,0.14478183227037422,0.6337028134436596,-4.551755095712913,-0.29272448935423845,-0.678870215685374,-0.9775702336248698,0
5.697757425103832,-2.487905697834472,-1.2683643786146133,-0.89994100314519,2.4536298769413785,-1.3386730970531695,-4.539402724854939,1.048763774364029,0.7531312855941531,-3.5662935884385973,0
-1.3754853002484744,-0.9996639903537198,1.667317649025928,-0.5355153609927845,-1.5889834642758365,1.5114503563976067,-0.5855064815501239,3.113730271201593,1.000290789005707,1.9226639271191226,1
5.171745800295747,-4.932483665498064,-1.3033425866855917,-1.7925839096630671,2.118579781680753,-1.2153950487752696,-3.316443653735919,-1.2945320188376304,-0.482475444945274,1.2947032885369611,1
1.5421276436495457,-0.2138457754406402,-1.3920938025032232,-2.6584904600195713,-1.560772973692271,-1.3664088615252314,-5.114265988931119,-2.042449182750365,-1.084166203198927,-1.9325378255508694,0
2.0090820629912467,-3.433577873730158,-1.8511036739237008,-0.6176414438626943,0.2809114066637137,0.3450752719288639,-1.6322627538107906,3.8911869035316253,-1.397701488322202,1.5806265053039346,1
0.9899500284645392,-1.8439115409467175,-0.7102213308649403,-1.1477459221853499,-0.0033954066823880247,2.3313949386951,-2.9027049851783766,-0.26860904658076157,0.540136321844865,0.5843026376490132,0
-0.9824420607877518,0.5587974625973618,0.15184765723289315,-0.9944560703545762,0.566506047155149,1.5540745212160811,-0.11507161007249632,-2.203818263598579,1.651311760495838,0.8521765166826303,1
-3.3402291483568027,2.1857491384646117,0.8506333940173941,-0.491800651619988,2.6538172813030885,1.1625063181625555,5.048541307590361,-0.38802599394962134,-1.4978260296618657,2.9514092188615404,1
-0.8121003408511965,1.8084966516970247,0.7403211861820447,-1.2130770731772447,4.689024225063945,1.9100751216508527,2.3223848683779345,0.34214673565409126,-0.8846113036358534,0.22569957038099564,0
1.2040179856910989,0.9323615159227856,1.4166748407239182,-0.9247423378476466,3.791356151673264,0.9852404330655178,-0.18022951625642897,0.7904327589192083,1.4874809385613124,-1.8393465471960153,0
2.749062321591465,-2.4835671816786906,1.05629850798837,-0.6362485119650708,-2.384697163866996,-0.1424194649666748,-5.381112681020365,-0.2605451719338965,-0.5922806960357578,-1.5944145269719137,0
-0.35583551015107434,0.9332707300434882,0.15325349931811524,-2.7471585161701677,3.5932671033367347,3.3881552878885213,-1.4275094913392865,2.68008523646279,0.1849566199111648,-0.5027971791076786,0
4.434188360606248,-1.9061132922054111,0.2442085948870853,-1.1883088176320333,2.476842182368559,0.2630485659708408,-4.371546410433419,1.9554376528449247,0.7153986180867128,-3.1469299559489805,0
4.400488281438945,-3.2810942204516618,-1.5270406324123211,-4.232862466318085,-0.23444437944983187,2.5322914651917756,-10.675110389590042,5.727517010857706,-0.9517788172640964,-3.562042642320007,0
2.5786604961385784,0.048091797537247905,1.545287340313692,-0.40718822127320187,3.270076742547438,-0.5877462067400536,-0.5916441057142025,-0.6404174281346036,-0.923470574074319,-2.160069202846132,0
-4.441428689199296,1.7412206366468026,-2.0216025034582716,-0.6579501891636327,-3.4085992348129004,2.4125439254232823,-0.08332148947978385,1.0374309991575967,0.3841283983675076,1.6236441117549505,1
2.7336874651688206,-1.0916049120603932,-0.1535071266491106,-2.581021642593594,1.599828559296418,1.778092095248704,-5.571239690609341,3.310817016571553,-1.3688400928708147,-2.8271076629765997,0
-0.7289132744671092,0.538699044811823,0.5280992622763334,-1.9626685454443158,-2.832518562964652,-0.7994519647849967,-3.444893685657597,1.9336905776145876,-0.5237975968349913,-1.0339095532513656,0
-2.902085435433773,1.8516088721803077,-0.3550324108891321,-0.8223429269535268,2.2190473300535074,0.20351254922782158,4.590946603116144,-1.7670570906299576,-0.7183488596972791,3.1363710759404757,1
-4.392027815161974,3.7808729404463564,-0.8074367714419114,-3.301012012758523,2.479985298934968,2.44516594029839,1.9305704547480373,1.1720812781840642,1.54179532765653,1.526298497726941,1
-0.518531544880328,0.11759629249571368,-0.3776441622820603,-0.08873050082899958,1.642531782770749,1.541039054078175,1.3620032988287722,-2.093471272652748,-2.4504639832400694,1.2810463953181412,1
-1.4582194561076718,0.96691070451794,0.9574314604545224,-2.0303589102652846,1.5814627204161624,0.3158231854912825,1.4028625827517707,-5.240338494748054,1.175487420647236,2.4906422418373038,1
3.3126497168541373,-3.7927290293361593,1.3935557049575726,-0.02494726428634264,1.8558049378390162,-1.001091569202944,-0.1999203227660386,1.296768542761818,-1.376435083791881,1.7330410925510153,1
-2.3173986738023538,0.06117403795195253,-0.3935495157473804,-0.555591738797321,-1.7361768918901863,1.960088619441272,-0.2019853471656414,1.6220188867103227,0.2701816182104555,1.7774900114851777,1
2.01935786448908,-1.7622352304714501,-0.029638657007196346,0.7470796932240322,-1.8382338147468151,-1.7504401222240302,-1.6809689895142015,-3.246247535379956,-0.9756893427052143,-0.3127166165346915,0
-1.5011717331265377,1.1602011644772374,0.9533783388016771,-1.2799618841491704,0.907650050254391,1.7066879205190166,0.13075805469314358,-0.2376893056270759,-2.067266069058368,0.5621467425204839,1
-4.789898238080016,3.833943802405318,1.2340867449222341,-2.594447642303491,1.3238313983771026,2.2387733765664843,2.1249969396400243,1.3111065515405516,1.0215795333194317,1.4888756244311843,1
-2.1327228845963107,-0.18759150068414088,-0.24767208090775475,-1.1718567709036842,-2.136314433539825,2.5603691509735977,-1.6193165824736833,0.72196868889509,-0.47669535363459936,1.638353938742736,1
1.8290531152505594,-0.7775784707234392,0.4361661656994833,-4.90250538335788,-1.160493433746551,-2.0009999020830422,-6.469834764243824,-1.577683209901082,0.0701972286062904,-1.011958966076895,0
1.9211461971562682,-2.1100706030207097,0.1266161121352044,-3.5754401362570154,0.26707211323582536,2.6842223656578676,-6.4852509906610445,2.289873174434079,-1.1501539793008795,-0.7258112182209909,0
-0.9852514028463828,0.6673180814934155,-2.7691765652335416,-0.02071921390009246,5.361037127761092,1.493507961671119,5.3954467445908865,-0.8121309220350676,-0.19314227680807125,2.8785712845309623,1
1.5998187718970185,-2.2153037620482148,-1.0478586248809458,-0.9298790742244384,-2.9204706365182833,-0.5809914336273404,-4.326369455321256,-0.5454777909589381,-1.6041191579208722,-0.23890719122189807,0
-3.6890652232908145,2.6518962363749825,0.4335469786980619,-1.7645735625666037,0.18160294372418528,0.8815566914171735,1.7992838049256898,0.484532631339623,-1.2362427842497445,1.5541595884940065,1
-2.968552219247241,-0.17859261478768218,1.3437161939475157,-1.7971348310839357,-3.69912460831097,3.130156517777859,-2.916800434656233,1.4416914630392714,0.5362151214922827,1.8740006783207876,1
2.0077686469913303,-3.7214138940845674,2.2387210959000208,-0.011194832701985957,-0.049851933323892705,0.12076341420211079,-1.1056872187646567,4.3808053331748775,1.380584609050579,1.8223266855609255,1
-0.6923102232126287,0.42321644831227534,-1.6581968499957354,-0.8156289848974435,3.5623140195307,0.6703382697472317,3.251397168062564,-2.412452901407469,-1.1024372693184634,2.472809087308625,1
-1.1821129655606368,0.6984617887525889,1.2411690959787167,-1.9306830577977971,1.081095660884667,0.45071187216354724,0.650438900470382,-4.983085208770667,-1.3672498278427163,2.1171095218220044,1
-0.959271781077487,0.45128468381948217,1.5884158583330779,-0.25876119412965704,2.760675857447173,0.9856749963919846,3.1542358721633152,-2.559178437327558,-0.5690618332871065,2.31873852251768,1
2.0264863350547344,-3.7333023109057053,-0.41799223363316956,-3.3592872717995435,-1.456092900157847,1.5876351557195187,-6.44351748164628,2.722603048787599,0.16088895449079876,1.0542061003453016,1
3.9558411744062587,-1.6376211677175843,0.9020834376005004,-3.2866725463823236,-0.5568559227328247,-2.14549167466431,-6.8869152420237425,-2.2602111440364907,-0.018167632908799185,-2.687891313470764,0
-3.8445250934621806,2.68123908155343,0.2845978800141563,-1.0382171484186435,0.5392754818647739,1.392997300133393,2.746900218406596,-0.29524180964903324,0.8329959184641228,1.8369264669973102,1
1.7330573253880404,0.7056203660015208,0.6658243740903074,-1.0005635716183172,2.8535869963649847,2.0357670978923483,-2.7489552866977074,4.409261400904184,-0.5100311553390688,-3.7611265818847763,0
-5.50214179103079,3.6305740428027087,0.8976971119425649,-0.9474956362706188,1.7180744159104968,0.3473320388477408,6.56570265890808,-0.359489462122776,-0.3915067346986043,3.9743908308132077,1
-3.2045941260727213,2.2342210957590503,0.6136810281166335,-1.5856613844843108,2.6925925923640617,0.7758456196396688,4.1707817504817175,-1.4030919497830008,-0.3321778315991437,3.0520094121883212,1
5.01697003816074,-2.1026522506408636,-0.09561077918303074,-0.08089704031137379,-0.5959883935981316,-1.6860577812814557,-5.439662154330888,-4.376499307143654,0.6458666683322314,-3.6984311414364512,0
-0.017356833272814082,-0.21653485050437804,1.0518590322005363,-1.1709352163271125,2.133428087785282,2.7488000804976807,-0.7710198513367248,2.3693019796473864,-0.3274500079234857,0.17542041315800594,0
-0.22906571632948458,0.254921599690594,-1.018780576696333,-1.434778239384591,1.6745024540970632,2.305066880788876,-0.8837171063086723,-1.743982352113093,0.5218174220190447,0.38288130429854617,1
1.201673826119103,-0.9299768171168745,-1.4767233836910358,-3.061967462361822,-0.911888669531358,-1.7500651331643633,-3.6652452229796606,-1.6585072172146302,2.1919731714389608,0.15543731079176348,0
-2.9269613362974543,2.291634023717666,0.8481628732304343,-1.5494719242683066,3.0880249994292295,2.5244381480528517,2.7987148006735953,1.6148352367975987,-1.512294031651514,1.6134773587828228,1
2.2260527772263634,-2.363143106778789,0.023579832834283734,-0.36057247259809877,0.7011926266132652,1.932983799505227,-2.89973872016315,2.1445892328071534,1.3302577791562278,-0.5115472172307247,0
1.8154202196181044,-1.0226275437846577,-0.8895409182894928,-0.8809061461891259,2.611965266930854,1.831773138708819,-1.5943445893224755,1.3540619899825803,0.9964319432216039,-0.7680059461868182,0
-0.26925793992019426,0.5305260579717448,2.4730175966187034,-0.3634506262290731,-4.075269538990456,0.027933685265959074,-4.27256515203469,-0.43791436561041674,0.24691277183009736,-2.4016237222924075,0
4.066981870471351,-1.695248080223351,0.16704655337656374,-0.846260533928844,1.600664904003312,0.6462055024607481,-4.79096576422561,2.466661133979131,-1.1922248489561023,-3.5808936928640764,0
0.9184347196678312,-0.27567658989501176,-0.6416675462469028,-1.4855143839223897,2.329959567868276,3.3272598095190906,-2.4120565189082113,-0.5784568175443972,2.5249703968066464,-0.8275233251282268,1
-4.123832641431736,3.260075856973009,1.4947455139552206,-2.174926959907627,1.9291405006773186,1.6539025016721574,2.851149586364306,1.379104660012259,-0.04987369846857698,1.8024996395944766,1
-4.351901343283023,0.5445200722367338,-0.008250969400476564,-2.0601537839991524,-4.174275906463822,4.65467693630807,-3.001708379604226,1.2089695799132927,-0.334586248567961,2.2185243660613105,1
3.6248270551904294,-2.205026829111734,-1.4326016370863977,-2.5119114300787855,1.541353474295226,0.7712059521939209,-5.499852423271518,2.6904169312294735,1.3522711382297627,-2.0883840212904294,0
-1.7461197729988331,1.480051579393887,-0.92089903118371,-2.2977519820812753,0.9929538479403911,2.513030701695416,-0.9924844150483836,-1.6286598703124153,0.42586134920843244,0.5022476058875066,1
-3.2632311651401906,2.341649896870492,-0.38411012703916314,-0.5882526756813197,-0.15685104625976098,3.347939919482961,0.43888454708728886,1.1411692060199696,-1.886775554792489,0.12994504960727782,1
2.783248526408632,-1.1200346503279164,0.6270735070641095,-1.2298380489546343,1.2494418443751127,1.307752157208937,-4.319026344975068,1.7040539326267818,0.0950333319300327,-2.7016248598246335,0
0.20165815834100825,-0.26161422116760336,-1.3678252976172942,-1.8922802828216536,2.726945671433616,1.0372498524763714,0.26018801407651587,-1.945092940184082,0.5895077558239288,1.552775262195464,0
4.105230579082593,-4.600375342008562,0.04384547275213377,-2.7898389112569344,0.28462455336202885,-0.27713984428124516,-5.234761441745807,-1.9147855870921902,-0.21379556529750984,1.3654309958478916,1
-1.0081297723953517,0.9671658129264871,-1.9145819654840572,-1.745312530244321,3.425333746866408,1.9935278072861933,1.4614958944355958,-1.4240103005857438,-0.6709135511914759,1.4891575446501772,1
3.7288246437699053,-2.251869389006165,-0.720504258457595,-4.568841552659605,-0.4414481529945067,-1.3635905858791935,-7.851431216513947,-0.6168640349210723,-0.38818864765808114,-1.7725511268071517,0
-4.124475767335476,3.0695450043662067,-0.8976249758117046,-1.4565872869925913,2.092501914191838,2.2851500351170984,3.394381756960097,1.0959777254979084,0.0589007933198389,1.9593851768425654,1
0.5155473379966752,-1.8898591854075966,-0.7537740554091886,-1.0767696050938897,-0.23577001920669427,0.8981431775537214,-1.6224687627932088,3.316734618627348,0.7671030308171415,1.2145695044987659,1
3.700178988673883,-0.27851346491948026,-1.4676545636611737,-0.09076184597134951,2.6106517260663256,0.7720116394223553,-3.5874934457569307,3.5562724828922145,-0.8735354123833502,-4.954082884130523,0
4.229546535012178,-2.0394794098156286,1.5113259857834025,-2.5730133501359074,2.2524611730592854,0.13018491720829872,-5.37771191422033,1.7832586402359452,0.11329442729253622,-2.5649054386514374,0
-0.6764420936090901,0.13364690462454742,-0.08526524063259272,-0.5693708102331861,0.09680967903238225,-0.43491510232395214,0.6675747334096638,1.7861210702254016,-0.5383501814500483,0.8190118309000408,1
3.843479404088413,-2.3405933010817552,-1.9655489944401228,-0.4816453071953304,0.36537168123999453,0.44070361527991064,-4.548566603219523,-1.4925497515978363,-0.4868201433990694,-2.164755935346202,0
-1.4430196613735218,1.2585759989502956,-0.24696476839222972,-1.5831975470422148,0.5509901903295976,1.978337722665862,-0.8001823749943834,-0.6316373002908447,0.8986673917891066,0.12078766750563674,1
-0.3696400906689295,0.12096886993792921,-1.624633070119911,-1.3718627170275317,0.375933258803957,0.9769684190353833,-0.7920748008844909,-4.038178107081672,-0.31232397390156474,0.987224041610293,1
3.3421145356342454,-2.809066626844939,-0.6148146733211092,-1.641025255851383,2.5199273597634755,0.387579490815239,-2.621918857758447,1.6999237873523694,-1.381680034110053,0.042545414430348316,0
0.4127139416034555,1.1416495746120967,-2.2821203741757694,-1.193328763381752,-2.182831857652003,-0.27740978245117986,-4.414478157443362,0.368055584937653,-0.40713955817638847,-3.4354202099980378,0
3.216559059315847,-1.333196305900564,-0.3767909878797394,-2.340252057237909,1.8327791354973368,0.9841242019190776,-5.121871160350458,2.60287896555828,2.923553662513963,-2.7189280618698373,0
3.944756443252012,-2.949620801472566,0.7238200157405074,-1.7867227163822796,-0.22005179799754715,1.115785735229572,-6.764389223095812,1.941333234758186,-0.6271061079587706,-2.388872368108226,0
3.021900895436159,-2.3077936928226546,-0.4182707362016437,0.5916487609836607,-1.486667409822161,-1.9649774730644691,-2.5028505793094946,-3.0639547262797655,-1.6705772951403695,-0.8208406339808634,0
2.3497648473749826,-2.1142322869957324,0.027161607139119158,-1.3411674425114812,-0.9801556706404575,-1.1913514889507253,-3.465856249442458,-2.121436198754636,-0.6745046421336741,-0.09614806715540669,0
-1.229703718739038,2.1296641945657035,2.5453827884151843,-0.31792424418684684,3.7880642413235894,2.994477599758495,1.8567768105625833,2.006055457264404,0.03980750314788466,-0.783206530664627,0
2.1172866667942127,-0.674822732001312,-1.5092385936412787,1.9873591935905521,-1.887528838485916,-2.0983627110903496,-1.3108484956696176,-1.2878051555561003,0.9329591528945822,-2.45895669035302,0
3.031462591556993,-1.4711118098403324,-0.23617789827269867,-1.4406663336929582,2.3918457357060534,1.1685292687701883,-3.584131763247525,3.8294634142669226,1.3607298466423299,-2.2453191528173586,0
4.1168244187720955,-2.1975824315339185,-1.0333002418218002,-0.5321029203689199,1.021237408677871,0.15440007974817194,-4.415236311914636,0.9591198869965718,0.02034271181057728,-2.777482591103094,0
2.0582387974561733,-2.706331394694184,-1.2864910863120784,-2.0112335344907066,0.11174740410177852,2.0547911849623888,-4.482258627067935,0.12852533924379106,-0.2250049031233616,0.37639865665765826,0
3.100601294821817,-0.8620535160006537,0.25309919619957183,-0.4929098204123037,-0.6226795973704653,-3.204789282987738,-3.016391830381574,-0.4405245042757515,1.2872463713031805,-2.66752615051946,0
3.1348869712187235,-2.4321144708042723,-0.08756871028394704,-3.2972596196027464,-1.2458349740133003,-2.0112322737524617,-6.077313819305634,-0.27567584498165787,-1.089670435986672,-0.8676228859283751,0
-3.189501771192822,-1.128988886083727,-0.515330409126304,0.8727595167226916,-2.9318259426310833,3.648577714638215,0.6877663511648933,4.233384292645089,-1.8034425561326157,3.2898498121917896,1
-2.5183659518238724,-0.23360434872255653,0.13376734707099258,-1.6509082983750505,-3.250141657375706,3.014099604753908,-2.8926284516565137,1.3289201605578689,0.8562264445972516,1.5239957986212633,1
-1.5983326409388476,1.5561283417085812,-0.6162527942266246,-3.183162435760565,2.6751359999058115,1.769809311507416,0.06886346636640954,-1.5235155621923222,-1.054835610250261,1.3146116744077512,1
2.110356627737878,-0.4108556655305735,0.11409411909379795,-1.4173918708855306,-1.4221133053381323,-1.0120544837242311,-4.871314560897592,-0.8796849114286235,2.8325396811739347,-2.8519553252480607,0
3.1182766908111312,-2.2287859725768846,-0.023632448000508566,1.4811557102743569,-1.0371683644144285,-1.4041852273881725,-1.9618999522332148,-0.6412750532934184,-1.1075682034642687,-1.5146485796346436,0
-0.38217944303592105,0.6115606797426161,-0.7455892915272146,-1.9497987608683172,1.892588900071683,2.6728654880188465,-1.4462524568420088,-0.6701308874366372,1.8724201048337652,-0.08778363154025648,1
-1.994896667144131,1.1068226682847635,1.1223679453011257,-0.9207909591326252,1.9724006849875346,1.0828755189824628,2.917302593257003,-3.7290577801477567,-1.2956275488961355,2.7385403050734625,1
2.6707764180589115,-0.6789624584841332,-0.08799424784569565,-2.575760548516637,-0.3573862644965333,-2.0171478115547425,-4.983739037802027,0.5301557600583049,-2.2467509439556443,-2.577060670035378,0
5.270981986252204,-3.2174422209334814,-0.0027854492889701106,-2.2235856679785195,-1.2329540014418459,-0.9821602524381292,-8.245946985210898,-3.428650598751495,0.3156653180784559,-2.958952811610512,0
4.801746594613737,-3.7493615571310017,-1.2886685838167284,-0.6375840159904805,-0.29498005234608016,-2.0779245006713785,-4.177965507214947,-2.4574304969488523,-0.5998778989747807,-0.7754042387885861,0
1.3436298115283893,-1.5592309614816422,-0.26268578400464415,-0.17371451364661228,1.3701190398976286,-0.5340953725131374,0.40865314130519453,1.5459683180595793,0.16458309507607757,0.9427854828940418,1
-2.2615199709311264,0.2747110866398679,-0.39159121704709077,-1.4839489617202577,-2.0653730316957537,2.107952535668884,-1.874487739104178,4.424938417591054,0.2680919866411021,0.7417079379445227,1
-1.561174336735154,-0.6494798462033883,0.15130493741355558,-1.570603219565589,-2.4007919080139337,2.1044215501420274,-2.551123045127149,1.330791939303639,0.9050896093707508,1.4017720416320225,1
7.71860406874296,-4.234222253384987,-2.010432295688648,-2.1677537245863663,2.3122938074966966,-4.307992686152638,-5.547379831594723,-3.103784345390312,0.8419066256011948,-2.3278909002320463,1
1.4984262298536855,-3.127132195020632,-1.2076536059757257,-1.1195988174950604,-0.6489356226147317,0.5482261503427478,-2.423447049054283,1.588764234729543,1.7948205850855177,1.7718001458974981,1
-2.2909864530386392,1.3093096971915612,-0.8660160555020702,-1.5136901710471489,-4.302041129335954,-0.18171032544634613,-2.9065510493302673,-0.10842213167438142,-1.1108867239627265,-0.42045784508196693,0
-3.3205864061697876,1.3201501405134448,-0.16382453926042576,-0.3769973195795553,-2.1500554179672013,1.619400766125334,0.3514320946468066,3.7646697933174886,1.515231174965024,0.9639740758117148,1
0.9056312072284957,0.45281119696107064,0.7771623859264323,0.30993834907546014,3.1310177182193772,1.9989041129309804,0.36282221464915,1.0160049803036566,0.7748906311517684,-1.4327167301675312,0
1.7066971944973097,-2.288201644243649,0.27768714710403647,-2.4398578177227246,-0.6750907714491559,0.22861168155949319,-4.293697824930351,1.7652253414832486,-0.4431932788708083,0.2918169242798627,1
1.2289326552741215,-0.6469985056015601,-1.354297161408027,-1.338774528089352,-3.3380114277512356,-0.1083609129196339,-5.785126262984186,-1.470596971928678,-0.7889631301337289,-2.29510456701545,0
2.44879902485813,-0.12720513714690584,0.8394432171563457,-0.9130043103485042,2.9038161818519628,0.1398060924077642,-1.6147440084119369,-0.3114676282112254,-0.31515935719764865,-2.147166922679749,0
-0.6878671618532038,1.2878020660430471,1.231725173710496,-3.3739153969040854,-2.4369006489510925,-1.2252124971428442,-4.5091382349300675,0.5950630868265288,0.5118966697671699,-1.6035628593250912,0
-3.7894353407230765,2.3728876812468336,-0.12673822808398344,-0.7184433268127344,0.12666720812204946,0.5800505476339259,3.32966168430123,-1.1021221424072412,-0.16942331286320877,2.4158356672112107,1
-5.860707182694966,3.838609934317443,0.7868422488477252,0.3993655152162694,0.5851045647482914,1.4737018348822666,6.153803183709999,2.6359252665565807,-0.43943046028233157,2.669398229341504,1
1.3155684250974362,-0.5330941418683782,-0.03921927704690393,-2.674299896417737,1.6783816282772355,3.1323505009531782,-4.681627141022589,2.979111974089432,0.06503261047984459,-1.8219824104494142,0
-1.8936455911712955,1.0878840281341668,-0.09883748664831034,-0.3810993091306576,-1.5492002745153135,1.7320561536211116,-0.8400108621273132,-0.4707797721377103,-0.7490791985096188,0.010270102558157301,1
-4.229089921908159,3.0949575117090298,-2.2290281873998135,-0.6965537929469794,-4.256586265601461,-0.5413268220525331,-0.1313981967075767,0.4410424911432058,-1.0491553410602337,-0.10852623187191313,0
4.915020232879758,-1.4258471355564293,-0.9822922432374303,-0.9115515258458504,2.6660771630901747,-0.025564163293890996,-4.896922629455785,4.1247357264612585,1.0170215216016152,-4.827993249781736,0
-4.1480297726160185,2.645767343944577,0.27185914779272075,-0.8592619422647662,0.026876926056486727,-0.3928033541263276,4.195973230482202,-2.476416622719466,-0.13526668017495463,3.0864894706358497,1
-4.780711071092224,3.363029225787087,1.5721263364721447,-1.7003327780689916,2.2288391722323944,0.0051854136557429875,5.753705640048664,-1.267575568287472,-0.373455201417417,3.822277108627616,1
4.3528242241954445,-2.331482244713883,0.5079430785450259,-1.1393695983987766,1.0867557773145573,0.13763351827648806,-5.148306376441807,0.6941374467494269,0.11310007824801788,-2.8228019748558824,0
0.22310873025583886,-0.9253757255647543,-0.009413162360363969,-1.5237947011256332,-0.6949845777565908,0.3708038100265283,-2.1957537967037655,1.6819486398671162,0.12617915967347157,0.4236402892943105,1
2.9710522046355865,-2.5986150574026534,-0.36072043191525915,-3.1717678138044763,-2.587424511964798,-1.2615169882222665,-7.278774323781166,-2.617647501753605,-1.2467358694633452,-0.9307596447639802,0
3.90883711321129,-2.617494504277106,0.8494906050461858,-0.2845127929358535,1.1746461498567937,3.1064833322021146,-5.219324990346726,-1.9215067193464066,0.9891301568000915,-2.3116103587389607,1
4.137884180292782,-1.7392763998739371,1.923955175733291,0.1516015413819467,1.607055135788249,0.18019506237656047,-3.61662482474354,2.09804005532755,0.44693531490667854,-3.46126129452045,0
-1.1113729563393129,1.3377064575335709,0.1421161695657772,-1.994425590062928,2.814158723607811,3.555081070781809,-0.6055915507838904,0.6120589068548389,-1.7089954121119826,-0.10345948033238228,0
-2.1458718134549084,1.8938520239546976,0.7084685780019241,-2.662434541874381,-3.184578999321167,0.3084994538038046,-3.7912750078500013,0.3738098596816244,-0.6701774545699142,-1.1657853270329412,0
3.4657671473674267,-2.2717288614825284,1.0438755748567496,-0.6404106537018877,-2.6622323206560052,0.327428362071537,-6.985970610894112,-3.044336517897728,0.6974091483949131,-2.9216715887811398,0
-0.9125695717056765,-1.174432629780878,1.9011559761970447,-2.0867385774130374,-2.3406846239735333,2.008901925403948,-3.5864149369571185,1.991027871880369,-0.22113133218871947,1.1786123282356478,1
3.5934965190929637,-1.843311388407262,-0.023789314599339306,-5.236249933868533,-0.4277538636094347,-0.5761879557778696,-9.008367080882392,-0.7989190168418563,0.6220093678536937,-2.392843239630746,0
4.031567795103432,-2.1752063964837234,0.570458060099278,-0.5092173866496829,1.6923639588360269,-0.5756558963373988,-3.1219087840653597,0.6979823852954187,-0.9884394104476036,-2.033191358718535,0
4.800596328553222,-1.4602333190716925,0.6091953628513523,-0.8475570508688927,-0.2221903219288872,-1.8697859449062517,-6.033782759338357,0.287146193678786,0.9788266599955283,-4.8022684450370186,0
-0.9410818185665225,-0.1640194692317256,-0.28643608611767146,-0.2500627272521383,-2.222770350954826,-1.8650624703643175,0.3620039354355823,-0.8342704907421937,-0.04720352075153966,1.4244830419839247,0
0.6011851468189522,-0.843054469204988,-0.03472212770485495,-1.4057770083326293,0.6004217553649726,4.030824481107382,-3.8760783950319966,2.388461547259388,-0.18172249451237293,-1.0612485265609968,0
1.9444599400607039,-0.6112088415003628,0.400641589041065,-1.8605041222171523,2.873971137816924,0.9934796817526315,-2.046785651229675,0.051180662353428996,2.1734828299444775,-0.9079161338834469,0
1.808401288175264,-2.0632629723935727,0.20059357907775371,-1.8553132708533286,0.47127345182831304,-0.5491992813573674,-2.30864968158345,0.27209802290482576,-0.832150297660232,0.8472869021982492,1
-3.480314835259941,2.332827885282437,-1.663559227913183,-1.0714885840970136,3.041236702371578,0.4826187426524271,5.541424407003538,-1.5908864468214168,-1.0260169549039226,3.616795328253978,1
-1.7227816697642806,-1.4350583601271776,2.3597304097668728,-2.257325542026332,-3.7008387031759593,3.203367669126151,-4.550311492081561,2.7454483574920836,1.56156758506569,1.6405115146040472,1
1.1866583662973558,-0.07394432376662219,-0.5993889642065982,0.5382704364380748,3.6076162011684794,1.2517151347069655,1.5386836446799346,-0.46693455050342725,0.8514108419541485,-0.3255183581461041,0
0.6357572744896058,-3.0353810120834126,1.9829056900915374,-0.5329916703968519,-1.6698450405204357,0.8159789127004728,-1.938156284137259,3.1002639943149894,-0.18671246907655792,2.1000131231048913,1
-0.2739572957838359,0.5309374719457886,0.723623511052824,-2.477558149979654,0.9500380985445287,3.4662856417391508,-3.414871278120688,-1.8788026289747113,-2.4895370915354085,-0.66925030908213,1
-5.139827371720009,3.7257375077728025,-1.556766461128056,-1.3608074032591304,2.1877737261551493,2.0569770185686185,4.833140243214412,1.0783485024548325,-1.0676455718593634,2.678914635143009,1
2.436062945295564,-1.9066106955459434,0.6406262494886588,-1.7086156427790837,1.153707916673563,-1.3032113681978,-1.9716165993661263,-0.7397368488748151,-0.22239322765867986,0.377045940919043,1
2.6621337890118806,-2.951413856390959,1.032815996755306,-2.3848012024820915,0.8073826964638404,0.5189886369178214,-4.00097132028896,2.035407351387799,1.6800615248022515,0.4144126492186968,1
0.6141499459341109,-1.6748333799822097,-0.6175359467146098,-3.2596674372180194,-1.219249015126343,1.1264028571090636,-4.861821653206605,0.7776831953591739,-0.592512596030106,0.6896323132102489,1
0.6457572724567104,-0.3518605508919721,1.132068339047842,0.7292038096835727,2.1362680636220395,1.5980028687328112,1.0369340917239174,-0.8330654292553104,0.7681257118783844,0.13687018404530327,0
0.439058925584652,-0.19969808331749772,-0.7111048630897971,-3.066295027784934,-2.324006849285242,-0.2980286757746,-5.378322132640232,-0.9793602237169767,2.001587265815697,-1.116633158829222,0
3.4084307590711647,-0.6106282105677134,2.2171333745633834,-2.467352630948616,-0.09965843964731924,-2.7104262595366104,-5.107639114157192,-2.6671347001144463,0.675483868137844,-2.967967666938593,0
0.8790111777746635,0.9247181433757277,-0.8791293679871233,-1.1875089169472715,3.386258104821996,1.8696296061078646,-1.016471316489773,2.3718207196539893,-0.45026659193147833,-2.0708374217275933,0
-2.729379092975491,1.925792459061982,0.9529762685609183,-1.1564368936768314,1.2654073334847167,0.8043121081295852,2.62065221723882,-1.3942707440980553,1.0796183220509943,2.0058553786192554,1
-0.17551328953603132,-2.3239488626868154,-0.9110625179043068,-1.4680502998680998,-1.3447799413611379,2.391975789774558,-2.6497040172420885,1.6419753606166874,0.9460444703644726,2.186654909626727,1
-2.4578175809467524,0.14344331344845052,-0.7764031921475563,-1.6596079131756947,-2.1013399639264057,2.4809999931580053,-1.8847620410852974,3.5383769360330626,-1.441008371547695,1.2620263787665118,1
2.0415685004764974,-1.154710141120732,1.4384562381626407,-1.2374997529299037,1.668735091607197,2.284230247337005,-3.593634183102337,4.254617203651792,0.34581519415153167,-2.0120220652353966,0
0.2561861062865447,-0.4300785336612061,-1.7742841922242647,-0.3679989531151364,3.344183355286898,1.6953133795280633,1.9614383692700177,-3.5174096747906693,-0.23024267147259858,1.9673160853777387,1
1.3988814153488114,-1.9503048674422607,-0.1346085694900931,-2.0251276980525947,0.03180994241903923,2.723439749446711,-4.512452225630931,0.31541264580584194,-0.6086728021524077,-0.059142053267686956,0
-1.0757468858051835,0.8615002215276979,2.191833140756291,-1.7580558489765707,-2.4489771419207846,-1.5894089730735108,-1.8212744192099077,-1.4697322068727594,-0.33284192922068656,0.029179040094090336,0
0.7145611791019674,-2.1194625333461206,-0.5110588924987925,-1.4185875593668378,-1.0067326194467423,0.9570275662503047,-2.8871008031662972,3.2773226698567637,-0.46294720035883374,0.8678550480415494,1
-4.046749700138793,2.7900945139304634,1.388322204587887,-1.2456834829326318,1.9337586445044734,0.42527645507872314,4.840977863296088,-0.8883724991625941,-1.2385214731204384,3.156133014636021,1
4.171580788306141,-3.4690226747874204,-1.0819273652962986,-3.4285659944457416,0.08160208086430565,1.0654728053723346,-8.04478136565657,3.299698275425448,1.0815593810130513,-1.882783866306812,0
4.213446908240129,-1.9546281197124016,0.2935268326453018,-1.3285280098777994,-1.4239380273107163,-2.459382351458247,-5.754395318329898,-4.891442069905315,-0.44819471881736234,-2.6378032835090854,0
-2.826239806128366,1.9646380409324729,-0.948061994488213,-0.5199143942020207,3.3104937947270474,1.912902302413047,4.5536005861492646,-0.4641435597549537,-1.3866779670462017,2.5629389037614114,1
-1.290906506859127,-0.9096233229013269,0.04689603667611602,-0.7550720988358451,-1.8849199699277912,1.3855661594529816,-1.1021081761735405,1.9447086761468704,0.2899154019543894,1.7443154049248573,1
-2.2690608763602325,-1.075805875724179,0.8025606718547863,-1.8367777842356041,-3.198158861509068,3.468921582851332,-3.041419430410567,-0.4871933810934148,1.3736332718451807,2.6092046975842127,1
0.4546243829512087,-0.3875266234920476,0.02753380967865958,-3.127951232956967,1.5881991343394903,4.203569419183056,-4.827766869465567,4.961179074886685,1.3951673934928166,-1.397237197323323,0
2.9291693955790588,-1.1636450375459468,1.4843218415146842,-2.7784015818856513,0.9940998317694066,1.8658950498805762,-6.590175773500867,2.324489150892916,0.5261112100651981,-3.1950847086077,0
1.0559394563271989,-0.4569354863140138,-0.9636897256181444,-2.631605052996388,-3.1994748637688954,-0.4867890559390382,-6.352602648640345,-2.9142435573749914,0.4481534001069268,-1.7938300964726732,0
-0.5754651616951135,-0.97089366383032,-0.3007083778540004,-3.3072044019575575,0.630684870372639,3.67177065637406,-3.4179464643252278,0.7778991555929733,1.3558284705866055,1.5340577329874008,0
2.9936640768414744,-2.1779610183172604,-0.12617600146371527,-2.410414756567107,-0.8977518490093643,-1.4224616729872115,-5.158032932082384,-1.7532579256313714,-0.3375032976131062,-0.8870889063577011,0
-1.4723911043784554,-2.7423926396087492,0.06495619101028412,0.14509613446550773,-2.920191430800323,3.3963301068605,-1.0923672071689907,0.12166949770042312,-1.4788546951458899,3.8778731333039373,1
2.1726221995121313,-2.280217361477124,0.9639177026338356,-1.8610920889235762,-0.011604793016377624,2.4740761562842017,-5.197548731041756,0.44739280191903097,-0.9015912589117553,-0.74159227229119,0
-2.1772841834585894,1.543306196361612,-1.2207345670556264,-1.814077555200675,0.7612305625269878,0.7482016699579108,1.030985205460064,-2.3135014663722617,1.1850762665583683,1.6758805779561583,1
4.9637133382383185,-3.062508406289952,0.7987305121611646,-4.109728723145293,0.5179568740397378,0.5927763268117159,-9.270915487374221,1.9081605667904036,0.5450042594676882,-3.1143655564527792,0
6.795308741796776,-4.651734565267458,0.1484158715382944,0.5414937483600322,-1.1414607431438664,-2.3137289827909453,-6.040851112826277,-4.692442777745471,1.9723934626280817,-2.605218468951413,0
-4.008215649189363,3.123793143319737,1.6420340209859967,-2.067257884947106,1.4191835086051952,2.319568526767588,2.0087453155478636,0.038768292064425,0.28089743707530834,1.5432343005084308,1
2.6567621260606917,-1.9499034646453945,0.6286983004727423,-0.8365846087098522,2.3121372002861547,2.0889743533018703,-2.2579881695646127,-5.384683118309836,-0.7218114533364813,0.1795798552113157,1
-0.518076098796566,-1.9242798372157333,-1.2038184468082436,-2.0548100964538003,-1.953702789932081,2.7242120065867246,-3.8962097536550124,3.9617153448170117,-0.14636617649776656,1.3420825780006906,1
-6.115141670528833,4.7657843328173115,-1.1823491709060916,-3.9234997470433726,-1.0531551615340105,2.079119144833845,0.08053954249060646,1.0108984444609161,0.7152615337004048,1.1183587568309974,1
-1.5808699054747681,1.2576574552067161,1.566052098366138,-1.0912658572160923,4.105628707317095,1.4671047498413676,3.740300285769852,-1.2390239015657707,0.43442511537812484,2.4109011943329293,1
2.025568600032115,-1.5177459955275003,-1.1017420180435937,-2.1087166261273707,-1.1831815344991778,-1.2521760885975672,-4.347379873834577,-0.13320366599767142,0.2904021374361527,-0.8634976243558332,0
0.8883046091073938,-2.448612457247351,-1.1818102911132828,-1.040941232663839,0.08549447567371993,1.1767743215558577,-1.6686223684230794,3.3819219088674544,0.6191561224171671,1.5443819150540183,1
-0.7153989830379703,0.25103351247939876,0.15771535411377002,-2.415924839639936,-1.0362209454661888,0.3579408509831936,-2.4410081547770117,-1.9078188342789533,-0.5260118282402395,0.55297277764547,1
0.23412081885667105,-0.7587455045849274,1.219267577181673,-1.259437876998436,-3.0566389160494296,-1.1447960893175781,-3.189266504355287,-1.65788860394264,1.8103776151382756,-0.002875885175040782,0
-0.13501674678894154,-3.418688815139275,-1.6060222134727555,0.5017822179183282,-1.5371372093450277,2.0283450820549045,-0.3996010075633505,5.12341786285017,0.7429476362271353,3.1659521442402196,1
1.1748965044830493,-3.0331532031410937,-0.05523889451766535,-0.2630575307214438,-0.14004655606236138,0.6601846075211693,-0.8902777539093183,3.2071666788974653,-1.1935931054460889,2.0440304513164143,1
-1.3095501297114116,-0.46076737761595177,-1.5266544917523492,-0.7320138151511395,-1.255283917505315,1.0577202918750839,-0.5807390606749028,3.2614623028399707,-1.4833661483504066,1.3000111080851413,1
0.37115302401745526,-1.4422882927749698,1.5069843673050773,-2.6565425217843472,-2.3909776745956153,-1.5757378913880205,-3.3061764742845248,-1.7391416325722087,-0.2761536977781553,1.4399564870375285,0
0.3104589354710552,-0.04658944825423439,-0.7034667924604149,-2.000940922128101,2.4570610203444567,0.9649042304347565,-0.23302456201964425,-3.801877655721077,-0.9289820588202949,1.2399187954626891,1
-3.8191418105913395,2.418081764896913,-0.4730244651798012,-0.14315030365621717,0.6165345521413602,1.0692087227461635,4.022188350792084,-0.8946041810388844,-0.6373283556090819,2.3997138165440015,1
-0.09054108309673682,-0.8300753611197018,-0.12896922641411837,-0.6789712051099764,-0.8101806192526504,-0.31718061998581915,-0.6340848875191177,1.078511904326966,-1.7829098972858857,1.0020515947004118,1
-5.298353923332426,3.2976464171122575,1.3960275501635722,-1.1077765374134547,-2.1168995589082518,0.6661384070149788,2.410557792914113,-1.6260866367049576,0.9441600582111546,2.3052149123988506,1
-2.29210616201882,1.8311769932581392,-0.008218900979220473,-2.038203319531909,1.85290270854268,1.3272175537095876,1.457332400224147,-1.4416261927206724,0.8355389162540695,1.6380810637711853,1
2.5741804902153045,-1.202789955744648,-0.9569361793091676,-0.8071321641852706,2.341780210505015,0.37635454434682925,-1.7196433398733755,-0.7277085208388478,-1.900774128384982,-0.9843314049082192,0
2.3268254768787373,-2.4355508734453,-0.5876859536890603,-1.5056875250442996,1.12427307042526,1.5444811092695485,-3.2717800785797944,0.4324564816558156,-0.38624495149849886,0.14621764792366743,0
1.9268930015846557,-3.4115362723369476,-2.927059842508569,-1.5528769332001335,-0.895872995806068,2.719170969152593,-4.826045589904117,-0.3775370290155393,0.2825536507424994,0.9828222501920387,0
-2.852424297634944,2.2489258291569314,-1.3714191992442606,-1.8794129267727082,3.2719010842625713,2.1665243654344954,2.933381847553217,-0.003526870725703013,1.0081109620075246,2.065610019402127,1
-0.03715405521655064,-0.02496937170778568,-0.8782254121150589,-1.1276557172199324,-0.17341851724407054,-0.7892557103696878,-0.704740520562475,1.3560692896874444,-1.4949559530892165,0.1422076768063174,1
2.152271327722616,-0.9593851172242298,1.677481077398,-1.1924663460736789,-3.0168611350269945,-0.15905791925515977,-6.519601244464476,-0.9024706880712996,0.5097397283165505,-3.1956545533517944,0
1.715359142006182,-2.4393024035188096,-0.04131106310784013,-3.658804576329509,-0.6805291761827179,-2.329623735207302,-3.577249457293833,0.5684417072691534,-0.15997102573488056,1.6895833129433786,0
0.7638118604118946,-0.33830262853710624,1.0781101388421104,-0.41273095043162855,3.2941783624486662,3.9941420928821123,-0.7251808152646932,0.6518740049871652,1.5290948665169897,-0.49471121244689,1
4.169291739655103,-1.662545467164191,-0.47533711125843153,-4.689640699563329,0.1723656041327748,-3.0945714618280853,-7.132837923897636,-2.2761833341227433,-2.0194482750677385,-2.185212400965074,0
-1.0782452577060768,-0.13479815312902566,-1.0146457866943706,-0.11662556287770331,-0.29571617668839134,0.2631515655768377,1.0450889379834942,1.12925567057694,-0.024113843171418108,1.5038470823611567,1
-0.7544166452930441,-0.9934384803432341,-0.9842160761758001,-1.6993275367490166,-1.8282761970714527,1.4529322536699605,-2.7788085591104488,3.08300510227308,1.1005318874451913,0.9037233938247832,1
-2.406323502782344,1.3584804141484788,0.1297264914981929,-0.41353627748768895,2.6219382752655904,0.9176889359243686,4.5220789864830095,-2.696729163936703,-0.012545944916305798,3.192815333001482,0
-3.6861284751604027,2.252802942789052,-0.08203249954543008,-0.6605058759987822,1.7322012488844467,-1.2126651062651503,6.178884573845042,-2.832707143693926,0.4271854705111423,4.173123740126876,1
-0.2482000629031191,0.8010830260299139,0.4760348087964272,-2.205752460530102,1.8728612021359345,3.2724476345313693,-2.539037921166433,1.2786365609108397,-0.14674457289483578,-1.1170938223781883,1
-4.613098602499386,3.3331644929782263,-1.0741189314575168,-1.8124861945269433,0.8844787595730731,2.4591986662703413,2.372244740174332,0.3825788644581236,-0.5266334417074939,1.7834880155816124,1
2.511850328103572,-1.0146297061650107,-0.6900562840936011,-0.7276547771988034,-2.9750214604589935,-0.9186541824766464,-5.932258326028864,-2.7692205097774156,-0.21657587675034085,-3.1185494045565374,0
3.5534826780691464,-1.930759483787567,-0.665384438996181,-0.12413217580309555,0.45903486180696174,1.4964101304475526,-4.890428072021295,2.2876516159321207,0.04141028914247959,-3.30224105914904,0
6.640107358932814,-2.569985148483742,1.4474076331296724,2.9826215694725438,-0.31156369487457036,-3.765653895746375,-3.135119810496042,-3.9639841742730972,-0.768222060123887,-4.932589554837016,0
-2.5088727142606997,2.2321835771807685,-0.5009649581345399,-3.6438035016441965,2.3775355775749762,1.2408969705059405,0.6801336738601887,-2.181786863482671,0.06317286110261618,1.881383041759528,1
-2.456611531395455,0.5604245762078093,-2.35341444736921,-2.2657763918892915,-2.5458460880992124,2.807591281891021,-3.142642573328701,0.2739539379547782,-1.258010989689466,0.834775694441399,1
0.5455737469265691,-1.164367374292504,-1.0609429948383524,-2.4156667309503668,-1.0342620952008603,0.31282195895118425,-3.4828193533262994,-0.7822480804048908,-0.9205241323160545,0.5856058148486244,1
-2.319566550232217,1.9812033538990854,0.3169591410187639,-1.9530852661843316,3.642442909097649,1.729874241394704,2.92208610192149,-0.4872539447447839,-0.9156429732353404,2.0627958417322834,1
-1.421443896571891,-1.0653596360742872,-0.5459219323030147,0.20937398674086416,-1.5239638373347562,1.6255382451187916,0.3370723502155777,0.9570427161234127,-1.404541383995037,2.391663268025683,1
2.675287628865994,-1.3364344136232362,-0.3623128306584068,-3.630965974428976,3.312509680679659,1.1498309741841188,-4.0472250939331715,1.070047778570857,-1.9742067277326925,-0.822724737724449,0
-2.4200353302266255,1.8411041282324514,0.48631896232978217,-1.8270524238821486,0.7309449702322917,2.404968425777844,0.016643492147142926,-1.389363427475958,1.5346556886871234,0.8468071541848787,1
3.1597677008691156,-2.7100540605405143,-3.532818187678899,-0.14976575295206818,-0.7359947914327822,3.2031955928200433,-6.239031479267003,3.7364516447046654,-0.2687134460706104,-2.9141181891258303,0
2.5286195932428326,-2.138875861571326,-0.11382262748942387,-1.2150945899985637,1.4811314685496146,0.960373534401313,-2.7219254219335123,-0.05695925896125886,-0.8597606356951246,-0.18575463690520944,0
2.982922390789387,-1.2265315470032645,-1.227162998703048,-0.4963007774717598,1.621424063073907,1.4084261853041409,-3.5862750842478377,1.8576241802583024,0.3161049936893784,-2.770509790769214,0
3.016406332617343,-2.0954234558077727,0.9864685939910025,-0.7568590982313347,1.8708953446671268,1.917851299169425,-3.0421827675736837,-4.018573930071106,0.40557236905180105,-0.5572930316640199,1
-4.768939426799547,3.647425480954595,0.5519098503466282,-3.221148693402733,-0.4642141369835633,0.9804892862946185,0.8566229485285404,-1.1358442293488884,-0.0240263262179077,1.7117512097853986,1
1.9412717677754734,-2.9851411283010156,0.5922446040804317,-2.7211225401926225,-1.6249776946467986,-0.4500646990830828,-4.751474777371476,-1.4349683293233084,-0.1830775224038034,1.292908948160051,0
-6.828070878898234,4.600046813593273,-0.9674080488622125,-1.1455180103357971,0.6932131744425509,-0.6996410668604116,7.451548730918513,-0.6126997378866134,0.2589055940969569,4.473507949061317,1
-1.0436575446284913,-2.073352572368278,-0.2159556493862727,-1.473080487809712,-3.230149426739848,2.09938125956287,-3.297395509670639,3.382423131273095,-0.5412425502471813,2.0331637414067565,1
5.040625745741365,-3.5173578454129055,0.7999524297161409,-3.127496664242985,1.2949643624753158,-0.6185813801783393,-6.547258016594958,0.5072973138278659,-0.4712030397799009,-1.5378755631794163,0
-5.604493708906614,3.9930413331930645,-1.4654915547930294,-2.2784822194316563,-0.12897021812321308,0.5577665894104565,3.3068190013160925,-0.30065434501725763,-0.5211714263808856,2.628152136238008,1
4.2468690602789545,-1.8139727186824006,-0.4345911478260124,-4.170935557708722,0.7058707504003787,-1.6816815370773281,-7.1887962654339495,-0.6174153117134937,0.9847208482486919,-2.6022168688586778,0
1.1676708790534447,-1.9540439842171167,0.5192734974998787,-2.8802027670200356,-1.0210610974918595,0.4841002833571,-4.404177049227656,-1.4187564101629087,0.6801271750618841,0.9042695095530239,1
3.399328006027699,-1.5790373467833072,0.2903376352416373,-2.2666653555457357,1.3226371768669554,1.201710625459426,-5.802044134157435,2.320019451786419,-1.4933571888817754,-2.9245448442691826,0
-4.01022658416,2.7809980973835895,2.1312097580073313,-1.1096854049085143,1.6882464126764194,0.701020445675174,4.4760440451233405,-0.6201192070237388,1.0583635039241885,2.836476376027646,1
-2.5599286845640554,1.6657768771289425,-0.8454109822114924,-0.7998847799599984,0.5311557091052279,2.1268315899901906,1.2595830212153492,-1.3435113219071881,-0.6136604679085468,1.2646309886282758,1
3.1327525083344594,-3.303859945661829,0.20025009316683412,-2.354153227780812,0.33697556183465327,1.7713794496400113,-5.731773066533915,1.8649319090784922,1.1388262397712992,-0.4448993803861072,0
2.711216066262517,-1.6769260116294953,-1.8862155652178947,-0.31494374546865433,1.9602115258807333,0.8369155738743485,-1.935619764261639,0.4801857063359982,0.40625298273216875,-1.0503905123221786,0
2.838496946051634,-3.2388816158817813,1.693941703681118,-3.6731530069755673,-1.1738339321863651,-0.03241001568109203,-6.672771722497939,-0.8444778282998637,0.19062804868205002,0.31032668708628086,1
1.8524909744551337,-2.6950851049334936,-0.6740609036543742,-2.695852031442329,-3.050986229284632,-0.6269618363534869,-6.108023800570079,-0.8009887229380811,-0.1199064110521603,0.21046318204693537,0
5.237016528423168,-1.8733139783300152,-0.6673535881766914,1.3885181244162426,-1.351412645590301,-2.6995451866223146,-4.675048346750879,-3.840200171569167,-0.2992522558833806,-4.614298091769971,0
-1.0122690612618042,0.7325896414674534,0.3060553660522731,-1.726061587907796,2.3434434541892433,0.5122083068468127,1.6305839440515775,-2.8555588956854905,-0.24643245258274063,2.0618271056491433,1
1.7585911255541793,-2.8192664747902434,-0.005189213328808956,-3.770590439734419,-0.327699671015357,2.8919887760754075,-6.697963379686741,2.1767473937523434,-0.6676987601488863,0.28847291247556095,0
-2.137610822692639,1.6126092576991675,1.301808877454733,-2.852382364068105,2.090701009666204,-0.018477930728062475,1.9274669766075858,-4.4013082841671025,2.0776176835147977,2.8627737494038628,1
-1.9001027052210826,1.341262302982323,2.4048047752660398,-1.0681545974052498,1.0944826738537663,1.6972102338109187,1.0454376781497197,-0.9690258217343434,-0.4842807298384692,1.1183695031249237,1
-1.5339912067334844,0.7859002133242519,-0.619073100430896,0.7184698234175153,3.5747370619940626,3.0009931366051767,3.988204827122683,0.3593921091160459,0.19963929230287222,1.879298041061627,0
0.434565967756669,-2.5277885569917498,0.9106956917429151,-1.9341402304574646,-2.1155408457894502,1.568978724985729,-4.128389089933903,2.3925687885457476,-0.4939671008306439,1.3393969486443376,1
-1.7609356374588752,1.782976163929507,-1.2047884208037478,-2.9515692344239093,2.3231510456025353,3.0217063475429655,-0.8566049996421655,-0.4609684098645115,0.5027250604054202,0.4090643936747027,1
3.446877957724026,-3.056217813150395,-0.02853516117497236,-2.59649050323892,0.8113134523594261,-1.083044655931534,-4.11551527222201,0.08512309656259465,0.5830107592702893,0.22911920620702797,1
-1.0815302688161987,-0.6318403333679814,1.2399193978519047,-2.0769562461351554,-1.7049694605728332,2.35612004807147,-3.3651685877687867,3.552232010832537,0.7006581545926325,0.5524881054191699,1
3.8225679810389606,-3.47941249893621,-2.635443085703137,-0.8709937468335914,-0.8395555311807076,-2.6829874574985775,-3.2100896065106204,-2.9197598792345945,-0.7835650316162242,0.38646139948469593,0
2.619277662780046,-1.2955861278264595,0.06842631238612219,-4.703424280064187,0.15722657074719582,-1.2135300966487896,-6.441416166355787,-0.3368566426345416,-0.16605438254886842,-1.27962978141956,0
-0.9884588804052554,-3.2951119610473043,0.11993610217871076,-0.803679761668263,-1.875019457147482,4.52909233760411,-2.2241008640751576,2.7224059765859225,-0.509147934563185,3.743014388687827,1
0.6159014363035887,-1.837696317172387,-0.7378331977174909,-0.9106147739723212,-0.4778091862758984,4.342005831091107,-4.084151288999552,2.2302016362670125,0.8193380303955696,-0.20625052218444195,0
6.5250095578226235,-4.87998957082282,-0.3860039345465349,-1.108791724740317,0.568104267787775,-2.6512555543653433,-5.107315464903003,-4.618963317566208,0.003806834228125691,-0.7300978545779553,0
3.854490322712394,-2.666331419986847,-0.3106349201426755,-0.28906394898484633,-2.185498773973756,-1.9974564921086375,-4.9517104149993445,-3.768466273445024,0.3972860227247472,-1.762482059999087,0
7.331924608534309,-4.557277179359062,-1.7829554572470898,-0.6446090311237511,0.3013964330085406,-3.8932822336268553,-5.485353628246099,-5.313578342602266,0.5955633817868445,-2.128838942148059,0
-0.007307222643006582,-1.5604500374927963,-0.6648058859799196,-3.069052711371331,-4.186546282386586,0.6665037326697396,-6.372859391339631,-0.5175745816570275,1.5597914559662804,0.3391842464449295,0
7.461365709349809,-4.931862909369064,0.6447210295020399,-0.8879304010303601,0.4635880490345843,-2.735010153169669,-6.3526635337847575,-4.052027592056547,0.9085554822019126,-2.2677296939880556,0
-0.25563271532362325,0.2476937368610992,-0.39132207752028364,-1.1388715951474715,-3.029014577400222,0.19017450182357076,-4.003808775058936,1.1040198576375948,-0.9317567818050291,-1.7039851005426239,0
0.24980222744092065,-0.08483822499474103,-0.09468406149452392,-1.0993216988559025,2.265237129706925,1.5997576002341918,-0.002625114467045312,-2.1933846322318775,0.5935884863422272,0.7541769500917913,1
4.186287600004893,-4.640137469591181,-0.7137702745857607,-2.4310946630729693,0.7427173052743306,-0.1094533659814847,-4.967093283813927,2.805358744475871,0.5243985057008649,0.6871505075036187,1
3.5370323550372236,-0.8429384694744516,0.1469036729158661,-1.4573737865975855,2.9158907042180062,-0.9422519643297922,-2.5641375372354305,-0.3775471673612987,0.3339136813532421,-2.3278768234759095,0
5.2020978910206965,-2.553380184043138,0.7237607119254739,-3.539286630065458,2.725327274295731,-3.0262824377290807,-4.83156142393215,1.4521625638579927,-1.0162678567278296,-1.834012136219933,1
-3.3571065227129275,2.3942227383327412,-0.10132068454193323,-1.569648892448638,1.388517944028525,0.9159781865481337,2.9413653017421777,-1.5071702397820563,2.4373046240101695,2.3432941751285927,1
-0.9683263552411834,0.5191137066332436,2.7577259242255914,-1.780403243360788,0.2776983315050958,0.6738127051107186,-0.3776979497091013,-4.683907086638811,0.6809410432337976,1.5073904807856293,1
0.20725293968135589,1.6521127868170296,-1.6646514582806153,-2.0759508595995144,-1.6275332232232016,-1.773729269066099,-3.6308301366571754,-0.7518439381475579,-0.6642710100718509,-2.8498905498278275,0
-5.404293030717748,3.6012760581861407,-1.0638250700947505,-0.6602570549426694,1.8494194940883304,-0.08220565269522329,7.085478541850713,0.07474236563174297,0.15623574893738468,3.995298018588922,1
2.4252335396571203,-0.7670074470987174,0.5994875235681804,-0.35184373556570514,3.1311628636607143,0.6089120217250131,-0.9369440652656462,2.5383531334003013,-1.3167692510055098,-1.6611380652371535,0
0.642417471381004,-1.9893780012963533,-0.19593066686601376,-1.6447417393811898,-0.740124880666235,1.0804322454717747,-2.671288779530295,-0.02130866504275919,0.5726986420968898,1.4211420271226538,1
5.5388272916016685,-1.4067849823940708,-0.8799206025050699,-0.7356209787991225,2.6523833464585893,-1.504560492352121,-4.5222760876798285,1.1186298834399153,-0.8487059240643177,-4.857026765399635,0
-5.048165151779608,3.5041993765864476,0.594489129883649,-1.9244244214753081,-0.6057925691564314,0.7510006310720636,2.55450120111317,-1.0032113573718258,1.0509034928830834,2.282304252244845,1
4.458109197508554,-3.6412617052610665,-2.204236304857036,-1.8501640620925635,-0.5224134897802516,-1.3368447137644055,-5.648827535500934,-1.0577316099282168,-2.0048593724508446,-0.9249151297666438,0
0.1846189339641806,-0.02266636775673514,1.9072635092042913,-1.6687993812347226,4.524436879581204,0.5701240039679271,2.5718908095232873,-4.231654623445543,-0.17696933434322135,2.6503538287234267,1
2.152648907348808,-1.3849497462329614,0.5521362641417847,-1.7011890896541537,4.603011589266144,2.2560239260161805,-0.6492885623958096,-3.1012280066418363,-0.655582391307999,0.9031149505744809,1
-1.5730003567525357,-0.5117363257519767,-1.7563987118345603,-1.5801009893287177,-2.5484162020772443,2.0935702854538345,-2.7601129531964044,1.2364694514840229,-0.7769250348359888,1.1503091380124246,1
1.8646924141368117,-1.9978557201831584,1.0809661708636942,-2.2099561240627046,-0.5369286826596915,3.8762633040203593,-6.937377319734165,4.4868330781490435,0.38839886855045264,-2.088725000695231,0
-2.4101136288878426,1.7464825576019618,-1.055111535008702,-1.0678911629621823,2.3862725345346174,1.5361633410953033,2.919391071676129,-0.735767097283323,-0.24057872721864754,1.9800268416052482,1
1.828859630948025,-0.03980335701457083,0.021317308413626567,-1.03964460051987,-1.9157546173363302,-1.4862809251915234,-4.452548748248724,-1.7732315984683336,-1.070380547503318,-2.946439548491858,0
0.4382826554188748,-2.10327808804304,2.05301162400888,0.6006875207678744,0.6039765217197601,0.25567013654641446,1.4179594490615746,3.28547249295756,0.6036463661199082,2.2246115992175035,1
-0.20377286012835594,0.21329697283142823,-0.4363759428163026,-1.4954020549156222,0.8303092173130407,2.1251513043531984,-1.636439052621166,-2.196135044738599,1.4022393556133481,0.11563379425054165,1
6.776615336429933,-3.2523105140800865,2.4845809842450635,0.5560132480657827,-0.04066662460408099,-2.9285249312648665,-5.4390497683092525,-3.756242839977723,0.6715745645136891,-4.123172336818817,0
1.7674620070920475,-0.5446857410222211,-0.6302097861368223,-1.6704375351530727,-2.114223503830452,-0.7011323180910943,-5.366322859534646,-1.348634450187735,-0.10701049307857649,-2.4714035085962696,1
-4.505336591440778,3.323376768309884,1.01074993290306,-2.7706370259211877,-0.4858087119776575,1.3222867665388993,0.8210380146267031,-0.9597526670563797,0.9620829327412961,1.6071302863484618,1
1.3189645355893156,-1.5456439944148996,-0.7108034825114704,-2.6729149570366904,-1.9690667895231337,-1.1893061089517143,-4.6072781224001025,-0.20196757111476793,0.061972573965947145,-0.07436139015616927,0
-0.9698236450725005,0.3567429742485777,0.411109055030255,-3.570027560696822,-4.111589440051537,0.31707245546380514,-6.313069628904767,-0.08519952616426085,0.2421642119817752,-0.9890967149532445,0
-0.39521371273675854,-0.3640713583705846,0.01702027062294713,-2.807667499951659,-1.2004848919200577,1.414363689062261,-3.8070627270791406,-1.069725988112554,-0.8046520281764187,0.4319555352740414,1
0.519499499977163,0.20334181405523055,-0.3708395252458204,-1.0581120177416734,3.6776088152967423,1.7339549536308083,0.5873684047132456,0.4543018924191422,0.3262267357202956,0.12236161482609509,0
-1.685277349230951,-0.867166263683148,0.5148516811159259,-1.1399083003483659,-1.8089533237583935,2.4203936951302873,-1.3851837629087138,0.1894840177790953,-1.480675391857008,2.2859031740435682,1
1.1236132002514918,-1.7145720953778352,-0.7134418413281709,-1.2790889751624328,-0.08152757959940171,-0.34408691328354735,-1.6677654334170506,0.4525421662934517,1.5189290130617579,0.9710116352210114,1
4.26497619708771,-3.2040094859900234,0.31384309890203466,-1.4913464535352579,-0.4765269922003772,-1.3807008404896812,-5.223103753807284,-1.1481903664698778,0.6766768691688682,-1.2676549427533754,0
0.650656092987717,-2.5191727968261164,1.6267210522465816,-2.879174623314843,1.3406126798359312,1.963449394190992,-1.9460277128902497,-1.086036606238543,-0.021834076174770664,3.2374030638944014,0
-0.4341309444078251,0.012512460783953294,-0.5840441472982576,-1.0872437624635105,-3.977864289210766,-0.07870235824270977,-4.135001587963176,-1.4897907277333173,0.6686551611583593,-1.0290056970987087,0
3.960788728314939,-2.919618538966869,-0.9017515254120243,2.2733386370402573,-3.056170257538459,-0.9563434906871944,-4.107633064448163,-4.331575766877511,1.151030141335539,-2.4267520404662415,0
3.4172487756384866,-2.143592727659148,1.3470908931399792,-2.1452957819411926,1.101806376512394,-2.8290906447767386,-2.6764487727933433,-1.6465413062026104,-1.473647180781942,-0.12477404080101406,0
-0.19397746297822926,-4.469742725688162,0.7863296000408939,-0.9693891970347633,-3.5790229949014534,3.8000021820997767,-3.979695103005221,1.9057571648071798,-0.8755033069473153,3.835690535741756,1
-5.298699118745304,0.6919441521286771,-0.18075231049756352,-0.3434822004433171,-5.257585142495528,4.340213336059986,-0.9112603860422831,0.32711449237132517,0.5958394752808079,3.0826284575626044,1
5.618388853810342,-4.985088519921297,-0.9625918106764075,-2.5250456560445684,2.0038523357176286,-1.5672375814722916,-4.688635246980407,1.5479519691161947,-0.7210515970716772,0.31989710806861016,1
-0.5427415846636896,-1.1861923904145066,-1.5830804146645185,-1.9573564197193263,-1.599661661758222,1.5813561796501798,-3.150267433189635,4.31143985678949,-0.3532639743833201,0.7566883184178691,1
-1.164085048301912,0.9645211497179111,0.09236656144518392,-1.7304689018426196,2.468672323994783,1.6614167774649564,1.0070709925839514,-1.7845988107047557,1.229381793803145,1.426046020401326,1
-0.8628806621916137,0.8458018880609504,0.3256647209107891,-0.5188567177740608,0.43633947747436097,-0.6453894294214755,0.9401953013386284,3.058774452491716,1.35793746132566,0.04684232131070343,1
3.3351387359950677,-3.471000324401997,0.27906250868529264,-1.8071233689884811,-0.41815996014506807,1.1974146893218158,-5.6741230618803735,0.005434759537799927,1.3303164260362166,-0.4245306662151944,0
-0.13170091574845816,0.3186276474265284,-1.817741204181767,-0.659651153785353,1.2927404070368969,-0.4920822680105512,0.7643933605501304,3.4958172513193775,-1.4004658647597876,0.02764960516492776,1
2.3079444546913277,-1.0886230077436088,-0.20691816824627107,-1.4014652116719155,-0.6126895680636664,-1.940782320378704,-3.498959075151652,1.8519009237725785,1.2513648985189492,-1.8102194354201475,0
-4.477390866312395,-0.37631187845684555,0.11454570079432515,1.6442955529279852,-2.7412399829960106,4.487581569043641,2.5382343946344785,3.4053526943415635,-0.023859829400176967,4.0505032536373005,1
-2.133475232547774,1.4572409344767536,-0.14594335001238623,-1.360122302934271,0.37573146278018354,1.2756241803347224,0.6742720854389147,-1.7843920296089064,-2.381191535774456,1.2407392204852723,1
1.8958681001093791,-1.3305918558398688,-0.599472443644554,-1.0542985867727899,-1.589671795906538,-0.9611039704276634,-3.853075473174087,-0.7747136412230359,0.3374663870861108,-1.2242199171663866,0
2.244753671864394,-1.6198472367278924,0.4904698944501049,-1.155486731059971,0.6351061395220049,2.0551648999098746,-4.159174586618661,0.5302506559373729,-0.1108485103486127,-1.4626660375917824,0
4.9447413191419,-3.3367721227708795,0.19348684759525261,-4.005322812546451,0.957763664011984,-2.428248290351259,-6.216868922944323,-3.307439444541394,0.6231200983196872,-0.5239758217724308,0
-4.103046790838148,3.4080199765455776,1.8790506238647673,-3.3501644514669264,0.7631220745188336,1.6709903436243347,0.5417383604746875,0.5507732059697514,-0.9257317238634896,1.1453359035527924,1
2.7008456001593215,-2.825973311875006,1.3385027181385938,-4.355003245774009,-1.2081556354286906,0.3068215814212816,-7.751089649721868,1.3723360410018428,0.9880237432564568,-0.5658246804338076,1
8.15159507315806,-4.4517386400103724,0.3375223281678575,-1.8302445643572107,1.1844498063958295,-3.23702334421744,-7.424707256971723,-5.254111899064246,0.2644692571326487,-3.3094627013076097,0
-5.767517179106531,4.485070337922796,-0.8649619484873124,-2.8063345687486976,0.6103404031979432,2.9713217216346335,1.747638137282511,2.076807936466796,-0.28297246036819323,1.2942880781276913,1
-0.02193349341856357,-0.21948670263847259,-1.8778656063735852,-0.5308833579914484,1.1423446973824967,1.1891624626472,0.2239926694603034,-3.02726078412672,0.9573482609722477,1.0640378308497214,1
-0.48890429240195843,0.6615902211690174,0.9044343506765079,-1.7243398754972696,3.427380991329394,2.6224361396508478,0.44935157358092376,-0.8724423371270437,-0.024496014517257973,0.8266804813564496,1
2.619357928000211,-0.39973920173941035,0.33520824203254546,0.541098511058109,2.188373477815466,1.3127511437371813,-1.9883442486905474,1.936503493398112,1.1358742770149732,-3.234119248227606,0
-1.8401414093763695,1.4407927216633967,0.5957362587612732,-1.157031475003595,1.1397988027996302,2.9381670925751573,-0.0011629300161090125,-0.312926349854868,0.5846506004057759,0.35099210226344923,1
-3.804668040143618,-0.12118745784244189,0.052691471105740975,-1.2372753383448356,-4.044630588567937,3.698753014855088,-1.9680420715219569,2.374763542299153,1.4663357827377086,2.5481924160787477,1
-2.5325320511659806,1.7899419031401265,-1.100622622803708,-2.0296106887621876,2.3127962813690877,0.9616001441338177,2.6007796104957595,-2.325562136037821,0.2448200907840314,2.592206251455246,1
3.92649645230104,-1.8309423437321242,0.13655117171933262,-3.03256424343288,1.7251507624958637,1.3787712045905158,-6.919536412182957,3.333822978143697,1.4731915129757585,-3.3417731324359705,0
1.0752804576453814,-1.518818098889797,0.7464972032643885,-1.188941856751478,0.9024214814592436,2.455379867822975,-2.429097673537764,-0.7012688659823394,-1.680897285644227,0.4357171634601955,0
6.206743551500281,-1.866943295668489,0.27804697228430375,1.2499308189122922,0.6084716140688706,-4.117642402953636,-3.3447320211518936,-4.461253672370907,0.7418382515930123,-4.549171032861479,0
2.1763571611765293,-1.0816111047710626,-0.3730091834030636,-0.3971593513200786,-2.239335513268055,0.06650017423232235,-5.069456666871158,-1.8432203784963423,-0.38216563007522664,-2.624346695332016,0
-0.6343421913556551,-1.6126313955982483,0.6121253521488509,-2.909319917997787,-2.510015950550849,2.580969957171992,-5.029219568523217,2.0212480254796428,0.09891640938803896,1.1766171246911887,1
-0.6986097657991583,0.44342370479886806,-0.3446152858154494,0.6515435550264788,3.8403129338184363,1.7472202340752685,3.95683064679024,0.7285986411077148,0.6420421233619568,1.609412639838258,1
3.3655475805954644,-2.7199473287392246,0.7438687190329611,-1.4457894630804737,0.6078151483280244,1.4795364585033102,-5.089449848011424,0.9618525476654082,-0.3310979899070392,-1.3936938135915782,0
-3.545477980740344,1.2457985914374259,-0.062423293033543346,-1.0955426846367293,-3.0604700617238914,1.939336408642556,-1.065830154303219,4.230638207328784,1.404302289827988,0.8280831016659931,1
-0.2793647915852276,-1.9618597864078668,1.4124482266873244,-0.9297306418851217,-1.2843878269392681,1.2659168070725315,-1.4518153144099681,2.0436919211710185,1.1856193163391573,2.1189175301259695,1
0.5934605747706455,-0.251526487962904,0.34764358812152774,-1.887375886962106,-2.7933176946892826,-1.4207766008522351,-4.184486273036474,-1.5087454736277002,-0.6748970718948093,-1.1141947684331535,0
1.968481402003554,0.06650002511878905,-1.3062178008891838,-1.5025853655447,-1.8127062111969556,-2.176301482006273,-4.476726374203355,-3.608794932576077,-0.5349976733860501,-2.7095927096608996,0
5.739739927175605,-2.9315756090384273,0.7576378895174982,0.2880071756621687,0.6447832021591644,-2.8322470184884474,-3.8376512078585066,-2.041840695846583,-0.06065908179918997,-2.9167673725403143,0
-1.7026571337250458,1.379104260922152,-0.2487886662891715,-2.0771519570116412,3.4749676357027868,1.3742601589797816,2.4883712413693435,-2.9008851551633765,0.20128028976791149,2.457586486764065,1
-3.1341032045582615,2.4361902867587037,2.341884926969853,-1.8732482881906394,-0.589016594673959,1.8272224621763775,-0.282530571089351,-0.945638002171611,0.4589000719461393,0.5156386522150564,1
-1.712240182642984,-1.8578529213146282,-1.9501122379867444,-0.5046698908091793,-3.2241871217461124,2.115039358720061,-1.5952162896819073,4.071665840331054,-1.4564300388314206,2.584335538750824,1
-0.016233023598356305,0.10395398177797488,-0.47208952242934366,-1.7590980851031934,0.6808595761485133,2.138509959913468,-2.196922177821696,-2.9549836833202,-1.508424703225168,0.046037564659321406,1
-1.01092008328287,-1.9422273964669277,-0.1806838921904478,0.44970186677653823,-1.7577276709811316,1.3689987502585035,0.14913016103032548,5.2455636633904295,-1.4736993376276717,2.36542023896852,1
2.542930708035488,-1.452339880530689,1.1593295983306997,-1.247303222121897,3.170329445628437,0.916002988954528,-1.5705689229268058,0.978543881871635,-0.10398918889688247,-0.5607128616515691,0
-0.11321128912867445,0.36092797080664063,-0.18740453469285626,-1.6704620342970347,1.4035312592541143,2.6044458646239863,-1.8957924890909654,-0.3139975408030544,-0.21927328531388418,-0.4273749960138413,1
0.7987040243587996,-1.0844809582637625,-0.06175892369635511,-3.410925473811774,1.2889038171024514,2.240245372076794,-3.8452135909663134,-0.06003320569133552,0.043144019640461675,0.5133872151488492,0
-2.151694483653278,-0.7197180239299863,0.7354473247283934,-1.8344329837259588,-3.7496924016781112,2.351240596561171,-3.3114182728081483,0.5395432768338561,0.042709819914462814,1.815990518884422,1
-0.17296978401364357,-0.5072288124214499,0.6302361987253822,-1.8513718296753723,2.4825199260174196,3.69331019393033,-1.3125097955469682,3.1789197640833224,0.7491988165286851,0.6319995426861769,0
6.110950099499952,-2.757991033281054,0.3214845658500596,-3.92696847773116,3.4566169366214172,-3.6303380069898026,-5.319401430642155,1.8107143204770062,-0.0554595853308533,-2.4045197089588926,1
0.9648016764480134,-1.1595853310530697,0.40476243343132756,0.22592118635494085,-2.6897726675552653,-1.349971827278568,-2.1640248806142433,-1.7329569126350497,0.43925948938067555,-0.3635630098197009,0
0.41324316236561487,-0.3709242026658708,-0.3046510841258466,-2.3159936812310056,1.9810787510914172,3.2061132622491306,-2.7693239936539293,1.6074445292131614,-1.2085151668214802,-0.31211035712367763,0
4.367659823786878,-2.1109527197050286,0.09892133787759443,1.8231511768194575,0.6978512248991637,-3.770401604557669,-0.18326547051105807,-2.6697308253730796,0.04825625697431936,-1.649903908977887,0
3.312850087162996,-2.6629561574942473,0.20724466180087722,-1.85520205773636,-0.17918847740799215,1.9123168721444328,-6.572319649836809,2.3312810224078593,-0.48552997646371326,-2.1505081924730325,0
2.1841893630260896,-0.7830554018073455,1.6699920960980184,-0.9975275939854262,1.7417694105563053,0.9997227642556791,-2.6610155078990836,0.5829774518807612,0.3278209443202416,-1.7457130556699951,0
2.6098314778860705,-1.686532191768584,-1.528938905350083,-0.45160771846631187,-2.663261450035554,-1.046382766621158,-5.059856065952193,-2.0981519085826,-1.0616269454591876,-2.150128282607243,0
-1.8363313647527837,1.1282171638841731,-0.6800114800399549,-0.33959661962632093,1.4845615051746281,1.6149129201193178,2.180535669510441,-0.8170473570081072,-0.01860470565223647,1.5060467435999025,1
1.4677237341814917,-1.1758647952900385,-0.861814007519286,-0.564697740563867,1.6141312350246722,0.9510461179110827,-0.723382845332576,-4.374801528539737,-0.17317087076504872,0.7303436280986711,1
-1.4819408354785573,-1.155813535738433,0.4009481381080697,0.6155402622190591,-0.9877709833824996,1.6214365868778358,1.292878873478096,2.4175867802838633,-0.9755105863005183,2.6424129160931775,1
3.3705132367946193,-1.3991804334191973,0.5454569028494952,-0.5172716912120763,1.7831104047696917,0.45752290160237075,-3.186581654953137,0.2504454826948963,-0.07085916664044703,-2.4366908176427664,0
1.0016163405907583,0.4266944935149617,-1.4184043274872655,0.8886632702898933,3.209298196267709,1.9472895044830918,0.797591034970027,2.257482845204607,-1.2515531395949613,-1.724349399614843,0
5.5331806086727084,-4.5334743511758155,-1.1344739175575103,-1.216780813710292,-1.1243906865950253,-1.3063650477705973,-6.487070549973771,-4.782628990848395,-0.2850720974046158,-1.0033560492103826,0
3.3908442792497873,-1.0685411976446615,-0.0897648872738478,-0.9075753434351119,3.2878037689924966,0.3829523980187035,-2.292611139635829,0.9549965078177194,0.08609437179585895,-2.274702239506083,0
6.378032940589918,-5.412549876567329,0.31956178916793554,-4.275780610362228,-3.0959640391095924,1.5165695837854387,-14.412139387748235,4.473803370453282,-1.5078459640913198,-4.2901275400313965,0
-4.64216755184887,3.4746382464310885,-1.447337112444998,-2.3217937769646437,1.5921136864466705,0.5022204311077447,3.952266430388445,-1.2642985326440261,-0.8667453933444454,2.965331320824001,1
-6.3410182534370625,4.343308033621579,-1.2383970609372494,-1.5597361103976717,2.9785904570009087,0.21567979992662467,8.108056753419664,0.155359708079166,1.7892660607670823,4.847842408180982,1
-2.3419585041117528,1.5556569452129068,-1.5033393971423339,-0.6179899926806802,1.4643461992262168,1.651839046189052,2.3395164105643738,-0.3660682380095315,0.048453495422748336,1.5663130214480512,1
3.4806726667638106,-3.9152958763159496,-1.4368986898758145,-4.339732183551707,-1.4043961662624849,0.44463028411388295,-8.53810587874722,1.848371865401074,-0.7745735651924353,-0.3380106396354159,1
2.8592046704832086,-2.3381951195816897,-0.8759061546935356,-1.8622367726108,1.6502300165469834,-0.9559760441415124,-2.112007055042481,-2.3009454486761327,0.5922452166433445,0.7696613504833083,1
2.8223350253638437,-2.2924998667338863,1.7329885492100978,0.8295911472916457,-0.6767987032464372,-3.145085577190686,-0.4428539310698424,-2.73736353152535,-0.33957717323157377,0.23795076058235165,0
-0.7176503249748326,1.705598334094677,0.7099639320067097,-1.611782541634894,-2.549740085461676,-0.008293701329533665,-4.033208320374644,0.8287192816456028,1.2943312532053923,-2.846946654560817,0
-0.11327655220623613,-0.4382122802315649,-0.06796238616481728,-4.199644115831593,1.064279612812943,4.260735788470667,-5.42010536618929,3.9134557524644675,0.4364086675380921,-0.46581930638953195,0
-0.8311470679063745,0.2349822732964908,-0.7584818160172367,0.7794869010348666,1.3443898232027838,1.582199762960273,2.176512375732233,-1.260761819678985,0.6551638971761418,1.237346987403638,1
0.29201839934811646,-1.593849238076172,1.1641135237115698,-2.682919340246512,-2.7093189863072524,-0.29794336119665377,-4.182637514230721,-3.1206361325886904,0.0328195129298009,1.4105123062937999,0
2.0850152850404053,-1.1773554260651629,0.451173288486409,-0.7270847406198754,-1.556763150293102,-0.8658672363710875,-3.9848951016442453,-0.38992541393636815,0.6637109605412289,-1.8635675427565854,0
-3.8438492096613746,0.5322421355265767,0.7380554120730056,-1.1051176967767427,-3.9579964810791437,3.5742695433184557,-1.9777436800740873,1.6231803284919037,-0.8115996148578879,1.7953623535994787,1
-0.7452783756072424,0.3841142297732236,-1.4112557218406563,-1.1589388933675557,-1.8373530702703138,0.5752142522786459,-2.177757124761574,-3.1491170792152046,0.8218697722591285,0.025579633958955794,1
0.3378455795526069,-0.9160536300577363,0.4047481429082984,-2.31751703939119,-2.1451701207682987,-2.0098084883809477,-2.759606868285184,-1.5010835916705005,0.35190906662870847,0.8936425584749417,0
-4.532264833566452,2.9154793781229156,-0.3334686510381497,-1.2110562873184503,1.2227392026362103,-0.21907484444119008,5.400249300402329,-3.3421655241854835,0.2696394875383339,3.9916265225104923,1
-2.519912433214668,1.9745488759412837,0.5351336235116191,-2.3335504220972765,1.7209689028977082,1.8676844668133668,1.032513029040188,-2.6910973895814685,-0.41926128066524043,1.7390289067624596,1
-0.8435188480373675,0.7318482442740666,0.2642512699082058,1.510984488857722,-3.771222714347696,0.11093025445437732,-1.5570674421301904,-0.7249254890593596,1.0270846972235659,-1.749917653631883,0
0.37626103429926394,-0.34164777643235134,-0.2499853846935096,-1.3563195619729365,3.930739208127237,1.1208013588867602,1.4765349857955103,1.0957219532923423,-0.0065825814031294635,1.460654721453282,0
2.841534631774341,-0.9074837306373317,-1.2321846779285617,0.3012817837535402,3.5063011537230397,0.9024361501024062,-0.7379181422519576,3.2221880593260126,0.6791173315494465,-2.1688818910630507,0
-2.283489601218343,-0.1752052801104267,0.5464869356719159,-1.5673273221836754,-2.760441517861987,1.7604302033726147,-1.8427308126018722,0.5297702883577322,1.2666053772781058,1.8791101024450743,1
-1.0531211032789134,-3.7643002637371477,2.318742267071903,-0.8338045550672536,-3.7466572503958036,3.939661414037152,-3.3434619242970025,3.0321826354458548,-0.32539135500987365,3.7774832859960084,1
0.6272456355300507,-1.1406895792149958,-0.9833516905833866,-1.6946391822334277,-0.036521337445979185,3.7466357287646495,-4.3628478782935005,1.2507329470954163,1.401132236402733,-0.6625893716597397,0
4.6874410139147065,-2.9293982059057377,0.454644578547429,-1.8994382022963407,-0.08399466010177203,-2.163535574267103,-5.38422069869889,-2.8613673177323573,0.38689730875197265,-1.5843921855333085,0
-2.5779486400294593,-1.0237168212126642,-1.8625886532292635,-1.2011788941652024,-2.7554319262114157,3.8408226343182275,-2.0150964993209373,2.2378100741021663,0.04312676211368586,2.632502586842768,1
2.9408406901934385,0.22932556819629557,-1.1034047859782585,1.5572156394980605,3.756142918895482,0.626194691583534,0.023708117439823827,2.6947171588965166,0.7529675122044905,-3.8651933509408436,0
-2.519202665061017,1.523856998334039,0.17040438502171826,-1.4813020382400544,-0.7961793573897498,0.44112434777818343,0.6118099872141342,-3.6735047742049063,-1.5136456237421843,1.7589616564031751,1
-1.2674827397348463,-0.0009072738448510087,-0.06694600763319891,-2.4688197064478272,-2.1282545746561685,1.2743194891152008,-3.424373682558779,1.6859211524573925,-0.18701174251865926,0.36017471178460525,1
3.724510281646828,-0.93617928346553,0.12687474079670522,1.5474700295403627,-0.9420722600213323,-3.3438331294746924,-2.0284058776678524,-3.857859098958304,-1.8302562104126654,-3.237128333842909,0
3.4130048768073222,-1.918738173581221,0.2432841473963409,-2.6331901919554035,0.1557313756062726,-2.1987685296986643,-4.592888371142304,-1.8395472553415466,-0.012328198235321318,-1.1135898309713996,0
3.4717460586877427,-2.7660084102345053,-0.6855366298256818,-3.933505681721516,-0.10570789397467428,2.743782704853145,-9.222903924124804,3.803855118445003,-0.2499435912615692,-2.6042024756281634,0
-3.164790191350651,1.1423311848137567,-0.3515452613333012,0.061990118450178544,-1.8696733758826276,1.2516246645680698,1.296204616535392,1.5352121374843213,0.3435758851188842,1.5994095887687487,1
4.128875474924071,-2.7817309412712774,0.7839759410154511,-1.3535163099699639,-0.08780654133553734,-2.512479540945388,-3.969363805987686,-2.0532964003247676,-1.1630671542720423,-0.970299712648928,0
0.5991352369045532,-0.04884270549366532,0.9178733031451253,-1.8008874662919314,2.5908533652530625,4.099272344949053,-2.601974947012495,-0.8048004515045372,1.0106008528835686,-0.7559717286220855,1
0.5589991757875498,-1.4207929017102021,0.8148183749915112,-1.9951273736283646,-0.9233146618026569,0.6466588739351181,-3.1975628435391417,1.2138403689185766,-0.8945038098511853,0.5517734557294114,1
-1.4081110997228832,-0.7513198512914565,0.11912310867344743,-0.8593435893669249,-1.6697382528016085,1.6422662797817922,-1.2032780615460457,3.870674874260981,-0.5829569213210068,1.3987753403896137,1
-2.940244542691963,-1.9000860575402085,0.027498753732834762,-0.861593103337079,-4.676415981282581,4.120442803214274,-2.562153838542928,0.14075868190764074,-2.908862432271827,3.8057301311495624,1
-4.066190228497762,0.799061321144722,0.21142122854004194,0.06824098506655596,-2.985509125723746,2.9856347906977945,0.575294090974769,2.1800566178094294,-0.004859612783917099,2.2750927441764275,1
2.427875754113948,-0.7495749795853441,-0.39903500315560303,-1.3223762689004135,3.60414052613033,0.5605536578764078,-1.2054011506106075,0.4073453335913053,-0.057243601034954156,-1.025692468613069,0
0.9779819612760493,-2.1812345647761546,-0.13968617229875865,-2.6837060929944556,-1.3598054106090853,0.9451940181116629,-4.6754593898362495,2.236948362409555,0.2784044599378596,0.61825057243045,1
1.0914083492326907,-1.5847507169304644,1.6004017554481238,-0.29469879450500125,0.7984680255075678,3.382792535090651,-2.5454488938260456,3.013225564443187,-0.0688549928182328,-0.5278899331757596,0
-2.4004573376806273,1.5306531731240856,-1.0869960871517366,-1.8578393000326396,1.1231503691556837,-0.228630689581369,2.4259178178548786,-3.778355298437555,-0.9609339238790036,2.8219564601620455,1
-1.1381921316926034,-1.9611715597497856,-0.516919486356976,-0.6407587674266843,-3.0489301966577917,2.223991072907264,-2.2430794040743756,1.5055256795712644,0.8378683874732149,2.3075473495133636,1
1.9478109357709978,-0.24508484718642998,-0.4983927119536229,0.27749473862088303,2.4711543648554355,1.3144335902268178,-1.0070520335412145,1.3120153596025093,-0.9949136759617321,-2.1448599413183276,0
-0.6179080652671622,0.4075342696777906,-0.9759437437451787,-1.3895820694812129,0.48495139668769105,1.520895650829817,-0.9306849221798735,-3.0495233148188996,-0.3148740686730598,0.6402493108919317,1
11.98270893340601,-5.65568886532041,0.2715143155249684,0.6788842933912669,3.012984744485621,-4.787569105110972,-7.111314689832502,-7.5297073924540445,-1.7940560232190466,-5.83326578943281,0
0.4092966293092899,-1.7386837934765618,-0.14441516475678473,-0.727552637077095,-0.5031057220997933,0.1361953229499433,-0.7736865306851937,-0.16358446679750283,-0.3451027205952538,1.8218613510091886,1
-1.9603632080340245,1.6337480717133515,-0.33999111079506095,-1.8723510251641677,3.1385091920827746,1.06514120353558,2.6423780569171784,-0.8856956607892063,-0.8741546945576216,2.069073266433498,1
2.618638531829207,-1.5442459401601574,-1.400059263224245,-0.6443561526218944,2.016422940339983,-0.05601341669773929,-1.4215780727399547,-1.3372040872849769,-1.5191735588465338,-0.44905230309364086,0
-1.599085828851449,-0.4347790673814871,1.3933908486791173,-1.2092408670782953,-0.967132941417479,2.440553865462867,-1.0939218205079912,1.1968281821057754,-1.4028247831062919,1.7419121551566397,1
-2.2378510319435,-1.141950246714659,0.182136194000205,-1.9309383992390199,-4.167280891513039,3.466855195082557,-4.396481117632924,4.249168824543835,-0.36788081658261934,1.4065320158604346,1
-0.4058572184158766,0.06422591123879617,0.3064976394217893,-4.0407698806865096,-2.1556030143189435,-1.5847628946754173,-4.327573116454405,1.5105563606014951,1.8499715943009574,0.018491022206129193,0
-0.6799123175518242,2.215300610307402,1.2715559134708565,0.4373254014518755,5.0009803207585035,1.1330060961773523,4.338840195656833,-1.6904211668091929,0.8541474707467153,0.04042177917432821,0
2.158584920140372,-1.6515409907866725,-0.44491194916551313,-1.2898875327702364,-1.7973676615568812,-0.8745491807073714,-4.5007451566194066,-1.1229046601144548,-0.4878617552899782,-1.2081158633742757,0
0.6514271129183555,0.11066136818044181,-0.24563709780022788,1.1348041417500818,-3.713117595644448,0.1255722042841152,-3.6791293682168957,-0.9956686312617307,1.7814863645185157,-3.0673064277487834,0
5.778546656974635,-2.567185051862323,1.4727465575112082,-1.8172938517704298,0.6826386831166595,-3.008550968260379,-5.845251512157545,-2.897834201525167,0.17437186305806213,-3.1894120515466557,0
0.0482799072016693,0.2108408302279945,-0.6934292426154812,-1.2764021854037968,-2.4047228026315923,-1.1633248544527168,-2.9878290655649473,0.08427952127543636,0.22122524080794348,-1.1561089344007185,0
1.8168868893083987,-0.930791932198321,0.004005301267938927,-0.7138063660858881,2.102461218325919,1.0249122184861406,-1.3517476841804141,-0.4991817137737824,2.401110131083261,-0.5992542301695917,0
-1.7220121901047138,1.3292817223771791,-0.20149189991337269,-2.6239712671996296,-0.2785278521774899,0.5364241459085248,-1.0415307195758967,-3.898038018496286,1.5959347834211763,1.1358469499677828,1
-2.9927586203161063,-0.30325544943129046,1.4499641908623555,1.220770380985087,-1.3607971669427594,2.7965631435478673,2.455454898114093,2.024860156899112,0.8255389231674295,3.1343268850784645,1
0.8312397192726048,-1.097232630820388,2.4802042249974927,1.8460989789603306,-3.602118922047265,-0.28482498681395163,-2.1311818198907746,-1.514385335463525,0.1569994406771894,-1.2332504228245402,0
-5.694496830838777,3.3435180361679833,-0.06463554635386828,0.47303632837528786,-0.4118522141687353,-0.06605974669228187,6.526909139167131,-0.6997790973280427,-0.5473351646642455,3.7453526003528954,1
-1.4172144469405519,-0.1575181854247818,-0.9246230443302299,-1.8146502934869093,-3.476639246056607,-0.0013887263424656737,-2.8905835177609447,0.07845319787802274,-0.45679626967092407,0.8210486039316502,0
-4.1085913377445005,0.5005752578500249,1.106001071302255,-2.0331461681940466,-4.282486903554355,3.870238754469245,-3.058300367251803,3.5908605903522646,0.5316320865818888,1.7357810587976674,1
3.242777592603,-4.259998361255883,-0.5259367197893287,-2.0919363245958627,0.16726220075210207,0.17316130693599074,-4.3088205329850195,3.872248510211317,2.5011688279318114,1.0060402044258505,1
0.5012261643403476,0.03426747014225984,0.7803235903028443,-1.6212755353493187,3.099512827188428,2.1429703029393083,-0.6275708076309832,0.3141498315516633,0.13790211610976857,0.0321429577742387,0
3.0293030826008365,-3.347418543827186,0.33870385994037067,-4.419491183255795,0.44816624315017806,0.901521379817806,-6.702858142814346,0.9129300261013578,-1.331176797385621,0.4398130225023109,0
-0.35630626952934297,0.19983387750892723,-0.5205970813647237,-1.0342498167481542,1.0286978037401666,2.4300585392766267,-0.9712782119396293,-2.363734190566494,-0.14744245158719196,0.3700217830071211,1
1.2665072775463115,-2.339424980399853,1.6349292569376774,0.03648575488774952,0.6362905652356834,-0.14341400589749798,0.26856428930303666,0.7994943341972078,0.7743342156185784,1.8719289910962806,1
0.36501125409766455,-0.3529623826393484,-0.9306030316612433,-0.875331321891845,-0.15176923844786083,1.6877112246835495,-2.2378612462479253,-2.3010328718963473,0.679651047944746,-0.2786842177779103,1
2.8177068605662874,-3.1034659914524028,0.335350026947146,-3.8037207213663105,-1.3442449662025806,0.24646739428176634,-7.319578920944453,1.0353879064049167,1.421022042741208,-0.3491983432556842,1
-2.7630583769085533,-0.04770996614889689,0.839322355713954,-1.9102494769710667,-3.1326322648461313,2.762888944024355,-2.6909124234223336,2.719967033477014,-0.829867998479049,1.5647488787348887,1
-2.4597950110075404,2.0933809562662073,0.3414752659548451,-2.3915044839972355,0.008564325536978279,2.0891432213763528,-1.1246567855687757,-1.0715889419833262,0.1289310440383889,0.24422251502861902,1
4.4942833280142755,-3.010095357272611,0.7506385840969886,-3.1250209432794147,-1.3568911910670451,-1.9206775131142375,-7.614353456791472,-2.439740035999506,-0.4530004526783817,-1.8794539226600957,0
2.2733617038838716,-2.84365961832901,0.3263376613142739,-2.3217298525109595,-0.22152830887816988,-0.1354216924381193,-3.9283615977081627,0.6954819675487027,0.03374040393854947,0.7821928817783448,1
0.8976908549924939,-1.0192971148024434,0.15384532167798443,-2.503209166971207,-0.35734671243858207,-0.40794167416968374,-3.0605626798058885,-0.4077465201513679,0.32147833530758796,0.3476597023827137,1
3.872356299053874,-4.011757137291289,-0.5861362637630572,-2.7446874738942615,0.14114276000564385,0.7793680220538047,-6.219536586948624,0.7219282604663382,-0.2575659346052936,-0.0577764789170474,0
-5.961165159682542,0.14106781808656388,-2.1033005497426394,1.23168032335413,-5.342883556371118,4.740584805169237,1.4486305262827595,1.3685523364771306,0.5056643028193335,4.537281223537452,1
-2.9108398333007623,2.106288342016502,2.192968976061738,-0.05225858836199593,4.734052425037195,4.0683189569943075,4.949691850452277,0.43933217069520425,0.3031822542833061,2.2660533350762457,0
1.6311743425302097,-3.019826485104038,-1.1282563407019532,-2.040784604149513,-1.231206807903061,0.9260621302923409,-4.262428718459608,0.14527544333148823,0.9835046171580215,1.2542634584825332,1
4.605926209746087,-1.802966658539101,-0.6754672450275622,0.4020467976579769,-0.8786238120480487,-3.215450493628428,-4.016980977680482,-1.707452569132502,1.4485213610415906,-3.57667983857114,0
2.889798284960194,-0.9830994044201484,-0.27358801891233037,-0.19143649997848367,2.378128483124228,1.0118922452672434,-2.3543549801228965,2.5166273723803254,-2.5632897868965667,-2.5990695717976533,0
-0.49358875988913414,-1.3942422796844773,-0.7236309963105796,-0.4266748273432497,0.8111850921137842,4.385276152911384,-1.0290547559575112,2.3919120568540055,-0.034173479655463426,1.4554504714511967,0
3.7762963346494636,-2.6021182415850888,-1.2576295233777415,-2.2026319838053547,-0.5088161001636777,0.9885581997661125,-7.186371202584293,0.009414022893450058,-0.8405797480802278,-2.4253566685537824,0
2.4019492104674516,-3.0194365282589204,1.5950362643755869,-2.6359795071820136,-0.11442547168125472,1.9600577882220007,-5.6551787772420905,1.983471221003423,0.6934575067844043,-0.024931627763485897,0
4.543473296079673,-1.551697004627119,0.21540310933394566,0.23022223035084277,-0.502990680687094,-2.511554344297713,-4.218891547162847,-3.4108952830872754,-0.2890648419076363,-3.6388361006105656,0
1.496719240515463,-1.3309353488578337,-0.5665371616830188,-0.8457166075269575,-3.3142476092130195,-2.1076243186057613,-3.821577398881579,-3.7368023277764815,-0.12491746767394656,-0.6007682271381205,0
0.10548016967328823,0.049185391966069414,-2.0364109516977886,-1.6989992127744924,2.955104372865831,0.7474352051247783,0.8913456048899574,-3.292295331953058,0.46345076870067864,1.6472285192509333,1
4.509777062772976,-3.5301505666618573,0.02365751219032361,-2.0415345013854496,-1.60163433748831,1.4216929766887243,-8.938688626372882,0.3210888337132982,-1.1352191246785146,-2.9218407262852484,0
-1.257245195279337,-1.6494680989614188,1.9490980756880327,-1.5114229622714495,-2.6081414477097056,2.8946057127262304,-3.0007091658803793,0.5274289333260556,0.060975503226572435,2.2142333226939304,1
0.665991683160202,-1.4041856478411117,0.44212764227837215,-0.8582783867600393,0.5999044200069283,0.35314012800919925,-0.6005608707460922,0.7946708391057209,-1.006789347829359,1.2351061868135855,1
3.248528506155026,-4.008618955622577,-0.13858198323236143,-2.6230446284345748,-1.662192649751952,2.2155148121737875,-7.885850317320828,0.4472668106777522,0.3620927373582383,-0.46777834057085066,0
2.6893346625198564,-3.8679172825960464,1.6476439522251198,-0.9594525023631161,-0.10428908524521985,-0.5889182751504816,-2.0872396078239124,-1.774662676955038,1.3034463001058052,2.2472689162551314,1
0.8751276351584885,0.3772810628371257,0.29452832500922926,-0.7828477347425821,3.81933176960205,1.5146929647561296,0.39218312465208904,1.8971214920142825,0.6456121462685421,-0.8143660251992351,0
-0.8824373471761563,1.1321972265752627,1.2718816384055578,-0.6947957718669715,3.4977806045250084,4.257817847438698,0.4135253599303268,3.266333508630696,0.5204206949544199,-0.5595350476603018,0
5.6197256943211435,-1.9576381677968007,0.1679588961548818,-1.1470725298963325,2.6534427748437937,-1.3818715192595148,-4.77839707193575,1.4294461320731848,0.682693510870639,-4.1952514582222085,0
-1.2908838334569717,-0.714526106812874,-0.03614798170551399,-0.45663307541923204,-1.2781485742756185,1.2719359020104157,-0.06921279949644675,-1.2304986123293244,0.0017438630774695295,2.286333930666802,1
-0.8431191836034304,0.7325233947970102,0.8653647002171212,-1.8337933935274056,2.8602968663602226,2.3699276855514775,0.5825040475486811,-3.0742598504332967,-0.06208824145659721,1.4415206504716649,1
6.439408426625099,-4.4827963106928275,1.4812176960243855,-2.2283329916797303,0.4900049520841607,-2.49535784557408,-6.435897941585136,-4.583105108123137,-0.06766145010198361,-1.2409992461900439,0
-2.5285733945990554,1.8484290985029448,0.3774441405204295,-2.2278523393674576,-0.1668449818682911,1.2195890124676805,-0.2599321912506253,-2.01354520161431,-0.599327102658598,1.0949427331438317,1
5.933197846533406,-4.886934917117294,0.36818319700727326,-2.097134046805193,-1.655608040176253,0.7864324392293486,-10.085823665066757,3.111697032898902,0.757872361932744,-3.323794616143483,0
1.5640270416227604,-2.3542052982717454,-0.07187984833629374,-2.5223864767670143,-0.7933598669665249,0.11621611327661796,-4.161151179663441,1.8032604097328269,0.49522980344350576,0.5997283101837352,1
1.9136400827968845,-0.9038373401650991,-0.43738476382806546,-3.8932854132508,-0.7447723373155778,-1.5230410221356439,-5.572058133604904,-0.3963051135223987,-0.14741672371430772,-1.1625120263851758,0
-0.9717256512483565,1.0151171472843135,2.535385011682016,-1.9341071569643336,1.7684309753131968,2.2213921616025822,-0.6071950142645617,-1.0133153154388586,0.9354547012346209,0.3724658057243231,1
4.767145919600452,-2.5880299371514406,0.6681892430111306,-3.71034168679535,1.1130605549034986,-2.6440979417741612,-5.935166884283007,-2.016506132976796,-1.101709759931012,-1.4783520815520166,0
-1.0253352378210256,1.3772949801235512,0.3792480066219372,-3.171527536586991,1.793901500554754,2.666551031852028,-2.2198331726918985,-0.02617866124027035,0.7527106011060749,-0.33057231434496215,1
-0.04928551465590257,-2.0982425059635608,-0.4397630440943282,-3.307259992311464,-2.48172836286931,2.877784442663508,-5.92007728790737,-1.235672471302355,-0.6837276584862456,1.4638329200530849,1
-1.874903016046325,0.7232367155314767,0.6893291868373371,-0.4986925614391242,3.531459052935045,3.154782808029771,3.3135298349655744,-0.24746182234844238,-1.1197609084150395,2.618629628206719,0
-3.1446039470281284,-0.007417899390027127,0.712191778000765,0.2551833455185666,-1.9819550756364532,2.3679741559900873,1.2120823392725901,3.0776414092561395,-0.9667097215323089,2.640966755152053,1
-2.2009327433699686,1.4818229972079358,0.7638596351809677,-1.8544158858392519,0.7140342063144742,-0.12155007390349337,1.7227045643100534,-4.311702846206151,-0.24495263198709977,2.4191574358048102,1
0.28095325576128627,0.17835466190425908,2.1190167281423116,-2.694612950399288,3.240215245805919,2.595943477150726,-1.6128823844179367,1.5408881527832181,-1.5559857033323108,-0.059650580899071715,0
-3.599993762150702,2.3037865918388793,-0.6927034002684951,0.3372512650839463,-2.083653238497096,0.4131526801209495,1.8215588408356,1.4575004536235432,0.5087974252632415,0.6665612601098142,1
-1.3846503484834154,0.8439179737798385,1.9152644957176617,-0.9851468171546284,1.596773870347286,1.316006083386246,1.5213752818783584,-2.7028933110236264,-0.6644352515834226,1.7404828868011422,1
2.549716477374405,-1.4747157186848456,0.9721870698180928,-0.9439726780269915,1.491123572541585,1.680198872501171,-3.555657325662245,2.6383255273989246,-0.3567798292390546,-1.9562451798287022,0
1.6895940381326087,-1.381369679668969,-1.7869576644270717,-2.5502560670923167,2.115207111358007,2.120055208797777,-3.4719102652658225,2.517457942566181,0.6256567614454964,-0.44721001734952837,0
-3.323291616823064,2.5341553425686576,0.02997712153848553,-2.156548870114128,0.9393369195916472,1.6327450815791287,1.2956548418487264,-0.6581547285175688,-0.6021436225407276,1.4879444956201142,1
-1.619870750149343,-0.3393843625057098,-1.320235415922634,-2.9873069098292193,-3.41397680277262,2.4741113987694265,-5.411482794706968,4.589316363279743,-0.8781245781931819,-0.07352964923513983,1
2.714229128214254,-1.085655481227468,-0.4353187015656371,-1.1095949561173377,2.9615778538410718,0.78504319114409,-2.132253644885672,2.289198126327414,0.47011868278956803,-1.684995086372816,0
3.2690505791061146,-1.459461639438389,-0.37139638070487635,0.17626380304775435,2.1356506105177173,0.15956451183617548,-1.829754520470014,0.43716031609202166,0.4789272411691076,-1.9701632395542954,0
2.526016452915577,-1.2763663122328064,1.5082941748834424,-3.3012317390774415,0.7700237378166008,-1.50959915082018,-4.53761164204228,4.419821754062964,0.6504404269065736,-1.601986366343036,1
1.1619782443382076,-4.190588798700443,-1.3379322190745737,-2.407436574646094,-2.4257501613867776,2.6945854334402712,-5.515468851669248,0.16232697551829522,1.1637857157418594,2.6034051646059346,1
-2.2996695662701656,1.759471717323585,-0.17918524651344148,-2.4942617592596337,-0.38584154301409335,1.119039847765332,-0.94646842825189,-1.9192746553354674,1.6081915062900234,0.7947995848781426,1
2.630420733820018,-2.042376063548582,-0.3342611647745342,0.2372118418105571,-1.5187886789994287,-1.320788204500006,-2.8391711141881997,-3.458049290757332,-0.8822790859724706,-0.7697699248673823,0
2.5528654150756935,-1.5747214880660065,-0.11971911463096993,-1.574168376194323,-0.03409424154780183,-2.15846020731575,-2.801401686322108,-1.3016104643906663,-0.4918770034874296,-0.5483077635121376,0
-1.9630465225021498,-0.040662071201484684,-0.6284232896059164,-1.2018033236716081,-1.6978830312351283,1.6835944111185863,-1.1117137613069332,2.717085567039113,0.487656732462146,1.3547958362636454,1
3.47517524928475,-2.900965328335686,-0.387136358016779,-2.1126010382825084,1.068145233043941,-1.5344810253207313,-3.478316869859662,3.44378480199043,-0.5002552081837564,-0.34018233914739127,1
1.131458708517456,-0.22373424236020045,-0.9257640396506979,-1.445616338370881,1.6083945191053353,3.121346943179443,-3.4774076219137404,2.1207769892962056,-0.05748574921080336,-1.9829488299307938,0
4.252419542682234,-1.6605283067685435,-2.58565322481448,-0.5161587540466895,2.2772563715474163,0.4529618631951071,-4.059919801557931,3.5220917426468707,0.35382007460241144,-3.706429440985463,0
1.8586518273525272,-2.376588134280963,-0.4059886015648107,-3.5970070548492337,0.38664307874782144,2.456910130444455,-5.900275234467538,1.079939436524887,1.12089542499487,0.1272037406633546,0
-0.9684625557648978,-2.953622456345916,-0.2955659644704337,1.0561515126419576,-1.2206364554504603,2.797909922882881,1.0030799176229128,3.0616556362662255,1.189508878964265,3.9543786843581348,1
3.8618835266354656,-1.66858256474061,0.6859003580842945,-1.208303193755937,2.4088494805522442,0.6912018132144527,-4.029452705188351,1.8992356427593875,-1.1151034521867482,-2.7829931801488375,0
2.470671674380622,-1.5560078583064414,-0.19167108697225677,2.118415798946083,-2.380168722129371,-0.4602633740068518,-2.794872167137912,-0.3398668578997568,0.28258929888958556,-2.6447356730208638,0
-0.9114554423801565,0.731042617126041,0.9853160736381289,-1.5929653054560973,1.8661430438436768,1.6923978619730695,0.3519329533667933,-2.7834837531392784,-0.4920674900349718,1.2206523838342693,1
3.0048879549738308,-1.2990604820292206,1.0426485259371976,-4.472948075732498,-1.247313215286785,-0.4358940642011926,-8.692844664618761,-0.4376350840675285,-0.5991490976026251,-2.8813334178846888,0
3.6180268615646307,-2.8547913541543615,1.0720990979777407,0.9716321446783134,-1.093214145287633,-2.0573744698042074,-2.2470972118046677,-3.16749598450789,1.233551713168691,-0.6907419456653865,0
-0.3276415169493315,0.383162217153171,0.8822572617297791,-2.756764435207106,-0.9831508014563772,-0.014299035434112373,-3.359969159945157,1.8301356686314176,-0.11105497760456838,-0.6925086468720716,1
4.150960774696822,-1.7507401225221757,-0.24199421242193814,0.8774997389937473,-0.697880357790716,-2.575216264355922,-3.0928923478271515,-3.00841891357161,0.42266214347905606,-2.8892609481224705,0
2.1099159326323784,-3.6199084234863417,0.08408520194551679,-0.14110403435872088,0.47758489884193756,0.526943648077074,-1.1693940370096907,4.113352962439012,0.24258020875486558,1.679917558347274,1
0.07185020006411817,-0.03007097292314298,0.048906799275392494,-0.43326729289081833,2.121145855420962,2.7836640221838653,-0.11269308595370221,-1.7002013113672605,2.5914668712291276,0.3355332058518272,1
0.13084188450237996,-0.7554803630471166,-1.4528288383687429,-0.25335949283882475,-2.911659676024809,-1.7288548285652967,-1.5884839389641159,-1.6324448417499478,1.3621872268435276,0.36868296079042584,0
1.8146363522203899,0.8002103800382043,1.0684961737811112,-0.32028166502848143,3.2307267368072523,0.4698547077240325,-0.6914300127926846,1.1570187279149746,-1.147069478926436,-2.807253868916442,0
1.197258753375433,-0.6294068353046656,-0.7241993756333547,-3.582591519467937,-0.8422276462023666,0.33980089749614173,-5.775960990476255,0.6077571103862742,-0.6558398505612039,-1.3435632662391568,0
0.6094841975575727,-2.1563445214891703,-0.30104479711349136,-0.11571756004116263,-0.27678160694281284,0.11626874608486704,-0.12115429917108168,1.4720637826892715,1.7278751797775054,1.9725464564965507,1
-2.6400069798091197,0.3282285368506477,1.512038814094032,-1.2883875870253245,-3.163521260648814,2.110756742284508,-1.9594158389862213,-0.031864401983175306,1.2758984940957117,1.4046299947237082,1
3.687897399710268,-0.8128243945727841,-0.9432110892025215,-2.6699860515322653,1.393014142610906,1.6122115046600798,-7.4205687663316,4.503911576202608,0.6666747799559565,-5.0122307662634,0
3.5400655329320143,-1.9821628697214613,0.771517940987039,-2.6548202660780023,-0.08155606045636854,2.315889908669541,-8.35285776123016,4.117906949877842,-1.1429031971623762,-3.9015314636937544,0
2.2434839213487416,-0.050684112369229206,0.5260999454946618,0.04537670206402655,3.4495287835079784,-0.041118124530568734,0.15561352451547072,0.07595511539412914,-0.37351905536548435,-1.7204296951113753,0
-2.6487493783959546,1.923224951113444,2.2161865787128594,-1.9888530384003664,1.9214686529157061,-0.5904120997092899,3.460365477177195,-3.8227133237227644,0.0033719922098608456,3.158873892343994,1
5.786506415837918,-5.0422788128410785,-0.3044852815097398,-4.31513159250774,-2.328313799864755,1.4647256560871786,-13.021788954107384,4.729419023937379,-0.8583875339011758,-3.552905252015434,0
5.827154944692338,-1.5483754548862185,-0.31764046484642733,1.9822694556555476,0.2209934547125807,-2.9639607785201516,-3.6235488469088524,-1.7249463528504068,0.42367750162797546,-5.5388454128097715,0
-2.6452235219838265,2.30528860567826,-0.7491585255903087,-2.802260452024769,-3.1210297253282047,-0.29111053953330757,-2.994036192819489,0.6814129157009208,0.27662129151658,-0.8077014653413822,0
-3.031973383318927,1.9443692161231265,-0.6885163614520564,-0.945863185039305,2.3555342691230043,1.085705527149595,4.091898776260821,-0.5950666890061048,-0.3571356287765226,2.7740558571083165,1
3.690146661636806,-0.9802498120795179,-0.7569114118328603,-1.8074829648811326,-0.10544943434597776,-1.260070475114607,-5.758844763935844,-1.0184805807327089,-0.4805279061477897,-3.6671231626410274,0
-2.1853501962377346,1.6279743265371993,-0.4843659336345405,-1.96938101229866,1.0949528547208747,1.5008030189604606,0.70182199413241,-2.612539191743683,-1.5178953629671916,1.519512800724863,1
4.984481934153489,-4.628980258883548,0.3977449654468618,-4.932191002731512,-1.988957669795505,1.792420353734063,-12.369929390715276,2.266632477136337,-1.0332155980225177,-2.425145184960085,0
1.7903433352863949,-1.8709103512793108,-0.9233190536236641,-0.98234211324507,0.6223372123024125,-1.1131976742440113,-1.2731361189995334,3.239518120225317,-1.034002844258467,0.31787155319482485,1
2.115364909409041,-4.2316173997977735,-0.9928364171711314,-0.6867181965425272,0.04311419040116382,1.1523892647083698,-2.0416378265221997,2.62556342890983,-1.0730501478738235,2.4544234616997986,1
-1.199762448457599,-1.8062620017681021,0.8663177015078825,-2.0919005227291914,-2.9909569896875148,3.018024886634712,-4.029442324693659,1.2756745207655482,0.3939836431741297,2.0432383399811305,1
2.3934426937577356,-3.1066578793559634,-1.576397712709427,-2.5418174726209912,-0.9653065046551306,2.2279914577975903,-6.380833936765052,-0.11770569326353697,0.6717108651021763,-0.07296903879577288,0
4.524687697259868,-2.082092320253155,0.43766355677731045,-1.6838535089266338,-0.35054934772368185,-2.8967754360802314,-5.223953343796657,-3.2727747351165917,0.33304679615941246,-2.467993560653567,0
-3.3533286175607997,-0.4905104806170342,0.4639951312070514,-2.164259594065125,-4.638085434496747,4.095381749922857,-4.0407317906132905,1.3327321801432293,-1.3609957246514444,2.1888413192040166,1
-1.9357030429089281,1.4128995215480997,1.5712547358520095,-0.9984995234389952,1.30744817940558,2.5999941137618423,0.6469656295801464,0.3762275830617534,-0.46740037945085394,0.6304510666516524,1
1.6325565226305554,-2.7783195611835496,-1.1010774576228928,1.747559843409488,-3.1032156741257664,-0.8646123158472224,-1.5651101275060306,-0.4936914021661307,-0.8393835039192011,0.41109522024976597,0
0.2751294069455612,-0.5806339577239505,-0.806277037978164,0.26663339819963805,3.4530888196683103,1.018619997827236,3.158693285644148,-3.473026736430821,1.7020117011466291,2.419142955844838,1
0.7042279839995439,-1.9283086935579439,-1.54442742282055,-0.7285738441833226,-0.8382144873533556,0.13341153720594745,-1.577951448064722,2.1826563200841393,0.17016506777057974,1.0978580256757735,1
3.168008006251522,-2.615255486076216,0.2316481937225638,-1.8145738021637763,-1.309243732887896,-1.6508969923661654,-4.899818936840343,-1.0683934459658788,0.07355207733421328,-0.7628922330022233,0
-0.8779230088757412,0.032160641447162686,0.297540540517137,-3.614726082235796,-4.870574969134022,0.9761184365297497,-7.491690414517067,0.22167985328737005,-1.507955381145747,-1.2995712834688506,0
-4.3484894419368905,0.4577509168564644,0.23809264467799757,-0.8487944962176037,-3.995604935202678,3.792802385844739,-1.1188730683402157,1.5291184515956482,1.2191159888502974,2.615442674817466,1
0.3382900723802188,-0.25751530575524795,-0.40877198484214833,-1.4784559453686048,0.07076068958480075,2.122991862341401,-2.7582036776513035,-4.134241165098446,1.806234538346511,-0.08962938848439861,1
-3.125462671093275,2.0780737015038495,-0.019503065892465806,-0.9787047765946307,2.7306433875003373,1.0107241373537932,4.702681509935948,-3.1329129260144866,0.18356061991391084,3.3460801021991395,1
3.7857778871881416,-1.8981638407943373,1.1592031914699048,-0.5872714402220225,2.5479102300669805,0.2779832478805142,-2.8251423100680504,2.3689364358583846,-0.3119019735192496,-2.2029913154869165,0
2.8567221102871927,-0.1649113742194881,1.8463965054124993,0.6070082157719532,2.7896718924422323,1.0388996763159126,-1.7251851184429348,3.0299316865410644,0.8059483887390206,-3.752691952507563,0
-0.5966518705748559,1.5691086948150303,-0.6412338078570549,0.5017507538622787,4.287560193705161,2.264446428073346,2.9812477502777797,2.0888829051567708,0.7878039927838366,-0.46875304227097025,0
5.057063029775533,-4.398608271744971,0.8200528737110482,-2.753754870642541,2.067038174697271,-1.5108439528678446,-4.30604172396574,0.09033944582177189,0.9143461349525717,0.5626023976492012,1
4.837475436872789,-2.6071012886053104,0.8742487625571962,0.74902254996959,-1.076434045866844,-3.362212517684589,-3.489472206909306,-4.065815642057965,0.03328575021686556,-2.38380642627846,0
-3.7517432675121563,2.957725028483762,-0.5069845089258538,-2.0730731013977297,0.2576916860561973,2.6914131675693005,0.25741086902413457,1.2126542761796668,2.4235061234668245,0.47730541386437664,1
2.67384188937103,-2.0402371185194292,0.01976919103722762,-1.0366550031457347,0.04741169811791779,2.7455986357653233,-5.571944755589491,2.214205631673293,0.5411596362978963,-2.316726230351794,0
4.418776130508788,-3.8609375345484422,-0.468844654342496,-1.75567908628365,-1.1721917066489165,1.7330804444637724,-8.343036094238476,3.803511868357583,-1.66579730275389,-2.7345121539072377,0
1.6609610573021207,-1.936997582505013,0.5452553456815439,-1.6671497180792738,-0.9259880799115588,-1.8815667214509615,-2.3482901336803312,-2.016416830646463,0.3225906978826006,0.9996015865830157,0
2.012161229601318,-0.5573072731900104,-0.2225909840039387,1.8049837631803904,2.09353917488503,0.5426714591336859,0.8561162899263061,-2.1944577764485063,0.4519549545219488,-1.212475697593698,0
0.29318907734029936,1.1853351786057695,-0.7665912734450884,-0.8632971192442073,-2.151347179813304,0.526319922273808,-4.467378454647723,0.5138118768300073,-0.2544427915317947,-3.627072989931775,0
4.86916722902518,-2.9983671208748457,3.280299589689118,0.6959987728979131,-0.6857483441798156,-2.5588906246542256,-3.5521349233182438,-3.036729835727889,0.6140713589847901,-2.0730507642935967,0
-2.7769588828339926,1.9522852893156177,-0.5180261795188524,-1.4624239138187056,1.7232308148226751,0.7075653368171595,2.963298065535816,-2.219774694990499,-1.3321611832378866,2.4624485591061025,1
2.7976341158374827,-2.2655655821789753,0.5591381878793416,-4.24667096702408,0.5193786326451977,2.157359113775309,-7.752750217462961,2.8598402509346363,0.945497250221145,-1.610062596088084,0
4.862073030203025,-2.595436803614576,-0.03929654266971919,-1.4867363851338242,0.5430334282851086,0.14523057644541182,-6.610351180611228,0.7972058908692601,-1.3416521204833574,-3.497299343542318,0
-0.8158960893149014,-0.20425297843258483,-2.3017344927901626,-2.6968338637661136,-3.5178560175121505,0.34599418908964075,-4.779601382561159,-0.7953336522677905,-1.003969506996826,-0.008282788918865025,0
1.609797957944069,-2.3507893765299173,-0.8793521056946221,-3.4408895784257822,-2.4359472012855132,0.5562428148440834,-6.74029245759977,-1.949757339235743,1.3239236741615308,0.19004996356199344,0
-2.810851008387375,-1.5533663705694958,0.5027218606030097,-0.02616776820313582,-3.68989208906762,3.5624898804977936,-0.7882492850955208,-1.009566331761735,-1.5447410652212306,3.896208129387898,1
2.733726494397168,-3.1193126357007737,0.41596437633711586,-3.2751788539628377,0.24788995534839842,2.07737193860139,-6.440349474626354,2.695955113496532,0.07389555010360419,-0.32693447603081194,0
1.3417099071581513,-2.296581934315541,0.5533517108422115,-2.349036478030484,0.09835509937668152,2.7968024246777707,-4.4783465668308535,0.10273473200621952,0.7910230386937182,0.6338997172122776,0
2.104692617064688,-1.0025805812457227,1.6666108135641995,-0.5168637091133196,2.4336303194705478,1.2218684444920118,-1.5579708924379163,2.5724506246364003,-1.4068224117784063,-1.354728180698893,0
1.7473185643383196,-0.6000870374407345,-0.6206273392687238,0.0622636104944303,-0.3894265972060842,-1.4700014080482247,-1.5984175313359512,0.1005155275426608,-0.7203556403483432,-1.54265636969784,0
-3.3251287759911605,1.2065555335640874,-1.0497221859059624,-0.8160600026989162,-1.715503889392997,2.0404816835894577,0.293221675612418,1.9886531913630914,0.6509556711106305,1.5369031064415961,1
-1.3412382240556713,1.4960911313577172,-0.7916663054303638,-3.1195252433464975,1.0848527343831889,2.9874097256801084,-2.6816838240176457,-0.08713162192394353,0.4091498449150525,-0.483858686118118,1
3.760592685300884,-2.1317604236751873,-1.8734007479160366,-1.4226901187441992,1.3863790847209818,1.687341258756299,-5.468412528308583,2.1585485929329353,0.14510228636122208,-2.8066304895499647,0
4.267008559593236,-3.708032283315615,0.22368082386268154,-3.4436845691366074,0.21791880956815257,-2.3599176957605215,-5.373438803536324,-1.193393315960498,-1.687023037718727,0.34956698907670525,0
1.99731758542644,-2.066970112336592,2.6128174737213055,-2.1941320251048815,-0.42079978867218215,2.680318609683813,-5.923634235734361,0.5992209836439667,-0.46421839632072315,-1.0806478369032746,0
0.018987144764274495,0.1157889598245685,0.3921578055825459,-1.7741745033933705,0.19375488353553294,2.813128390543225,-3.202210314470443,-2.840226413860078,-0.16958915366915414,-0.5348001169934569,1
-1.1386488731953914,-1.225754107861293,0.4849209461622381,-2.485226791040878,-2.6991371698542723,2.6471213890961067,-4.391282280702425,2.5218367730158855,0.2004826426914454,1.1476842433631296,1
-0.3653524896751879,0.4683139067437898,0.3609888250414084,-0.754610938142196,-3.5805308387809673,-1.3723272035313945,-2.9457641524509026,-1.901635129273063,0.7700118157596085,-1.1400474299789882,0
-0.4063618216411866,-1.8786647365534923,0.016678043465267564,0.37625185621594115,0.0474461741232981,1.382569684396306,0.9645930811023763,4.461552108365804,-1.5396201262123372,2.357310480093099,1
-1.2035842147310332,-0.5800214803936826,0.6956768683571586,-2.8943291011667203,-2.593264870100509,2.225933683822217,-4.610265416371378,1.3039580506885675,1.2092547338496613,0.6731355497967106,1
0.6731713870431009,0.978184087118092,1.275119748297601,1.5664826106926202,3.9051244538128493,1.9924636133615863,2.335989762342531,0.5328079424121392,-1.6090710084374933,-1.484428513815016,0
-2.498156047747262,-1.215112649639425,1.9044303141141352,-0.6525095372021639,-2.9656517913657527,3.0007782361817705,-1.1134511454732616,1.4204632000445976,0.915113445022232,3.0904380590384504,1
1.0454941084933136,-0.629640869524549,0.39561104911212497,-2.267242739967018,3.138500057075743,1.709094902876274,-0.9960963390788415,-4.288148456909655,1.5609530256227653,1.1597918627676922,1
-2.16561856808834,1.6690800173751863,1.7472508086305154,-1.516504642953505,2.999347519715232,1.9289088536720114,2.5515326686347364,-0.9437056301517539,-2.430566123844962,1.9492591102433674,1
-5.38232976131724,3.680058359801797,-1.6587980969520195,-1.6720434641363053,-0.03847261926011214,1.676498884658441,3.1200062705791387,-0.9074064153222613,0.9077639979692536,2.470729843232911,1
-3.0385909096075228,1.9170511988228567,-0.4356484991321843,-0.5791089223472767,0.44608389858036435,1.0815557651012013,2.5369362320475033,-0.024196206889308236,-2.1458320051708855,1.7340069167349184,1
1.946512437539538,-1.6585112168119225,-3.0668007308394327,-0.7183379478523858,-2.353122940835051,-0.7543288096415416,-4.088299011392732,-4.115831547808097,-0.8457594084935853,-0.7403009705572009,0
-0.1667336521332468,-0.02744124692170713,0.3418932614727872,-1.7733616040389315,-0.11989941838407003,-0.33464957111356086,-1.3980238054434726,2.1105111342807903,0.24136956731328738,0.13785750388661855,1
1.7315406025089817,-1.5191981947408277,0.776963359991937,-2.1181667920748914,1.1367017274293192,2.0415800139554925,-3.854581651512985,0.8045071049804332,2.415849787083634,-0.5238579293286004,0
-6.534485485507573,4.197872930600275,0.7019491717394459,-0.8758870538864956,3.0058447665208936,-0.49428870197391683,9.710832307269579,-1.423646792534185,-0.4306286017901343,5.858741909351096,1
-1.1463795508703336,0.7928911686208191,-0.09132844977269115,-1.9990923897541324,-0.026509347685637508,1.5797517956386788,-1.4842030646082118,-3.065497706521465,-1.4820395719865844,0.6396411792380946,1
4.139766793618567,-2.7983761096348614,-1.7099084443537065,-0.4171253344424606,2.135540370839895,-0.18316185227916004,-2.5801422208995373,-0.10659761804532675,1.7883383534627457,-1.0234102216779086,0
1.4887371525707742,-0.9861071309694854,0.10813344228746591,-4.040287023508679,-0.2824524100706789,0.22791678771250878,-5.826330807908024,1.2713171534015075,0.9325227164793982,-1.0032106898520543,1
1.0863272843767215,-1.689028274342975,0.3425015005635049,-1.9984532768019465,-3.3416238976711616,0.40714501407139636,-6.003772453086714,0.526536299202331,1.2720913815221815,-0.9122175320551879,0
3.7406567629405676,-3.507734756560993,-0.19655168210386603,-1.8376344065077763,1.0193064078206486,-1.3727332951685747,-3.197072851245261,0.33624426569505017,-0.5248496518491927,0.5844313630630769,1
1.9717531795895582,-0.671414622877964,-0.5599178441451599,-2.264725375300203,-0.5184435374559535,-2.004518769538866,-3.821064083362597,0.4164266366381333,-0.11940957871632733,-1.5662162710052567,0
2.0973191145246424,-0.4409044471094308,-0.47393253948848,-3.028176240451656,0.9924020601974172,2.0678791705379247,-6.174921308719178,2.5074314047490756,0.23026773038610357,-3.0832150925622583,0
3.3320387888221346,-0.4416251092944228,-0.615383533004121,-3.234777171306963,-0.12340581246984117,-2.8245869034853595,-5.867267651266745,-0.8895212438075811,0.9547296883383157,-3.3192608554327068,0
-5.833339734447428,3.970127982279106,-0.469120708114063,-1.2929790449430916,0.3987805267349662,-0.6390393138099157,5.858204415263433,-0.053947161728831405,0.4453763669963374,3.6190306087268715,1
-0.48171025182174804,0.4450465928478131,-1.7303126064039325,-1.8062991179182757,3.2941360838461398,1.7777367699665352,1.094277331455761,-3.5232417195618075,0.6573931875438442,1.8174514560034565,1
-4.444618108993015,2.4308105512696234,1.2000559646274422,0.7141809784843338,-0.518318973868666,0.6080202140712939,4.934801396714952,-1.1709870983261976,-1.0188608634928693,2.9456309745700375,1
-1.3923964526502748,-2.979116925458798,1.7867808359075195,-1.7633867787497652,-3.9254305609816202,4.15531852384863,-4.341136624430101,0.6408558229041224,-0.6534585733303062,3.3737316610516945,1
1.9568013444779813,-1.4227685330978246,-0.2775714733072315,-0.9396572564630338,-2.0157206100298013,-1.4481796614494766,-3.8559657403170204,-1.1678482295548493,-0.22794078592272754,-1.1671003299931941,0
0.30589409668584455,-0.6573347394729552,0.4225197440575192,-1.490137057763158,2.0652074747467526,3.2357248016238795,-1.7349776350993666,3.528425399630562,1.4414489034089222,-0.027129366573271474,0
-2.9435389325886687,2.252719384283237,0.0967572679141856,-1.5933383673545676,1.917834853584062,1.7977435220583546,2.2759207915503024,-0.6192668237175935,0.5653541872859558,1.7225327642048707,1
5.2335379265750985,-2.8671996223920395,-1.2549704688713978,-0.255269113786178,0.9969486247266581,-3.597101339968812,-2.688053643690814,-3.3260790759937944,-0.03685390675098414,-1.5177994146806904,0
0.3649143081857865,-0.4463427285287098,-1.5565785704720139,-0.33913046937613855,2.433850065126294,1.794599738243538,0.8554249202908569,-3.2546216837885105,0.7391499604013816,1.2736662718456415,1
2.4941653293002757,-1.116047964799421,-1.3084746309253235,-1.8205279391189246,0.7891185385834074,1.577055536547409,-4.995451000856821,0.6482221604935267,-0.6844622012492365,-2.370825375982774,0
3.2648214286731334,-1.855516882729611,-0.17476883930077391,-2.161021580290727,-0.28140899971503397,3.4590898647453123,-8.626777245908702,5.806706687549012,-0.1894680830527308,-4.473784446718279,0
0.3302856606721158,-0.5214606042601,0.21554358339867508,-4.899534723452636,-1.889033437099127,0.11737948950212651,-6.744156617019553,2.107186361524144,-0.010816970304582276,-0.7485680972999806,0
-1.8298334566744658,-1.0538802095330952,-0.8495838905284986,0.5295745523340312,-1.7452519390939847,1.8089371688128477,0.6505539121540677,4.689333630627452,-0.5294855571652911,2.220258244099163,1
0.08575108156392039,-0.32937029148136165,-0.20624409497419843,-3.858105620987201,-3.6281012917136883,0.43081080650012793,-7.373950585049327,0.7085360824815874,0.7494795235012255,-1.501974054385932,0
0.9722716518771173,-2.267329217535004,-1.0363073177379178,-2.414279513622792,-1.122113691496616,1.2514051935183053,-4.212422325052884,0.38502533398632144,-0.6224271323478585,1.056716386851895,1
2.801979254449968,-1.687473849336655,1.3728885256720307,-1.9955243534577978,0.9577500337780799,3.069462320299177,-5.86514908982449,-2.57301063785404,1.1525532686594717,-1.881490668580175,1
2.7726821411275475,-1.7763284669401784,0.037418867929432345,-3.954974944481817,0.5601450326305009,-0.7733330566978345,-5.699695718144797,1.5571809218809134,0.22041071559070138,-1.0796643790279332,1
5.228726314564437,-3.4589575945109874,0.7022623719135461,-0.3220050225495201,0.09903222097699893,-1.6980688953425525,-4.656276688493274,-1.0677845732256528,-0.4705826564233987,-2.0839103036108257,0
1.5626366150700624,-0.050128142587818836,-0.7229892186338133,0.3221521396719802,-3.140224401469472,-0.8757999652513181,-4.369828287868733,-2.3732935929025905,-1.8431257853817717,-3.3418325592935836,0
-0.598048811755665,0.6777230410100792,-0.10490142291976648,-2.861218822483635,-1.8498259472051373,-0.666366030939262,-3.481840711059621,-0.940182813483752,0.6768225798558585,-0.47908407776126194,0
-2.2729359162157685,1.6144602410194016,0.15818350084720675,-2.0813656754039878,0.6210178637457757,1.3600659778384134,0.35384801838575997,-2.4743821279768,0.38161823909981796,1.4716605721420382,1
-3.243226801350235,-0.3056464624010953,-0.4509938670467188,-1.8906023555033706,-4.1841436452807645,3.540415100423694,-3.227439226207122,0.9000916277396066,0.13294893361066681,2.207936925342138,1
-0.5972454110499087,-2.9302313481291504,1.0390173070045896,-1.2671403573016111,-2.61743540329028,3.2085986995375544,-3.1703435333939436,0.37163410192931634,-0.6146414842422548,3.0511932493536715,1
3.3673881863958255,-2.7996559656973696,-1.8573869058881267,-0.0322917046455895,0.9075903990650839,0.9998365629308289,-3.180023085669887,1.668262550143339,0.23894455464199435,-1.1542120146251889,0
6.372136818762884,-3.089101651416807,0.6896023787092928,-0.6196301992978871,0.4591186257072324,-2.368720839313049,-5.8743014391020845,-4.023905012431264,2.2086147633458983,-3.557424004286363,0
3.57390703290581,-1.3624893692881217,0.5481756440542481,0.0004285956850305084,-0.3150593471589742,-3.2255455685688483,-2.531701635762475,-2.1194659408737344,0.06522498166927751,-2.236498719686346,0
-0.16239392856488435,1.193524430113667,-0.7127943198313443,0.8366382957879877,-1.8073673966071275,-1.341875295230037,-0.6175926702564867,-0.22165000362297294,0.9325735203353419,-2.067427949706908,0
0.4351545365588003,-1.6010378836357975,1.796405855159646,-1.9988308288435364,0.5721199732216906,3.181346125891707,-3.0178231954002497,0.021263268376871647,0.01661540467044677,1.0898950842860509,0
-4.112991607946003,0.4778151905117922,-1.181767219126379,-1.7778975062751239,-4.094155833566395,4.34539819612701,-2.8003527357367757,1.6010735727490686,-0.22269460841187166,2.0116290740281846,1
0.6404326095446145,-0.4152734827180613,-0.2951539751198392,1.2242896972925208,-1.8007932217212608,-2.361843286687132,0.3802535354087574,-2.7182954613121337,0.5589828302245257,-0.09659215099159879,0
-3.6727648609447505,-1.8934460577245937,1.5943711881644536,-0.41772849176276106,-4.204003510623313,5.531556457414308,-1.9004943009486057,5.849073883719821,1.2876528773991947,3.749735513891968,1
-6.107423642498209,4.518083182304299,-0.6985895415388619,-1.7086484732083567,2.3703771088167613,0.4677456387376342,6.655585759519188,1.5893501502378822,-1.8069921167123046,3.5811144014936347,1
1.5099357024743325,-0.5060398549522455,-2.794850438402242,1.2707142642997322,2.3985075173501906,1.9697390797878447,0.14422425371102426,2.4247011860276872,-0.2883302731535121,-1.5562875630362953,0
0.3530920335740295,-2.3236267668094355,-0.8614008465181893,-0.8026208387821734,-0.6718352591236316,0.9857026823180474,-1.3974654452223272,4.087821772600011,0.853884157420803,1.7508380592026351,1
5.09004225511462,-2.5626308770501574,-0.47143887390655664,-0.6098378911530852,-1.083626391209358,-3.068987719357903,-5.429727825717872,-2.6979398694221164,-0.3860977848152785,-3.095867058128748,0
6.027322079401864,-4.044466573379351,1.806391680231676,-3.6797999790698506,-0.7512185390066501,-0.9771867376980452,-9.834076114308784,-1.741939677280802,-0.1319268896084457,-2.8083832016890806,0
-1.3559480411001836,1.0024743750359284,0.32917467307223547,-1.4127255280040085,3.5910733009072477,0.5668352206251616,3.42964371767582,-2.4216351988518614,0.8700845071605117,2.7179044036914908,1
2.9737065767642252,-1.4828394091719228,-0.748313978166258,-0.44897434623477794,-0.4266995347185316,-1.9122577827268463,-3.075936407038192,-0.16497695695281145,-0.19614643075273572,-1.9051488608703588,0
1.3329662850384858,-2.331984177469217,-0.6601587613821377,-0.9829450498407007,-1.983287221460989,-0.958981864440229,-2.5283605615452736,-3.6702988463630506,0.9630293861642395,1.4900498985848216,0
1.444246908313936,-0.37867335251140233,0.0946198977847677,-1.321793199385305,-2.446810984538795,-1.0122547566124358,-4.819287981990449,-0.9188728317753501,1.0606458181492784,-2.3679991633796864,0
-0.6410359909407831,-1.2798011852326856,0.4517907556581576,-1.2868177204013767,-1.5771106177946246,1.5022751497085507,-2.3681033194376577,6.03469435952867,1.5488946082720827,0.7762555475199886,1
-3.7089087295292087,0.4740629108319636,0.5372156376099616,-0.07393382056694708,-2.718473692762333,3.123857051305408,0.16775029383584844,4.007879655372998,-0.8377302342124282,2.014150727808121,1
-4.092657537043883,-0.3326472457690359,-0.7498877459418788,0.10644599715176373,-3.830943871554892,3.6428617826073295,-0.012683395978901424,3.697547147193852,-1.283262173674004,3.163826750567331,1
0.6669053265778115,0.21630837631551092,-0.22830139936169067,-2.268959012249393,7.085695150155311,1.5193238962177678,2.841308823806004,-0.9182473004050229,-0.5237335073779237,1.9905989988119974,1
4.658365374840919,-3.893751811380901,-0.8798358653050685,-3.2711123559596222,-0.6613675760103624,-1.7475611386704908,-6.898608110425857,-2.030249800802019,0.7928981475869075,-0.5271219368321619,0
-1.54410316107238,-0.3222076089215302,0.1863585827132914,-0.5009317879682083,-1.084938621713162,1.3113789598750054,-0.0421609040112898,2.31446695650576,-0.6892460058033757,1.5929379271234496,1
-1.7194447900533547,1.4665420173958752,1.590487761287778,-2.139985631571509,0.37830768807006177,2.466772408005107,-1.5206705010124404,-0.6209644656025539,2.4243999906643796,0.009102976283119846,1
-4.249928738336109,3.528179193700992,0.9214729285067887,-2.7463424147279323,0.6768191182914424,2.8799136779854453,0.34301780525002024,0.8166502659251011,-0.4239139963086594,0.6370745093889908,1
-2.511569213275211,1.5558818348423542,1.9569041754858603,-0.12128881533275226,3.169006579015378,-0.1519775602641542,6.02481010755163,-2.038338435065389,-1.0297235976860795,3.5873012203560877,1
2.1590712967711054,-0.32511071017833526,-0.08103887037070052,-1.8818974340652395,-2.577374143506785,-0.21429291273229523,-7.049941368362934,-1.4626104836649962,0.1912034425391353,-3.8135254036302193,0
3.998798893037177,-1.9569694854140007,1.0440838688443583,0.8171572513491099,-1.5359997390453206,-2.8621917793067375,-3.428931214921489,-3.0522843807937137,1.1613079458683726,-2.6432715786242613,0
4.085135362075037,-3.0509733307221403,0.085230451735566,-3.0871698266589824,0.033919032704193386,1.669163200452933,-8.184219210068367,1.42813249682802,0.8407305745312541,-2.353590539204461,0
2.9003341064732426,-3.2084044182906704,0.7143103295997947,-2.323685692241746,-2.9469890876310383,-0.2729960948068162,-7.032988367696882,-2.4339170693674435,-0.8802622518266464,-0.48867624828451395,0
-1.5935215739571245,0.6473726718003076,0.8614158411012005,0.22444121592147126,-0.7986968985205176,1.4350307538347775,0.569023532380455,-1.8711336858042757,-0.010919962050984229,0.8960097169046428,1
-1.0123318939962824,-1.7407774651826453,-0.5558727755402949,-1.0616534582779218,-1.970469435670716,2.1120138270801756,-1.7392957883721203,0.32573092062115583,-0.08018157143024374,2.574898986786753,1
0.9524121895375866,-0.9485024011799662,-0.36641415772085745,-0.618923188219313,0.3241287553625152,-1.2925630067639697,-0.2614813884479141,0.4999119002915904,0.34430982842332924,0.5452067519283864,1
-2.296074190447083,-0.03593367190984309,2.147627818781481,-1.680404264639328,-3.0829383526509027,2.183428213910501,-2.732325967680912,2.4005673712434747,-0.9859362236708009,1.0718360394085595,1
1.6831174227746544,-2.9617296665049633,-0.5453779545349459,-2.906214327286974,-1.2760735088286097,1.4041945730076792,-5.442675168813057,-1.179773125111173,0.15699799095958783,1.1588529126365974,1
1.8680160808792705,-1.3127870266105046,-0.6760472447790711,-0.6302135741860128,1.207678187108276,2.584987639564942,-3.1705252140484683,1.773043551663958,-0.11435305518482101,-1.4708244829823003,0
2.5582763005855313,-2.0057081402995562,-0.3581949996430141,-0.3598746750198494,-2.158469994261317,-1.2097943087291367,-3.9952068680139234,-3.6338328259346167,1.2565204353172128,-1.0124156167266911,0
3.1233268468929847,-2.5859362819298415,0.36940006634770517,-0.9820838182678276,-0.9813337042539624,-1.952546219700238,-3.5623341259253847,-1.1154571352045877,-0.17276669061050715,-0.5084995149987485,0
1.6575908819101328,0.7901470525624577,-0.18868504821877893,-0.7515519489096865,3.9207228821283016,2.0694963460611113,-1.4021801712453452,3.98724472522468,0.4327767783660504,-3.185521350019242,0
3.669396008094708,-2.212310862671553,0.5973463810380026,-2.0028341630568685,2.1371923040115743,4.3341445708266075,-6.517591284910537,-2.400799370016191,1.1838042165776832,-2.3151772482872017,1
5.044097376605889,-2.160557955268226,0.23700320198874944,-0.45174847665316586,0.09399392951284402,0.814199980877015,-7.293745675290072,4.0132100202547205,1.0947228842396843,-5.517530015564402,0
-5.025630602183373,3.529791512351935,-0.7952704709063896,-1.733010171546157,1.8711578499028299,1.4869875107473067,4.588999699154988,-0.20740501253452015,-0.05107710411785853,3.0740543382492547,1
-2.421546314248584,1.9626100401059925,-1.2122971336221808,-2.6965173531370707,0.5431921455176064,2.651925711221438,-1.2035439819460576,-1.3697915409420656,0.2863876987407452,0.5292206396766256,1
1.8573325627006847,0.8764334731488659,2.2757700482854415,0.31409259994967,4.727140761375708,-0.34812758006878286,1.91216033057185,-0.6548628699562418,0.2751884167742996,-1.684593315636426,0
-2.751724740040563,-0.22617120664004142,1.101489152071668,-1.4559019181685784,-2.871391555606361,3.31103874570399,-2.1966010863937413,1.3993341541189719,-0.46537222608852075,1.948268916086685,1
-2.8552945492270454,1.7474150514796891,-1.3081741099619286,-0.7207916533746637,-1.9678241920630866,1.164001412766846,-0.06594014173230615,-2.035886859800377,-1.149295605042942,0.7747449527841402,1
-5.362004884846012,3.9414119403191927,-0.7104728301209923,-1.724636964455448,2.9685247190125796,1.062366094878754,6.120175314477486,1.0851427034310026,0.06255246215253596,3.4716741380614726,1
2.41470271661243,-1.8283928218009189,0.38016204116175073,-1.874866309320312,-1.118849508904507,-1.6224895705713063,-4.1672359873480795,-0.8331467761835615,1.0487245414867004,-0.7363358190464759,0
-0.3042987674620231,-0.25735390940011627,0.6400106305149419,0.8975344139740051,-3.825069419812485,-0.2829034157715655,-2.0678182507832155,-1.277747444485291,0.7292409766592112,-0.8269750596603389,0
-6.725597583611693,5.178375113597728,-0.9152394286377644,-2.8537173090262886,1.1145545250687752,1.0657407143146114,4.484730330611045,1.5704863095265775,-0.9919355025031202,2.7576501727524514,1
1.2384124927557307,-0.6982403104276491,-0.10593290668744614,-4.322371178799424,-1.378600570144967,-0.9363908804488864,-6.116441335220583,-0.1199380939222967,1.4657903738483646,-0.9588884621745726,0
2.347449090707761,-3.565830028314168,0.6149086473415392,-1.3352383562277956,0.15529106808472526,0.3062105049999029,-2.7899589752519844,3.5604491929242306,-0.22405316796308686,1.2976316598155935,1
3.6016778665042923,-2.461330385636585,0.25177902183883716,-0.027710037516350372,-1.4133079507048858,-0.7024715524391539,-4.789482168865194,-0.11787288790651029,1.5929311527973564,-2.3503122016195097,0
0.15512419897111998,-0.15822407180545395,-0.4700138660676501,-0.8935538380530369,2.3956903869546045,2.1913308783945897,0.11773042768832268,-2.2709297498596817,1.298006810000217,0.8752554403967868,1
2.9661960031952956,-1.911957020213612,-1.3476858205266178,1.6746604742037463,-1.4380296351779356,-1.9778192509946746,-1.608514701717902,-3.16361613877431,1.6491817165266383,-1.3723729193076863,0
5.14545376450271,-3.2993461551843817,-0.8503939971949341,-0.5735964349469024,-0.9964414491951092,-1.2869055446138995,-6.154493780963318,-1.9729610784639489,-1.0348609854144502,-2.7444653356497337,0
2.160545912779106,-3.2068847516064465,0.1660068848211962,0.01624216472258877,-0.5346342367024928,2.76977166873701,-3.6797062360127883,1.802987525107584,-0.006961345836061187,0.006334693819221471,0
-5.940439506318524,3.9571249180758823,-0.12430481128872417,-1.545289207114789,0.04829237021377253,0.8200974512120567,4.560138936250268,-1.1447637566631446,1.4531154862872384,3.3052182849743987,1
1.8341018250565242,-2.932500484907451,-0.8643304624692068,-2.357723207445993,-1.4159969995459207,0.36327363331189044,-4.745553083508072,0.5026917286666002,0.6183472573306694,0.8632483482186049,1
3.876716487197292,-2.6563629064715277,0.8912278712918772,2.4667556563783424,-1.9746298317666913,-0.44903168911394054,-3.393401070759968,-1.892853459012724,0.8146387134625491,-2.7352446927681093,0
1.8349194980978354,-0.2680682328405468,-2.6273364397165904,-2.5106111728119593,-0.8118378372134845,-2.443212952588093,-4.003902605618824,-0.9726325040290188,-0.23691956417606294,-1.7305649874215754,0
3.220769639875227,-2.424040823611401,0.06436382686707809,-1.473706191881559,1.2196664908962942,0.5201191317881966,-3.744877303450837,-0.6308025254367147,0.9261708048199818,-0.7107866012702864,0
1.5272420515271066,-0.8637613364499188,-1.824483322907456,-1.3600815937154591,3.263540157702169,2.330145145143346,-1.1185575050890564,-2.787328105448845,-0.966520600012575,0.30088912212458263,1
4.240426628849578,-0.8362436755709591,0.05414116123232685,-2.429840451446464,-1.1329312210244853,-1.8718467297156476,-7.6988937521307195,-3.35675942649506,-0.774682187050541,-4.657316455353891,0
3.4228030343459563,-0.926055763785144,1.1959472006561938,-0.843676180373333,-0.7128016599766824,-2.853073699232197,-3.954709743920261,-2.656001329667962,-0.280418167983188,-2.8700942722881537,0
-1.264782338935545,0.687523172832698,0.4917657813116944,-0.7745027666048705,-0.1856360573228173,0.1356322113073205,0.32665758085738383,2.273075267580139,-0.5567939785173809,0.4798981139948848,1
3.1923917365852907,-1.5670720305975907,0.09217416823921736,-2.341297146047726,3.575023542367319,-0.28422208758210044,-2.275421137444468,0.862576423467184,-0.005540238872132881,-0.6924325690040546,0
-4.844930194868782,3.4663488472641815,-0.4953271450433396,-1.6631760022258915,0.7761300200232758,1.032657594424317,3.585770604996512,0.6483840039612088,-0.27217964453772403,2.3424849115600477,1
0.7486972163301344,-0.8570053293530774,0.480823477896787,-1.676510876070818,-0.051521199970286036,-0.7379085294241388,-1.8254136387830489,2.1065150064158225,1.7855237354807911,0.1457806234040755,1
0.7864148339036666,-0.4381028335301924,-1.0893887574613736,-0.4152697672555674,1.7161600213136778,2.3617868887733713,-1.250009609322018,1.6808531738549155,-0.8963736514067573,-0.7715549781046677,0
4.276130170433935,-2.4518176584229807,-1.7456055355141646,-4.226191309945657,0.4132538062919049,-1.5340997836718104,-7.299795784948716,-0.20414997116848843,-0.030471507424159133,-1.921852230615194,1
1.3146993475443611,0.058683309690599206,-0.21284316312475185,-0.4666965754473198,1.5410246473560063,2.231249931610754,-2.5226831914064465,2.3390994548760795,-0.36713699662614385,-2.5309864990246136,0
-2.8879606403539064,1.8795857086766694,-0.5667084820857454,-0.6139635571294105,1.0563141097129083,0.41064173733706877,3.4600959786525824,-1.762513184907748,-0.5557135445474877,2.386890255879193,1
-3.743780786908276,2.4367806950216067,-1.6818295669796135,-1.240970397928566,-1.0328072019635903,0.2335846020530381,1.8160307612041893,-0.9478102290860538,-1.2848482634126392,1.7811802333276183,1
-4.371373625246875,2.8176372430254655,-1.517440364607229,-0.03920660128092246,0.5727451057339842,2.2932810297213186,3.782077563335944,0.06414997354021001,0.9957624470561294,2.03766891959432,1
-2.843113691092799,2.1999274820741954,-1.3116659018678896,-2.128030089395914,4.20811807506809,-0.37240389890906456,5.494339335450618,-2.7631622188369587,-1.067255024069557,3.9694924246081724,1
-0.31881199681850836,-0.06667284158659292,-2.8857502436841536,-1.167258151488275,2.6575061272536558,2.967961417501948,0.08744913521191926,0.43524099792068904,-0.3439030610443093,0.9249449516832238,0
6.400806653416513,-5.337763757101401,1.2772870693620704,-1.6173930288050868,-0.025149876115493575,-2.778030833254852,-5.699386120059933,-3.1984469398766846,-0.5024738881964234,-0.2764561714405691,0
3.1567243855130873,-2.21753915040978,0.20922213379179402,-4.302839805633106,-1.0760047999538602,-0.38084898306523396,-8.082433230831182,-0.09190222635001799,-1.6142785808623101,-1.6922035205613755,0
-1.5504008800047748,-1.063854266668739,-0.5060502219433933,-1.6719288836364234,-2.2173304410088934,2.8741547989891414,-2.874068597634944,3.5746769770806868,1.2819440226905556,1.494065139162015,1
-0.03111197777121464,-0.03736874377139232,-1.2389221517644493,-1.059908961040853,1.4206595893527598,1.9409590978710483,-0.5790221090259645,-3.052611033605457,-0.661283338564009,0.7095114141263389,1
3.4265296973332746,-1.6915734550786083,-0.12735409025933067,-1.9188912725211487,1.6956395504847657,0.3236650049137395,-4.346090816636266,-0.16971000548853787,1.018455956545013,-1.9098831722564893,0
-3.4153831306317297,2.7395219334233296,0.30265443064427217,-2.5044706840143354,2.2529383290941656,1.630730290645913,2.253245093424395,-0.19425417612419427,0.4492209787288519,1.9361075451905714,1
0.9890719488265327,-0.8368462829835668,0.828652592724934,-0.2074930705633138,0.9575090054404924,2.5454181598733445,-1.6950455223301335,-2.742569294224598,1.0538579686517502,-0.22510565614964873,1
1.4234104379751547,-0.44984395108594066,0.7542352785642843,-1.7159916302686606,2.157257601443339,2.5077688905663953,-3.1664229319706156,3.5200506629839,0.7148600341672774,-1.8053164238805628,0
2.030107179913327,-1.1942047146757258,0.41196504454313526,-1.8601062650691738,2.1723580217737997,1.7450390023052784,-3.0515617650022575,0.8661767616112763,0.19645108104365847,-0.8948631323489799,0
4.006542257242673,-3.1463263375131727,0.2692772737968871,-4.605948731610292,-0.6955446559566073,-0.5843125342442919,-8.34483013836317,-3.1096838117406858,-0.318070305711861,-0.8232387861388045,0
-2.099842510827627,0.40630969096476366,-0.4651703865230122,-1.1861721045186107,-1.3130689559642992,1.9418597485684082,-0.9266473062667365,2.187695602893555,1.460009899660185,1.0670542689875642,1
1.8540379924370838,-2.825455856462815,0.19392775587428454,-0.2976547789017481,1.1688739945791977,0.19331568577461655,-0.36039898901162326,1.6068058494937678,0.38583571438791964,1.7386564232823702,1
-2.36178513820169,-0.6114874172851119,-1.352660995101244,-0.5850379864465528,-2.297222883006452,2.3876465287467132,-0.4582031325565146,-0.24821965575225868,1.9735368959351094,2.759960732433867,1
-0.9150130153177571,-1.6243858756875493,-1.5509725654172264,-0.2033226185205672,-0.8933968094858973,1.979908470459186,0.08126902765276098,-1.2160626463586288,-1.493946101731796,3.0320009850183487,1
1.162987927049119,-1.3127788922314012,1.0838552208314367,-1.1125859143863235,-3.080150225573358,-0.40739408374598995,-4.531128298217341,-2.757196726578549,-0.8892998491446578,-0.7226279513674002,0
5.510647805463263,-3.9823387736556572,-1.0716305127955148,0.24114447972957387,-1.4237162045526048,-1.8918162396493128,-5.462030925646746,-3.3347496785755073,-0.828857008980842,-2.0990268811846042,0
-5.714100225168637,3.743151702896812,0.2932068710788303,-1.513021478863001,-0.060944299869893026,-0.14098147703883268,4.960869343498994,-1.9354087892746592,1.4345333767610176,3.688938620681479,1
3.34599157856312,-0.6381235989434775,0.6136795028204439,-1.169846668178439,3.247990104757408,-0.32500140013891277,-2.368024550575468,1.8837908392693479,0.11076762892799707,-2.7758234935640314,0
-2.235264317564792,0.33649917821496467,1.1492101411939692,-1.4602300534012942,-1.8467977909868472,2.004105062286963,-1.5209932563049855,2.5006809563032695,0.7215749457557646,1.0623903692615722,1
0.8097189384970969,-0.032123700190098914,0.19385942153815938,-2.9429869821557593,-0.3527248322648049,4.428072877292503,-7.073156511402367,-1.1413877532424839,1.5235969171024628,-2.613865557968527,1
-0.0644106226986165,-1.0704581307152101,-0.7456155577648724,-1.4151926493503963,-5.1898247632651575,1.5266497519379159,-6.540944029567537,-1.8736871587005055,0.8896776400867716,-1.0388170625088873,0
-0.052433095560832386,-1.0777352165229015,-0.7731023597545169,-2.573481401902445,-1.1892603142091698,1.14572107203962,-3.7024702962347464,2.4682442162739004,1.770225259991233,0.5111104442513207,1
2.2965479618763243,-2.817896355150694,-0.3270846279270095,-1.1377615692295235,1.2312229589178854,-0.17324217975886191,-1.2371410186312832,-2.3259482374712674,-0.30165579560793765,1.8756095365923606,1
3.684438675925796,-3.67999908319303,-0.4090678336953848,-4.051932113997622,-0.8038215905989357,1.280868897219554,-8.64527358748695,1.3017356196932723,-1.3711939961665902,-0.9469024016810474,0
2.7022960975653523,-3.288930157457303,-2.4935734259176807,-3.953815467508394,-1.553272898783264,0.2051344025680546,-7.179846536915524,-1.5677429933305496,-0.25012488776463804,0.46110691448199237,0
-0.6572158679078856,0.12765108562945882,0.6337653673765664,-2.7477361150023274,2.851944778237912,3.595688999614103,-1.341783295122719,2.6046813067785295,0.5749789386832206,0.7885499871694459,0
4.247135715815926,-3.3882279652572374,0.9292178232672162,-2.1587310424303974,-0.518812476181663,1.4245885814905819,-7.803659542447074,2.2743240438402976,-0.12511660997129617,-2.4796154240129704,0
-2.073487900376829,1.6620047233667314,-0.4055781849571157,-1.540106452120787,2.70515881057607,2.206295491442723,1.8936874820623948,-0.4729767738774018,0.8329184031213258,1.4900615284318448,1
-1.7586634841781177,1.3626062258625518,1.5043848375568862,-1.5667547243527846,2.6165020731525654,2.3976900877561276,1.4206129416015814,-1.209836737682335,-1.9000379245457981,1.4630342587113074,1
3.1980016322627343,-2.88988471373937,0.6672623472649369,-0.5643013577583501,-0.16729703688111752,1.8177888637441613,-4.988219237775494,2.1281145974050064,0.36220855263974167,-1.6255429949356592,0
4.7765658141179514,-2.362239846755041,0.09439390749607787,-0.12916292658087736,0.4190406577787207,0.3979561475204201,-5.6938626966165735,1.1634064485039286,1.124582628448704,-4.024074154392911,0
1.0227905596706912,-1.0219453543486772,0.12663059942435256,-1.6876624390923745,3.1281455742934803,1.0710908768475398,0.054546934066281284,-1.7074952992636536,0.9454714819925647,1.5724431729060866,0
0.4236419778392314,-0.7966096537010783,0.11707437506133987,-1.5439166936739672,-0.3489743820248543,-0.379010870231705,-1.821433158649137,2.6468500757451245,-1.094801205411699,0.19291224831253384,1
3.4487356594916876,-3.7495491226461355,0.10138977812989972,-2.4122116134419995,-1.1860141225795697,2.2451330347913885,-7.799052527884456,1.9514838966926527,0.32940078983846927,-1.2125112024573816,0
-4.4368270217079955,3.200039553692288,0.8942490069679787,-1.9923348739614957,1.9541870708748907,0.225847360148973,4.661635577610568,-1.3182438443952713,0.27480546415529944,3.33721397898344,1
5.12796341396061,-3.194994651528592,0.08801138215993357,-1.5083045701165778,-0.9781130474315805,-1.5902209952722055,-6.681431298675024,-4.312285485988154,-1.9662740949042303,-2.3234712648124507,0
-0.4619343637046058,0.5588435083093777,-1.6820979415155026,-0.6977811932770591,-2.8766753635851487,-0.4608689912931414,-2.869078296707221,0.5321015894452956,0.04152041363181408,-1.4871533560792467,0
1.144245202691871,-2.102412047946669,0.7367559576172307,-3.638283072751465,-2.225033614834334,0.9599994609609441,-6.6356348552232145,1.0664685149347635,1.4912768636064866,0.03345493946668965,1
1.0261639773026903,-0.8611659079760985,-0.6031140544108547,-0.27102389188501697,3.0890599789204365,1.2374465026015358,1.2014791800079032,-3.233101786731939,0.26242551100230477,1.3933856355149077,1
3.031433726632711,-1.3234542835874836,-1.401419119615013,-1.989906642499764,0.6302269711532902,-2.502806204608272,-3.175136989832943,-1.2272405820522068,-0.24002784663530613,-1.2227448495266953,0
-0.1869944960943935,0.7483401934446201,0.8822867059430941,-2.689900362589957,-2.7449776589978563,-1.519064687744112,-4.453602021633531,1.3645189196447585,1.030271172467283,-1.7826571727297775,0
2.383890258238134,-1.2357088470370186,1.9336282260426463,-0.19634673278740178,-1.9468837742744025,-2.2328637322772558,-3.21242452983639,-3.1643172469338126,-1.2441401840672461,-1.5485636202365975,0
5.922010531164388,-2.7507745779488206,1.1298824075532663,-2.1958914124921067,1.3693397101537266,-3.917992623031523,-5.003858435407043,-3.1016045185127465,-0.5865195926238929,-2.40007096151141,1
1.5214523290316395,-3.896004928243133,-0.1681137742177196,-1.6305908647531657,-1.6191369358608827,0.9893924538426461,-3.506606286844968,-1.3332229321571862,1.271919995586886,2.7834393356056095,1
-0.8166592088831205,0.1016371198847359,0.7163655644651753,-0.5907039160896594,-0.2399914532016929,-0.08563572730399827,0.3324160210259625,1.5164479238800648,-0.5220405763453202,0.840263661785598,1
2.987797229026788,-1.432494860722646,2.207929217794186,-1.236487044046533,1.3153815482915425,2.228114185608839,-5.058223479399214,2.9670640833071973,-0.610145939629838,-3.0370366269818803,0
6.76772100674767,-4.192947946950471,0.010192915306325904,-2.9125596276079317,0.2739403892267438,-1.2481299460896795,-9.156491994647777,1.4100777064517431,-0.5587573964470904,-3.6922015675650477,0
2.8352271857770313,-1.389295478794932,0.15198815899110216,-2.6233796331103076,-1.4144690833983904,-1.1540925922582583,-6.274433719358419,-2.043136573671295,1.272116189741471,-2.161709814947984,0
0.635325905905125,-1.2182605859411173,-0.8513869748441673,-1.2355377769200349,-0.10010805656699007,-0.25935359332272645,-1.4178863301048261,2.5351152261252357,-0.7107914943041751,0.5957820615604709,1
1.245522206970335,-2.04939773246782,1.1144042164012784,-3.474727615884376,-1.6616497243177046,0.38537509203494547,-5.593738786706429,-1.113659141988946,1.144532878860818,0.6245416817101033,1
2.90031426218149,-1.7928393204315167,0.35309157733034563,-1.5019183819966908,0.43801058706796603,1.1083010755392653,-4.892957420724839,0.13598481916358796,-0.9971531796200995,-1.9148338230009214,0
2.8215274951353515,-1.213753097636894,-0.09650855081441553,-0.11480897621763186,-0.95618388493247,-1.8428159267859754,-3.223805530975519,-0.9906152824010832,-0.5261279240862319,-2.2658761950761437,0
0.6817241319155883,-4.139189101318766,0.4016247116933454,-0.18385849627673623,-1.514001301443703,2.085292022064726,-1.6102746851596688,2.003450881448254,0.8622684306025833,3.529129336259955,1
-2.4977090882664714,-0.7541421145342093,1.1303108103369877,-2.39612947204201,-4.54630587128811,2.735385613900642,-4.324687467387604,0.4795600045430246,-0.7400412827249734,1.9210474034035205,1
1.76989013196266,-1.12998577284675,-0.3843931909668498,0.18525837741175954,1.8214820356260915,2.7593960005114457,-2.032828028410402,3.8400228699992023,-1.2363834595359044,-1.7334139594217715,0
0.2857489423418882,0.542614512608667,0.027199374182909214,-3.030751843545481,-2.35788656435938,-0.8207323092148429,-5.319554246960661,-0.1849784094839726,-1.512823992935168,-1.9907257571360055,0
0.6430199946883385,-2.0025904678476305,0.14583581245592506,-2.2149874997274015,-3.871526259433039,0.3617835036973889,-5.713201141096086,-1.4257978639105442,0.7454699923888832,0.35466445642523015,0
4.9777091465899925,-3.466987727319591,1.6609388186997895,-3.3193886562944357,-1.3139445408134345,-0.5749125869391015,-9.09023914766436,-2.158407365862166,1.4291172054801016,-2.425212505490659,0
1.9244889922507775,-0.9651901263960828,-1.6791075358960414,-3.3342364633603756,-1.2802444566784352,-0.7538239155216003,-6.190803678426841,1.4436123106170577,-1.7139554370954935,-1.9650981446532192,0
-3.485934832921622,1.2544414186627653,0.5087612961282669,-2.8413354871423486,-3.840497301321025,2.9353749390707637,-3.876181000203857,-0.543135302349464,1.4882811905395124,0.851695312181176,1
1.974740195879339,-1.9438219423581988,-1.1639894641274782,-3.556484354364835,0.7169558561921848,1.9997895177257856,-5.699579127372833,1.40709293356745,0.6072824196741966,-0.454871303564115,0
-1.404535627262152,0.24085928459286587,0.25207928962636644,-0.4528196523402377,-1.4526340151106678,0.5287824002713952,-0.5463909846300821,4.504835443050485,0.6555856067586506,0.22661397613504097,1
-2.0693733043123395,-0.3560577842199,-0.539836330936383,-1.0685459923560534,-2.1043620683737503,2.1729748094522394,-1.2266333983220588,0.6997757374657967,1.6770126838649397,1.9504423508936657,1
2.5446234516742297,-0.45916703099502576,0.5908917258760729,-1.8129357272272928,1.7097559083633393,1.72619201073358,-4.713302137951475,1.449391365337196,-1.8537327448341785,-3.184260006476828,0
-3.9777221891624377,-0.7673776930659951,-0.8935221249933404,-0.5819837500228543,-4.827942960871928,4.01740303386878,-1.6207773200538547,1.313561903459405,-0.6406557262793336,3.443745434573552,1
2.6499430597157496,-2.9423227262423186,-0.41937218691673694,-2.655415566272633,0.4082892578773092,1.5268979408775014,-5.262224875622303,1.5581969761968446,0.1365409515907167,-0.0476421384386394,0
-1.1361705584494488,-1.174740433261219,-0.32079786148604456,-1.218863458472196,-1.6136161546780339,1.8013566130406304,-1.6454954356412406,2.6510339970914507,-1.9040927924156628,1.8180851107564378,1
3.2058178858513147,-1.1252408972672874,-0.0036568029911966345,-1.3608036360548617,-1.431796789649895,-1.6711089734564524,-5.559600671272077,-1.2629063920488295,-0.8252982988286389,-3.194816009198401,0
2.901247328894655,-0.35519206622133237,-0.11144781587818474,-0.30265481454038223,2.1742619680197373,2.9772184593570508,-4.598207193469513,6.228263058524002,-0.0733097821141441,-4.9888032483489315,0
1.9535221837556367,-1.7407422904534053,-0.06698648884471536,-0.26939904121741587,0.6526568562801577,1.730891453699824,-2.2335969007204213,-5.194151229007207,-0.5296459154018173,0.18122478614667625,1
-1.7842868442001352,0.5304447507694179,-0.28160075549523694,-1.9983822280607089,-1.6466841923861764,1.2709823868123291,-2.020788681091987,0.854188217794464,3.0016686377903152,0.7071927634402541,1
-0.38814857172120176,-1.1561676737454811,1.5015948984991134,-0.302140890613553,-0.4920858489341573,1.0353242423416946,-0.3077933021346798,2.4638028144431785,1.5730917201401613,1.4176499747318376,1
0.04629702825261714,-1.5823038391616142,-0.20350553518375686,-2.825218802280916,-1.8804116020268753,1.6484131903707357,-4.595519743235033,-0.3637240686250822,0.5975821149390751,1.081084735984955,1
2.4086692132924385,-2.0039309609982006,-0.4062162565808649,-3.6429062129541236,0.3974460609971586,1.9748919597491903,-6.734081669752923,2.128756996898846,0.38069653022978056,-1.3172493026730347,0
-0.6096354279498803,0.6979432115857022,0.09560284965405634,-1.3089627372943218,4.155039787322145,2.93601164859123,1.492525678765418,-0.7609271483127027,-0.614795086388384,1.1789751742368906,1
0.603777037031684,-0.7064342363325262,1.6131575009588837,-0.42701154622646853,0.02738623843240018,1.698734479551792,-1.699869315480946,-3.7342824164912054,1.5527226056574168,0.18258110614124146,1
4.200204240730035,-3.00050021582895,-0.7412274174241421,-2.7947584837265884,1.2478241198896274,-0.10125215263996368,-5.678485873115449,0.22353017108765716,1.5968082795036493,-1.1891811967749455,0
2.4039618809918717,-1.3092743406298009,-0.8081745841977696,-3.4597112692214793,-0.12288237172315508,-1.933267483978877,-4.684772614716312,-1.7011297699144083,1.024455347043958,-0.6638541861192617,0
0.5846244169603169,-1.81162052352189,0.9221808849615791,-1.369043192151396,-0.3746154683495051,0.735968196028491,-1.8301110563775682,-0.4087780099994629,-1.7196888081929917,1.5908026809825044,1
1.8305706258664785,-1.0735604754346038,-1.9287965526766615,-2.339825744062499,2.6544197491917556,1.4213486247314988,-2.2193175752966425,-4.690009646071675,0.9630827821766339,0.5260791251341559,1
2.456140195590194,-0.8418192974301498,-0.7219477163447218,-1.6768013378729028,2.769342331406578,1.9451118252575368,-3.4681449874524284,3.7650879525497905,-1.0873414349244748,-2.3661378278051957,0
1.030649086612388,-1.2578513190678025,-0.6558887792363542,-1.914994449777837,-3.1708453479830254,-0.6080710128834573,-5.1034542344389795,-2.1224953498213,-0.961687718025779,-0.6239969595232067,0
-2.464329357769439,1.7984706448305436,-0.9037967800843458,-0.9629869492873644,2.404641175256203,2.439947405920002,2.420338160444482,0.3055532819915652,-0.23884645668998278,1.4990812268271834,1
3.574010641373051,-2.9846660499788906,2.3476493875881523,-3.4395399551706944,0.8758216348312287,-0.7832019638364578,-5.237142805817717,-0.2159049997805409,0.5434236092876236,-0.05456370582996506,1
-1.0827604917432407,0.8137625573905071,-0.8029084101325713,-1.6250217904999797,2.693969840053743,2.0115103858031085,1.072979014199415,-1.855038038366253,0.42686864996065715,1.527263187400765,1
3.21441318824347,-1.806219903391403,0.6277706757271868,-2.0864008335338387,-1.2235524613205104,-1.696051670325633,-5.5483469664058855,-1.9617930601681324,0.4641695003443852,-1.8735396154274515,0
0.5185368353090372,-0.04339204465838464,0.7424101387684635,-2.269548119187299,1.4281941928370567,3.9464662122960785,-3.8794237508290412,-2.0757431302677185,0.35588335867675736,-0.94222118823218,1
-2.196654650366603,1.5360748196488918,-0.4812822223818036,-1.09227873488764,1.295676959383613,1.9369539884373563,1.3896518191650604,-1.0380885388083172,0.12832608405840165,1.317511951229288,1
-0.6734978669044577,-0.049445193192396264,-0.9491805333536313,-1.0799957589881752,-3.5946342959055193,-0.41821522167459624,-3.271364550470922,0.653321767362153,-0.10063463692310684,-0.5824060645352853,0
-1.3738340087281,-0.13799052127755118,0.010386405272113439,-1.1503528914920425,-0.9031114298649612,1.9812258181719091,-1.3214652326659915,3.1453581520450653,0.9572487122278768,0.798742158592362,1
5.614826159177414,-2.379775895156684,0.19774033558329698,-3.366494671946854,-0.008999144083210231,-3.1706900685145265,-7.710564425385233,-2.9740304043364514,-0.6193895114379888,-3.4055646497947993,0
-0.8604387438855543,0.17889316515226583,-0.5178304056668142,0.8277237585936006,0.18692327809246412,2.155816420240459,0.816777976461728,-1.8243587867554742,0.5469280111103744,0.6626555030059711,1
-2.1520976575501085,-1.2002259716019719,-0.11584061693094792,-0.34103574688531824,-2.2669383753513985,3.2031119166437114,-0.9596315661427339,3.932752887267778,0.37449230311424564,2.3770461525816935,1
1.5026796369422835,-1.0708083580325243,-0.8151666709601995,-3.4090878670456095,-0.6602926766838276,-1.0224337987954186,-4.729144554937645,0.7071227854370183,1.0958907812082344,-0.5932876149729522,1
-4.9318432543513975,1.746131875223377,0.4051088494221069,-1.7803341582594772,-4.428760919400657,3.4692214953004745,-2.1407900732554306,1.8614765970060432,1.008260120854771,1.4371554348913256,1
-2.9147307996946767,-0.4689801075042648,1.79958701731699,-0.5263339667524287,-3.019685359061949,2.6256526660056987,-0.7486993986060481,2.9865300616137747,-1.6454678888371053,2.435602523224469,1
0.3822036026258095,-2.325563116885684,-0.22892697234493242,-3.048970221757344,-2.6572733249593896,1.508337331418671,-5.524875965803556,-0.20380504113872844,-1.2441046314288415,1.3436506137102995,1
2.7771021765688784,-1.9256503917021006,0.9381576073898973,-1.0664154762958555,0.6711815817134332,3.100070072017924,-5.091721690644058,-3.1644288309317776,-0.7858184013247796,-1.5932705191026035,1
-5.5470672065843765,2.2458217746378852,-0.8963411087919169,-0.21461446374779136,-3.4242787712866747,3.0938023540657564,1.296994976713205,-0.5356282433801329,0.9080127949270519,2.572445267711494,1
-0.08636421259784136,-2.8615835994972656,0.40461199871604037,-0.18360592870902015,-2.1577791304083616,1.5559475067953688,-1.3402432168014355,-1.153910750495176,-1.7032529972148642,3.1307275727226065,1
4.82993180429795,-1.8832479196361578,1.4795169297141542,-2.80567925710921,0.25494881038563366,-1.63145072280444,-7.216959110577746,-0.9615252642309209,0.9458520366171795,-3.7025475614173597,0
-1.3650564830259635,-0.5769784071064621,-1.7681867608556778,-0.4492762492724156,-1.4855666261619853,1.1855462704158097,-0.2934477715723546,0.4326736334238319,-0.08440110437809184,1.8450683281082587,1
-0.06633533709971913,-1.6714195902383844,-0.36901978233940563,-1.7637768159093379,-1.2106039719185775,1.6601552773603023,-2.8558218010807495,1.3409303632374845,-0.26998101390414114,1.3937848622316884,1
3.6742775358573043,-1.0270017333438428,0.3399544527425375,-1.3111738876039785,-0.9935884245593385,-1.523962123255872,-5.932209432825309,-1.3439536404576078,-0.41620023605493367,-3.9100780953815333,0
-6.78108616258874,4.873768452194973,0.44923101318499303,-2.0709367735500015,1.534335154699761,0.21770065073308253,6.544063440888534,0.07644900583145553,0.3798996569304171,4.026871464211347,1
-1.770868505293171,0.9435761816529418,1.1073550441674833,-0.6150229181231616,0.7712789110768064,0.04181947930820784,2.4476035067686928,-3.4646123381247103,-1.008489744441987,2.327498817428302,1
3.343320311333864,-2.5935353654424667,-0.4454161283697726,-1.7225102553340639,-1.9835826840855981,-1.286872884598997,-5.88008748456955,-2.8293170221159993,-0.018775150674940892,-1.271155089381057,0
0.6920604178803003,-0.8898623214051886,-1.0559477947252869,-3.298343265368306,-1.0568754183866405,-1.5201063474565428,-3.601812667010301,0.7969713051243632,-0.15245905687561556,0.36537695585656316,0
-3.9028377415828848,0.8463805666657023,-0.07257622631079434,-1.9243092908102724,-3.9092945705805544,3.5973663899944563,-2.904028692993486,3.1603270431032695,1.0350527037239867,1.221270219830218,1
-1.6338905130866346,-0.6750747302027171,-1.5913824131580943,0.0726926078851029,-1.3099815436404718,1.4033643535841114,0.6181986095875959,1.3395285055940667,-1.889362204707217,2.2575089161849657,1
0.20403712884704892,-1.394980537471323,1.4489632460231698,-3.907010851163545,-3.2550584365173276,0.08611335199344339,-6.3146083998455484,0.335715364505603,-0.24782180982393479,0.3448877014952365,0
-0.550625010007099,0.0435942877711184,-1.8232966664027699,-1.4650902738025506,-2.4263352067512174,-1.6805235888139007,-1.8430838122431852,0.039043583751480204,-0.6308663046032944,0.2479979862188928,0
2.5103409698480217,-2.1490955821813484,-0.16532771932957394,-2.8774918587011253,-1.5651035336227062,-1.1656709016188636,-5.732810706189313,-1.4299019878974804,-1.3696174651129163,-0.618924988170333,0
0.1266135010009041,-0.46877220228521654,0.347695830177617,-0.615022129053213,0.21969906005643147,0.9309625091171759,-0.5657847708434378,-4.48128279508112,0.9788338948935661,1.0750820728481565,1
0.10073636855560603,-0.478154411936748,0.05326393122971822,-1.3612730729344835,-2.6679100816849077,-1.382060342754967,-2.9228778346681064,1.4795768042776931,1.0055729303756735,-0.4449959704116946,0
1.5422791435293497,-1.0398987192431992,0.7380787516866149,-2.444989812226803,-2.8083768267639293,-0.9079020306410308,-5.989052746529552,-1.2601121234832973,0.4686188253559924,-1.5897373104729435,0
3.306774993335271,-2.0579497518300514,0.9004289895454238,-2.4838798405246276,0.7823841223535961,0.7218684719463941,-5.652379145206224,0.30148462099708784,-1.7461146325894545,-1.7984817045127874,0
1.0742294634609901,0.3165191534201208,0.04403432673074835,-1.3518943052647632,-3.462096916971751,-0.5360176619122986,-5.916226633714661,-2.8504918759350506,0.5302076068713477,-3.2362735195629466,0
-3.60927081253807,2.623044715670963,0.1820831132372498,-2.3865097491633556,-0.9096495562287674,2.5310390527447053,-0.898070920730746,-1.6002826279825964,0.3791601924686435,0.7053656723805344,1
1.7417735292075203,0.2626107208949078,-1.4071601722740106,0.7873116450037103,-1.3326649440998046,-2.9197202649411307,-1.3422336246831401,-1.3660876175879273,-0.24443994810098513,-2.6550184937619448,0
4.373160407633417,-2.4012573331036133,-1.8800076023684493,-2.0931961400722243,1.5046336487647785,-1.0809850203303277,-4.687428773621142,-0.9944163876122167,0.8065438637417565,-1.7657260185103925,0
1.9342202410685474,-1.518458030686073,2.1319836495006173,-0.7293183339466952,2.0104600997115454,1.0562421685459702,-1.276958791004289,-0.6592859943926754,2.0292973556024227,0.09724010554565887,0
1.828755193220784,-1.5672582600128842,-0.49163491358584543,1.865112685583088,-3.659622273860205,-1.4024110384904804,-2.424012915615448,-4.684249537720336,1.7259579717603675,-1.2093777089934235,0
-1.3804624654650004,-0.552799089325454,-0.5751949200154678,-2.2549590729613413,-3.2015137957198663,1.0953265505120275,-3.6685359998303464,1.84214770799157,0.12485417099490242,0.872883461824051,1
-3.8970391914848954,2.74066437425304,0.9140977834111654,-1.723184265534775,4.155764618308236,-0.15347303026565706,6.775424691925121,-0.7696343753654202,1.6244871869349258,4.350577700483008,1
1.1921642119406823,-1.214388271637592,2.0609713851557214,-0.19129608083565008,-0.3976722512031359,1.2743877218752993,-2.109198496011874,-4.904133773515599,-1.2040313712785795,0.14422634478352303,0
1.1504402495608812,-1.0060492213217436,-1.0222985140338425,-3.9240308964396444,1.9415922547711917,2.174134812996894,-4.308210071113846,1.5777272285246844,-0.45365405676930665,-0.041720958158649735,0
5.779179489385344,-3.5571523028198655,-1.2032871296724998,-3.179649864329194,1.2420768477709436,0.26359008212355617,-8.497032629647263,3.48532119713707,-0.6116574084743284,-3.468291857357476,0
-2.4221783187381667,1.820007541359369,-1.5360796770382268,-0.8726730628885269,2.1670895678184237,2.2084572725036793,2.3034271132655526,0.9421317422839084,1.5801836662744895,1.250114543595273,1
1.893083531898372,-0.4666072809329387,1.3384150765140415,-0.5636570740039549,2.64475642310052,1.577650046486591,-1.5943428335180152,1.8108165744823799,-0.473525630282306,-1.7440233067318267,0
4.959367603839834,-2.329249038232401,-0.7193185675845094,-2.3922352384482943,1.4179298302115126,1.212211346273404,-7.908718584531695,5.692527812144092,1.1604725053473395,-4.729576041479022,0
1.6948583082563387,-3.007187341675407,-0.29721487653519596,-1.371575628413097,-0.15596366684547358,0.3904547777103238,-2.554341577752506,3.4712447846540724,0.6066627236268646,1.2932282806351387,1
0.39308258212556557,-1.3318355662755808,-1.010878142281039,-1.7199569207595466,0.4325212502311564,4.134008474963313,-3.9229538940914512,4.516258366665277,-0.3097691784162778,-0.41646326144931,0
-3.7714980764649395,1.5615526594821967,-0.9785533403551981,-0.769852925370429,-2.5111730985572103,1.8475140238603034,0.32171239017362707,-1.075820559519602,-0.09083257799537278,1.8474970939813846,1
4.11737308990724,-2.4875320734077304,-0.8535981542598204,-0.9122786723299982,1.3562243343013847,0.2521162634355245,-4.345010126907395,1.3624631906334332,-0.34095334286853607,-2.2309204606211623,0
-2.352156068525453,-0.9642350111330953,-0.33979044557670474,-1.6606972004769895,-3.92652969271607,2.8495298301978544,-3.255341868953309,1.3357956323882894,-0.7331632359622235,2.107827942521566,1
1.5835784318564645,-1.8384816312597618,-1.0909635100661974,-2.959870339366601,-0.10094077732597118,-0.030635773661670695,-4.283248711888498,4.1221428512632095,0.01184430609854126,-0.17376013536451862,1
-0.21762596760363528,-2.7443278188090234,0.20771926485610354,-3.8329412955344173,-3.4873501523313672,3.4442655497386436,-7.4859684782899425,4.4576987013867395,-2.746502852690445,1.13346067477787,1
4.708368696866767,-2.720604550037958,-1.1133285659133674,-2.339702400612616,-0.381455054698167,-1.2212438861404284,-6.884749341254868,-2.5146286082964435,-1.1134806613919588,-2.4568152401111627,0
-5.292685635080898,4.174003148122958,0.45530190347754224,-3.435854838629986,1.1078022720419194,2.127823333312425,1.7999184385886717,0.5528037686730642,-0.767331292708044,1.864547701596431,1
0.19351281470380918,0.0821464793519644,1.0813706668059602,-1.6386522212771455,-1.8667646980900057,3.270401892449278,-5.77307631117877,-0.9603263373018661,-0.811055924031409,-2.2908452543406557,1
5.482893165078157,-4.061504622612524,-1.8719948851431487,-1.4950734189722463,-0.2191264388394878,1.0934990096193642,-8.136292900865701,2.7611863491968553,-0.2220470137311213,-3.2470636264462316,0
-2.563001161105397,1.7775010672304314,-0.5825135959083622,-1.6671608963131466,2.1441658497020564,0.9563503052486377,2.8528702825204966,-2.7739145893727817,-0.09833566025909342,2.6246082711452283,1
-0.5248423465249401,-1.862190765131384,-0.9898686929153012,-3.4931811358724314,-2.5706247784636584,3.069378343699955,-5.840648426783915,0.2750325244004834,2.4789695433994137,1.5066777137095744,1
2.9185551264628717,-2.510834855223151,-0.9662565999100112,-1.500034871443166,0.7238224546911138,-1.8264752275226561,-2.4373059226721474,2.8414661508685612,0.04510434950974053,-0.0773100007840648,1
3.730669997301502,1.4241445870338234,0.03662503215139047,1.789426677024006,6.023145662874967,-0.85083328624071,1.4760342556839678,3.462590368811271,1.0029101347175888,-5.43351547201342,0
2.8806259323281536,-4.174081499941374,0.2078597012759184,-0.4282238671736851,0.4804187072275783,0.03409004505002877,-1.820722332922814,2.733046240954451,0.6845708924739348,1.7349466286824817,1
2.0645620029392573,-0.1328161607011049,0.3484962524285009,-0.8991140256837301,1.921958969162318,2.2329245988034225,-3.6483027522897546,3.9506154295893086,-0.23682804280229675,-3.463263829816892,0
1.678925371360692,-0.7146658772960055,0.2553948008594378,-1.8250802386973954,-0.950486260115273,-1.8510193374675943,-3.4931379044177593,0.595374172927567,0.7436083348876679,-1.3665228694324882,0
3.1044115411627677,-1.9387532106830887,0.8764954501520517,-1.3494306321460228,2.3261812973061673,0.9276999922565418,-3.0666229905435154,1.3930667297772112,1.8642087960727245,-1.1937068891166205,0
3.00520098427665,-1.5075045372524338,-0.5030130525315085,-1.7816165655391558,1.0889428702139567,0.6981306382815645,-4.510584940126468,-0.7953003947919499,-1.0280318644631352,-1.8778510579761056,0
4.092085069313979,-3.536979127635028,0.34540698843914275,-2.193132280821057,-1.64319782703914,1.1526384770883706,-8.350468489334098,0.8613844657954428,0.07363692201720405,-2.250726870370321,0
-2.8658276241635923,0.04671903247258391,-0.8292781984858514,-0.6703036613657253,-2.813604800100414,2.0117226608500154,-0.5393597628944727,1.027222744075411,-1.1538599014469488,2.2049501217885092,1
-0.5413721003141557,-3.0326548453048634,-0.24633160491688535,-1.6432281114709573,-2.791023614505996,3.7958841550407376,-4.214388575166369,2.2418927350622972,0.24480724812697194,2.546253028633985,1
-2.8074811995681332,-1.1964402059966495,1.8119738944354276,-1.931899350914167,-4.067294462113711,4.313195265833786,-3.733821714375622,0.5832026867884061,-0.9727609296498728,2.7410513427346235,1
-6.643076405554942,4.823020620236159,-1.0716986305156933,-2.0565735444164464,-0.7577646141888041,0.9274755782861358,3.5145480644441998,2.2322766883407175,0.7660146553569529,2.110452570865662,1
2.2334259040392,-0.8907680249796492,1.4578588396606011,-1.884281405808277,2.3257099443913782,1.4509893412831438,-3.2244325266991236,0.9270189232444307,1.604278036822457,-1.515646455721862,0
2.3728134856215237,-1.914958676378102,-0.8889970083822046,-1.9884350524323953,1.5249990188734217,1.5469531074942828,-3.746287875184888,0.9458268974579062,-1.1228059331585614,-0.5843510525865844,0
-0.0458096714999998,0.013391941341921454,0.33973352262994766,-1.7535825343820297,2.2480542652992392,0.228633440892545,0.7737955425896207,-3.9286426216117527,-1.6615340699006595,1.8714760434823803,1
0.7805981901723819,1.4705237059207383,-0.6003993896860579,-1.2046338471061362,3.657206107174691,1.7853083040126048,-0.9635078257347045,3.3227751835601906,2.0571446489558993,-2.7475958640278764,0
-0.42613101183070407,-0.0859541202927796,0.03869150164279715,-0.2608128271940471,-1.246772231768876,1.5068655971674931,-1.567996991495796,-3.1322847957397095,1.1144799258701608,0.16136253452714278,1
-2.083585149938659,1.5807886227015717,-0.27871551704941894,-2.1763188498023065,-0.980292570199341,1.7650153656610952,-1.8891423215338248,-1.7315414035904537,-0.6628566309997144,0.14475688442406498,1
-2.2608140280695466,1.439466919669445,0.059572478429726725,-1.0878728988482271,1.9166399358420683,-0.22981124984521095,3.6558054416063364,-2.102336080677637,-0.22667718252161198,2.8282106913301224,1
6.824343415406962,-3.257403525655895,-1.7489381565543463,-1.2943704895750372,1.889990273326276,-1.4044039405406479,-6.678238707529572,2.0129463347586793,-0.5116438549145826,-4.556041076391171,0
-0.8342843227906007,0.6725137952208394,-0.44162954463066756,-0.9295830604245245,1.5070790933492615,1.9157539676316144,0.2258729454556834,-0.39915684506619153,-1.0944810810789771,0.4974156181160314,1
-6.298417213503355,4.381505393488043,1.13657670414413,-1.3747687380307587,1.4261908765194113,0.8839976777823598,6.188863025072565,0.6266821682124455,-0.011878118315869293,3.599968253811026,1
-7.427521396163614,4.81608139357998,1.1087039970687127,-0.21205079279988093,0.14856721951132212,-1.288152029962217,8.871549975738272,0.08723230567215379,-1.44883443913276,4.846512772896021,1
5.965832294345722,-3.734404001147695,0.428741095057484,-2.3425201157190143,3.448285152027556,-2.8314046862421156,-3.4115752592569364,-0.7157558093114562,-1.5260337530738342,-0.6355534734053081,1
3.210772572587121,-2.9300711871119844,-1.4549544662522913,0.5794992562045294,-2.6047264356072444,-1.8031341365918634,-3.6509556514937795,-2.5685862541687303,0.5801133729923058,-0.8625808716419626,0
-3.1425617168350106,2.0941308613733236,-0.23476092886565955,-1.4070625843993865,2.654951861860124,0.3642799804477135,4.60895056040324,-2.1135114939669344,1.0158759383822198,3.40141453295298,1
0.8358083284940885,-1.1917339472897608,-1.0729397230783215,-2.589473276760937,-2.324413094640571,0.7655631368026463,-5.6294728590556025,-0.7671459530417671,-0.704617489491256,-0.6461720572063487,0
-2.4104812733101397,1.396244799680335,-0.5210688772410091,0.11325171625894503,0.8292186108220461,1.5181185618468214,2.7102699712983394,-0.9373712959792813,0.13487415827963925,1.6904930621761893,1
-6.164684050054952,2.2442700006146348,1.2384940523479142,0.22747274962281705,-4.328622681511412,3.3056575763145175,1.5468119367308844,0.16680192606597077,-0.8865896359104615,2.8760073559195183,1
-2.4459438951621855,2.003718752039158,-0.7847294673610576,-2.1731795138290995,3.7988065706600462,1.8661600909200151,2.985491880063612,-0.8930418976631553,0.5143641995467549,2.3402964048204398,1
-3.807875060255103,0.009959469719777347,0.6542183060287722,0.048811842627581425,-3.2327552213863076,3.1127810642549276,0.35883806128221507,1.8117076689754126,0.77069965184161,2.9812908806498823,1
-1.330305128661413,0.941527139339583,1.0521812626063627,-0.8775321907312492,2.7870798496742966,1.823746458601566,2.263093182122485,-1.840907834809266,-1.5973253405227337,1.785839978571976,1
-0.8094046710638292,-0.06868405710159964,-0.2653735811288406,0.17417955454388934,-4.62816545138731,-0.4195324292980933,-2.993041375017106,1.705732932144178,0.22599588296559936,-1.1166646920874497,0
4.89988979307431,-4.719195370253477,-0.8613653699590184,-2.1251833374358733,2.2828292182464294,-1.1750508837723332,-3.24572081406528,-0.7998040754939413,0.050555751583816436,1.406290201491397,1
3.8289105839748485,-2.4636187273855947,-0.25653396444045323,-2.2107201654268263,-0.9025749398447195,-1.6660404185749333,-5.837990496891853,-2.500845827116285,-0.3236804254807696,-1.5784750504772245,0
-4.5570348348940675,3.293379622236296,0.567524250303832,-2.0065849414098533,1.36652705327386,0.5793458631650991,3.934421960157073,-0.9637605245694586,-0.5275536981396111,2.9001444905354785,1
1.810730010477728,-1.1769546178987584,0.5595469343023752,0.04300932810614788,3.127422309329067,1.502750809253246,-0.05409767151065722,3.436384720578478,0.15032388659522092,-0.5359399159719458,0
-0.8576501697585719,0.7181396253684187,0.7568359119918517,-2.1575372418096648,2.566994122866931,1.957299617945547,0.24036232381801037,-2.191949097983705,-0.24007846117890985,1.3611412455225094,0
3.7407173007218337,-0.195539399810142,-1.7325688023980281,-3.220241662906149,3.2447373809057463,0.24788028384572236,-5.56561018763173,2.999367570340945,0.4405669034911882,-4.345099412904581,0
0.02231954189762937,-0.31562264932891826,-0.8466415896761382,-2.9699037895097042,2.471211147419246,3.301819376631408,-2.5370085413503456,3.701490004908091,1.2748335572840124,0.14397636343044407,0
3.1208643412513726,1.1361215628237256,0.925797043432969,2.2621631550748202,4.606065331588679,-1.192415400741155,2.0564759456963215,-0.11048343322260479,-1.1357428928950708,-4.073579285452551,0
0.18505116754130038,-2.350533802904489,-1.0066132621516803,-0.533030973699154,-0.9874749545183661,1.5562657488045675,-1.4027590076659056,1.5273955505597592,0.5570684662950766,2.092550111552952,1
-0.06739240646357586,-0.5502285494303654,-0.1621833590342033,-3.127137161235075,-2.6639995125846863,-0.11969668239031561,-4.965547401628646,-0.19635138863776525,0.15052904607162124,-0.12631351911668154,0
-5.88100223061853,3.6402220507321976,-1.2948048207823644,-0.06287394374574262,0.7500378876839837,-0.8229186927610561,7.825056490585033,-1.5038193580841694,1.5129853114126866,4.60859400604302,1
-5.644024956292248,3.91877317191099,0.8088027597023184,-1.91864801815192,1.6121108000845743,-0.1577649704591939,6.084367671831095,-2.6649681005262122,0.9320025038449464,4.31179815194638,1
0.7691251019025419,-0.2556847635354189,-0.9902039737037043,-2.436277149910323,1.338723642062149,1.7902434728851766,-2.8646776296873724,-3.305751735461942,0.4076527082236649,-0.08187297958160378,1
-5.218084708616438,3.7646443317905693,0.22367948642419214,-1.6568792578212435,2.4013016053058203,1.2514327858993874,5.388839819487026,1.159460195259126,0.788823601045174,3.1438016276814134,1
-3.239189652618634,-0.7198337025706121,-0.2981732938984983,-0.8807353648160967,-3.2786563273133167,4.201589568433884,-1.7341438933011093,3.105110065288864,-1.9525130597011675,2.653860584870474,1
2.2384379460420902,-0.30512118248735165,-0.09071432284511756,-1.1817302923813124,-0.40771183231173524,-2.4238989668352864,-3.0128450343580755,-0.41170739961363867,0.130043062916625,-2.290485975281929,0
3.2389537316729764,-3.135369817736227,-0.4920167310804446,-0.45560686182150056,-1.3525482486521994,-1.0238951847975022,-3.947672789042195,-0.18481453116240099,0.41014195668516573,-0.541397080994624,0
2.507995244744408,-2.3008830503648885,1.0905681467828723,-2.394955065990991,0.419056510596695,2.3035507288951975,-5.726415719275348,1.8132551862515411,-1.7548290597350802,-1.1479425839938544,0
1.9944545324393343,-0.12542966847900616,-1.341530570826467,-4.004673010071333,2.991598482753593,1.472029299289041,-4.680599499507933,1.448299358049024,-1.4216328800766413,-1.9404744210702884,0
1.0986696797783952,1.0068689215699904,0.44285166930710723,0.10004566075339572,3.4825221343067088,2.023440423186819,-0.3170318224745099,3.877100797214527,-0.6011610571726861,-2.879501635606438,0
4.170095248666655,-1.6583586621446482,0.7945460175837396,-3.3428562760946736,1.3463852995542962,-3.037692980238739,-4.8315779612424175,-1.4744044544887351,0.5556286034632429,-1.8279638965018603,0
2.4289818198876687,-1.456325646145462,1.0683465380037895,-1.9640465639303073,1.3153368398728729,-1.3598348598815613,-2.4758469742083142,2.293739886171543,-0.1411368772097719,-0.6836190481553457,1
2.6044885909942876,-4.305361902231447,2.5853841120501024,0.10609904263626424,0.23695716988368098,-0.34102530890568206,-0.7139044555062878,0.9366101866859594,0.547267016312372,2.642577091920055,1
1.0002921326478653,-0.27215444953497236,0.46543309008077954,-1.1591123341705396,3.7320529838207275,1.605255004694178,0.09492428681464457,2.2484124580071767,0.6654187002964168,-0.11226654067658615,0
4.924801026121564,-2.693075238751784,-0.6832263748373683,-0.6796803260336316,-0.40302119310378703,-2.709567430001096,-4.701903489006118,-3.1508876221177053,0.4350034496746448,-2.3310875034731535,0
5.082036122617093,-2.303261043612934,0.41458406435809686,-1.69398747027417,1.597163596773827,-3.0740558997321665,-4.092501849981919,-0.13413243146629372,-1.08223913695185,-2.455871829026294,0
-1.4401933804237175,1.2642003403600977,-0.866043414322233,-1.230504598568278,3.3431525116878342,3.3333683900783626,1.330539084064884,0.12734506055619965,0.7596882500181774,0.912545567218939,1
0.7477385923098763,-1.3408583174609803,-0.35724863006404317,-1.8848936087606427,-2.7762086261969845,-1.0734323765776184,-3.9691186442386965,-1.1740500606841444,-0.3169069969525545,0.16681131745306677,0
5.748198772854608,-3.0743137348626908,-0.17885782559576285,-0.4139369372322277,1.3990084733667068,0.7954840515308459,-6.412408033803273,3.572915467556926,1.02464564210721,-4.470863237874678,0
-0.9944624044852023,-2.0045724829558096,0.42795492207964336,-0.6594782782038289,-1.609641059129133,2.581849916817699,-1.3149129278502316,2.3080960322785087,-0.6354412896726043,2.6287107942413215,1
-1.4732967552060434,-2.5510991799170135,-1.4554704510921812,-1.3148957812348974,-3.203956754846969,3.588575970870384,-3.046798974967371,1.5112394977051475,0.13872332115893443,3.2373836175436823,1
-1.281428179629661,-1.736671562943471,0.3778025938636361,-0.8529457153373149,-2.106683367990952,2.922322185357616,-2.1053452416807965,4.764159468951139,0.9191939366621029,1.9078061500292296,1
1.9000886085406328,-1.650944177390669,0.44391679585482646,0.41986593985090104,0.7162486896534774,2.5681112480543042,-2.509235239178706,1.634366667870091,-0.07218341453010418,-1.2867509929780345,0
-3.3184727602658284,2.727789158084523,1.201006528762074,-1.9273846546171314,1.6201584771830402,2.0045277840624345,1.6730267476166556,1.383608649608452,0.21989662625103087,1.0510642877131136,1
5.015885147058708,-3.806902245120714,-0.4451145386509248,-3.8526368098732595,-0.8237158342261623,0.21830696387083437,-9.62362598245247,0.3026932715409987,-0.30342562848464427,-2.3507550244890343,0
0.8847895787453967,-0.6015398774723644,-0.03455300593868357,-1.0332995484514462,0.30282290207668683,2.2860240595780374,-2.9214259357350674,-2.708241340457527,0.3792717404439695,-0.621340709145521,1
-0.009924279930687917,-1.2552546057972414,-1.0414893867543562,-1.4421466751489547,-1.0479504785288773,0.4875438986714242,-1.987046270871652,1.5786166908805352,1.4031208151042869,1.0965433724510767,1
2.226826225394585,-2.3430126487808263,-0.854478095669546,-1.882700262141467,-1.9898478356704112,-1.134330315790085,-4.583150096679821,-3.477882553050269,0.6794526721518087,0.1718849468466026,0
-1.2365940492004097,0.3570913745272386,0.4663332954136105,-2.0365603492527278,-4.57423528273449,0.06084576210939119,-4.765675826582098,-0.5532082489189478,0.9853107386625031,-0.7349036382835628,0
-0.8646250031409888,0.6449161062396191,-0.4002856524124338,-1.761056027467176,0.9599351989307959,2.9099390218802585,-1.582546990086453,-1.7197171507875988,-0.04382681674573605,0.22284269173078575,1
3.093852224346899,-1.6528560725535,-0.8952232616519866,-0.9596777649797312,-0.5485952553299235,-0.7089498390263173,-4.449358481859675,-1.397866257356146,0.4630768465622484,-2.088418960797198,0
-2.130349663090966,1.096086121823526,-0.38715096360568413,-1.7747414328584554,2.8527451247484144,5.0111877938046785,0.20081227158200224,2.8307955857959177,-0.20092780194905385,1.022814859042371,0
2.129768941980754,-3.441101938407457,1.9743263875527035,-1.956122788734033,-0.34441286959212847,2.9969805638489393,-5.240286237711814,1.4901454441227087,1.5833899534269977,0.6143059283190024,0
-0.9312210201647066,-0.7889702101877483,0.401096751340644,-3.6943458798561855,-2.877825696907771,2.673670521890076,-6.117381402705087,0.09748220796125961,-0.12171297901523384,0.5073726872966959,1
1.4849505835877665,-0.9405540019160306,1.2931665819382916,0.058435245395814794,-2.069898474958065,-0.7557565928392012,-3.1531494124145336,0.49815346740139077,-1.6660674850284407,-1.7743661411496405,0
-5.070119143737462,3.4023771185206577,0.6221450185106159,-0.6136588878680223,0.4419084769491508,1.8802001288399142,4.038973060733219,0.6251030085129696,-0.030228159459196623,2.2643455023424295,1
-0.2654194952096455,0.1928033742310038,-0.5114730692800988,-2.2043948085289777,-2.409818212574643,-0.742095244933158,-3.605807302428024,-0.48673831200569473,1.0492606649689424,-0.6291627589358845,0
-0.9416811408127208,-0.35930338951100205,0.9676444577050073,-2.8182059963286705,-2.1569044908628685,1.182986032996527,-3.912822273826894,0.710596792445124,-1.3386932374794216,0.5978638066803924,1
-5.397656594533058,3.8129632746305973,2.2967608205222074,-1.1254795289783217,1.5915297445618066,1.9566685915857454,4.918505378414141,0.13147403311483852,-1.4643695251386446,2.821063598431517,1
1.357956221710823,-1.4056037402953179,0.830197290475684,-1.0887301710890773,1.2229735875646046,-0.32857387095388657,-0.8246898574610153,1.4904215173717552,1.4206140074424805,0.6006311471065559,1
2.4575405616832,-1.9820617203726258,-1.3701225061570623,-3.073303925255241,-2.1369636447609337,-0.5218712752444044,-6.865448451179917,-2.3459153834839683,1.3643013268920965,-1.1554530135230312,0
1.5952979386449888,-4.181067055470736,0.4920270962781857,-2.306404295951499,-1.1900663744289726,2.2366842667281843,-4.600650378714699,0.8776112686124207,-0.8658755823112031,2.5731634351384294,1
5.462588331764546,-4.380037920483103,0.690073159980992,-1.336744063696259,0.6210640569392967,0.011820240102736745,-6.1791726127986015,2.091037904038956,-0.709841365454307,-1.8068346683850722,0
1.173094649725284,-2.5344515425661935,-0.6513106999128772,-1.0647987634007632,-0.04890154623318366,0.33301150588537465,-1.545987077275745,1.9457012125354565,0.19032019005961767,1.6893572852041032,1
6.265651477493633,-5.070362134200137,1.0626546454737857,-1.0492474746513831,-0.1917356396290293,-2.1633305077342495,-5.593410212045144,-5.004263958981738,-0.0818380112638594,-0.5255119746472763,0
0.06656412282323428,-1.3011151117306836,-2.6265897245139516,-4.297295944867904,-2.7364584147616124,2.105071314062409,-7.33165974805632,0.17730388022885135,0.6746759298801382,0.018049913076539692,1
1.7780761447695088,-2.1027922028571298,1.042293473702551,-3.0565966120276307,-1.356468885812756,3.309005052158061,-7.816965200874228,2.3511047256975672,-0.7067496589653025,-1.6066145428034617,0
-1.702580366683997,1.1598814812433957,-0.6070463017262211,-1.4894886798876723,1.033927340473903,0.7510224865758212,1.1693595825593728,-2.9673853222511437,-0.8595557739522429,1.741432642222864,1
-0.7670949543290704,0.9915173021735618,0.02012341559603166,-2.404482772319185,4.329346603819497,2.4902507303018675,1.0030711790314382,-0.7413831304607544,-1.4032273305335585,1.2873179533522556,1
-0.05509366800981945,-0.36118219886122827,0.2966507616578671,-1.1741380964271535,-3.3389311717401564,0.49160287157179394,-4.285141132041718,-1.5972201981153913,1.3822390636226343,-0.9019109895625068,0
0.2717790441493682,-0.356426394785728,-0.9269881819745178,-1.9281511509774576,2.1864401694507736,2.6409626370321617,-1.5591417818120663,0.4066117257769615,-1.5489752115779287,0.36510168051088554,0
7.706156787784051,-3.9068996020000886,0.5493988336672512,0.6641180136835758,0.014641711460104734,-3.1520027303165445,-6.0766547940423274,-4.3777677145206,-0.7251253544177355,-4.381219201197468,0
4.663205854742143,-2.9033146725461885,-0.41946839213477477,-1.227359084381633,-0.809209525615817,-1.7575442713640248,-5.679213196566807,-3.639100112430878,0.24015927124619948,-2.0195776631755216,0
-0.18132272176639702,-1.2136751191681283,1.6550990811095774,-3.4155454752526673,-2.427635131523208,1.4965965974475763,-5.763842068431644,4.193375518634507,-0.21899131715861447,-0.056326753115117256,1
-3.961365047836426,2.9299327297137108,0.8734867873914347,-1.5309550649869277,-0.38317691425511735,1.6594944473472748,1.1816114489996894,0.43185382715443166,0.3143214458150536,0.9826105207709377,1
2.3360103438482747,-1.0558440071804027,0.01364438153949612,-1.6908134552698113,-2.0144141616873807,-1.2913373773188972,-5.449179279638375,-1.0296559764270978,0.032583070499585656,-2.3697526417652353,0
1.9233275319681777,-1.0174671384978802,-1.4086769243843102,-0.48975503269923926,-2.7951646962563053,-1.3017646020587297,-4.491073728279092,-1.4590695810708996,-0.6150576654888591,-2.1777757108431057,0
1.4239010841194402,-1.0858963121237146,0.4569908857619854,1.5890366149048027,-4.282324157096345,0.8129397324875667,-4.698839472754768,-0.767620600046485,0.8357828159328066,-3.0351249185614684,0
4.185786540007567,-3.526574513208348,-0.9003469671117644,-0.07265765500759747,-0.9779948101902263,1.8550136623787097,-6.490544961648891,2.9354208066844922,0.1302729690747601,-2.7961181799380648,0
-1.5626365352822795,-1.9347014120379853,0.3717439093839975,-1.7653419160239008,-3.7835099182285212,2.999752474267055,-3.943145316346264,2.258228034491105,-0.6299060427037885,2.2402862990348753,1
-3.127306584183945,1.8916127375009057,-0.625036977785615,-0.5671123000858195,-0.6685412230042309,1.9137927640411005,1.1555233973524122,-1.6604048633220012,-0.6465802198073294,1.3121770996807505,1
1.0944972690834385,-0.7535681256613086,-0.4791116545854274,-2.599490263896854,-2.6297020740326795,0.10264076350962581,-6.2087601768589025,-0.04192004401517213,0.5282544466566584,-1.7772431533356001,0
-7.7692193154489475,5.4170020367652825,-0.8172636531584174,-1.2768507553115944,1.5715201990656058,-0.5335813373633207,8.866313122450968,1.1907602759203035,1.3783229292325774,4.806518509581759,1
-0.8014422856494833,-1.028483580548648,0.08790580737878718,-0.7017870016411306,-1.521527835189699,0.9507173271336627,-1.1878011283140302,3.841165323304437,-1.3241870189228844,1.1813823157105299,1
1.5226395359699467,0.0418991059736904,0.018803012825838537,2.253880208620374,2.710942968165371,1.4402562166380348,1.475831973474802,0.3996973563718451,0.9728676418083031,-1.8169930862728518,0
5.638123871989299,-3.452273544746063,0.8369317295280223,-1.4476134249339871,-0.3255329748158229,-2.105495547857914,-6.209132593825885,-4.8412489892115245,-0.5910775096059382,-2.135372742746552,0
0.2325162412648326,0.20032147381925847,-0.9166944943831813,-1.7487968133620353,1.873388160487737,2.9981448007040994,-2.147769750748998,-0.7849645376678117,0.008049247972827342,-0.5446617199203976,1
2.3239038637407243,-1.1243613924512086,0.36223341348186877,-1.7336947087498888,-1.523202492397401,-1.8814551384976679,-4.444124533878966,-2.7377773284331623,-0.279016461554081,-1.5038592776182411,0
3.953791499814128,-2.894495716251961,1.6909709431515434,-2.3519339172024445,-0.6960103520739107,-0.8506735871999253,-6.2296353045791735,-2.3294436267629703,1.3349459797556529,-1.3084489652567075,0
-3.0479507137069755,2.018455249019468,0.09971984611754682,-1.1652779062211995,-0.28368884477349976,1.1470005238735719,1.327822437940935,-2.1906766779875264,-0.18012638997650401,1.582096952739938,1
-0.4788106832014592,-2.2750328149016656,0.07071266600637727,0.33617489189317706,-0.6427753024711973,1.8688364760698273,0.4996802342487823,1.1040054829464023,-0.06859200923225259,3.108731274536691,1
-2.629975559985963,2.0834242795324482,-0.7996142137769388,-1.6297539969238808,1.668475021829646,2.0492526897226035,1.4094049895372573,0.2952275082629541,-0.04124482936281515,1.124922442156402,1
2.2825016655508388,-1.1010692347417943,1.1618374321204779,-0.6856977268557927,1.8056893180412628,2.644216668992943,-3.5947688367348185,4.466300779109009,0.12086216760273172,-2.605751912309632,0
0.23946846017415616,-1.536189143781539,1.5582729897346623,-2.3338702775495714,-2.014132594759611,-0.572756398163466,-3.0997242855127785,-0.8685680991673986,-0.3456114159169913,1.4712913299812982,0
0.02471206044556118,-1.6670850353206699,0.7805434833369719,-1.1680557010342039,-1.2924377063798023,0.3396722415856748,-1.6062539620976257,0.5163706956002144,-1.4798629821721458,1.7635649978142114,1
1.0687623130743569,-3.42360951510999,0.07781134659300742,-1.5653910809340836,-1.7105212997511248,1.6903383540747354,-3.63485629510774,-1.0504458315472736,-0.21871045972518305,2.42274833338662,1
2.208033847090359,-1.9364787884657992,-0.07489957638174051,-0.7255458645393873,-0.3679042761172524,3.213326175665399,-5.404483548191365,2.683378650333477,2.0923902890032995,-2.2122915615206957,0
-0.6411895133799603,-1.2300832487270563,0.5126717660618848,-2.528045114179951,-2.1053645175450786,2.015086915056909,-4.14175251612932,2.121738269284422,0.1782864895135976,0.9594825205037222,1
-5.082329521380729,-0.5067321623160915,-0.2823963202979205,1.3641432659250845,-4.062844497944225,4.767832597551695,1.9393734234689284,0.8841521656422229,0.04412991539286865,4.86429100320016,1
0.8535808095633693,-0.8286509395522557,0.7935376344025156,-0.04010984607561907,3.5296485795876102,0.6631001389753058,2.51099553213767,-3.974011016012888,1.2148728529041746,2.1515653663205367,1
1.1951951221558026,0.9803737906769161,0.5531207796800928,0.8594995559780068,3.3786393502537893,1.8158425535393605,0.4472104834639928,1.4114782006720101,1.1982597325501452,-2.6214727150241717,0
-0.0480565916084508,-1.6119637085971514,2.6187288208686534,-0.2931897846665221,-0.65555408497807,0.5202398842409687,-0.2550257295721333,1.0654993597554716,-0.2643833598497234,1.9106595155041233,1
3.0693080374982338,-2.5780631491075914,-1.2491903372179358,-3.261811863558262,-0.5445858390106639,-0.7977128081144631,-5.938191285795622,-0.6472270993478147,2.0614172089667857,-0.549370199497647,0
-0.08315012610756578,-0.6401407226494763,1.3454889562051204,-2.183690031299119,0.9215553471917884,3.7377522168381354,-3.1452218514071104,1.7494864667559211,-0.8574726516251461,0.13290219073920784,0
2.1068693164059815,-2.2154490085482657,0.6945956590694305,-1.3468200116359768,1.1847617114895357,1.3236381466872036,-2.722962445808088,0.3252662656620955,-1.0980233089577194,0.269825123368318,0
-4.778164502771908,3.787893219765018,0.2585585707663054,-1.6969199289358219,2.5349847102299616,1.7316158192712128,4.446289680037925,1.9584101044580904,0.6358515447128534,2.1798748570411295,1
4.565073656489274,-1.893070992902252,0.42601395484430205,-0.46805985471387346,-0.8240264530593536,-1.7215483290925047,-5.646854634813304,-1.4052659932865894,-0.6565183267136122,-3.866076950841598,0
-3.0664737719555926,2.0712976303170354,3.7278333447631873,-1.825059195072522,0.22920832746801723,0.45242218787341004,1.6942484499805512,-2.4141928567377082,0.7724001421313752,2.1171266947390266,1
2.873786575543254,-2.275925386361697,-0.3789775458752045,0.6281406680414312,-3.365212607229164,0.41142917929043743,-5.571762193572155,-4.793034941945869,-1.079891436429631,-2.1629981416001254,0
2.2896531026943543,-1.7024764898892373,-0.17656027102610614,-1.2713173647880598,-2.722530786878953,-1.7601744260611176,-4.8457055117312695,-3.154575723962363,1.5432877329512689,-1.1699109552248974,0
5.265154562852743,-2.7014487258368085,-0.0030704230247626924,-2.984108913438581,1.1469144289867517,-2.1119162870718644,-6.241057610964882,-2.257020447551911,-1.1718764490659612,-2.2728131448658275,0
-2.8168820468448366,-1.656088329161245,0.2202953952722512,-2.1084286274431454,-4.73840795321828,4.303882412570983,-4.310586277913887,1.4746469927593786,-0.523982961850257,2.997734699562475,1
0.24469716105858832,-0.25118953535571875,-0.3003153673739155,-1.7434708288742053,-0.5499109333564012,2.0854226669392784,-3.5089723250582647,-3.2841390114862907,0.5851504007343558,-0.3758813684786311,1
1.1330870605516437,-0.7688987003207508,-0.4034096213136703,-1.778881570506162,-1.826040555249496,1.6006842427337467,-5.494711068339911,-3.1251155700847493,1.230072639089635,-1.4882076218281122,1
-3.0362467367210257,1.9663856966431341,1.0288683147158495,-1.05123060912912,1.1144681480582037,1.2782937968875574,2.752363814464501,-2.371346201453844,-0.3037856010623942,2.3363729759789122,1
-4.191765413798582,0.24852636346777146,1.398591599679747,-0.5564162223268861,-3.641249819475743,3.9268106435723418,-0.9185870961313467,5.000321357021423,-0.4215314136807319,2.245619275868483,1
2.6294591136756544,-1.9016844098550394,0.6747339831104918,-3.5416841520880644,-1.3590643322127023,-1.9775177977168426,-5.921084172411226,-1.6674933223519943,-0.07289945915915559,-0.7185674952361497,0
0.23109756217718744,-1.2180446268897445,0.9418240294747006,-3.0574486657539612,0.8860066730078866,2.8477975775851814,-3.4350202794120803,0.6473906968817693,-0.494806053326942,1.064434741670094,0
-2.3293372620660597,0.2745130192133445,0.39083781282032287,-2.610997485199434,-5.1838416244982,0.15897314772977134,-4.367600652131649,0.8025337503970689,1.3722338678678732,0.601251647582449,0
4.221663957199745,-3.320129555068877,0.3997967407687113,-2.3761008890374855,-1.2377207605445935,-0.8540125752035924,-6.882038388754778,-2.898069993406552,-1.004024613444427,-1.2549280961534472,0
-1.6404766840044265,-1.237818878752675,-0.5330168942138286,0.18980639520178766,-2.129554405589887,1.7809742134282356,0.16138022130538915,-0.7100461241280653,-0.016259922350276696,2.913643080968995,1
-8.397513407719755,5.6208548973961765,0.5580647685685017,-1.2427761864815008,-1.050642086126952,0.11249243576331658,6.706230593099704,1.023028326397832,-0.49227079402366586,3.9401611804895373,1
3.0932003551652234,-2.320322270148989,0.5454945170522761,-2.863586485319634,-1.1359447456773668,-2.017720209996199,-5.494477621983878,-1.4944156301854048,1.8036220590320748,-0.7474898563784576,0
-1.8192274849867451,0.915031687029796,1.934302166337711,0.3113516608272717,2.156051429023316,1.8370885463388225,3.4822905234501866,-2.059646604229252,-0.8699918113988403,2.2349660140518117,1
-3.508822004557094,-0.2471818424690806,-1.262295361002834,-1.2443010466288713,-4.327515818229028,3.5456512560119813,-2.4646203028993425,1.5917990095469454,-0.10907538069890607,2.3103296981617514,1
-0.7628988458801931,-0.3197131904126027,-0.8393757425688726,-1.6676615117743538,-0.9934027295115079,1.5266274530006236,-2.356454512386978,2.7204883955151136,0.2790342605936326,0.32725062341166966,1
5.664259894569808,-3.1171330165333266,-0.31350668522774333,0.19647598675186195,-0.3997432511740959,-0.28302270846281097,-6.589373422313806,0.8577155268379938,-0.5801174628460125,-4.410373531476738,0
0.9688567383564498,-1.3769154649345132,-0.9185288906350256,-2.650746544461472,-0.9292015879052582,0.008133426894990636,-4.053727651740375,1.6799798452258041,-0.41648426363985996,0.022178692943602307,1
1.444626781379292,-0.8331916591737023,0.9282946120337436,-1.5775365788087952,1.6385418496551893,2.8982902186705197,-3.556047691490233,2.8215858834020096,-0.5102406217713283,-1.5428232686510508,0
5.25309166074415,-2.2063031649716636,1.5618701206560597,-1.8464564509767158,-0.010326149132476647,0.3488999198622653,-8.548852821752517,2.397113006677747,-0.5461830127271224,-5.315802147990608,0
2.320225388663698,-0.6400315729559583,0.7518604673168144,-2.3567766375794923,3.909327784564702,0.5723028104337142,-1.8593440341360774,1.7934015021490706,-1.1010668407485873,-1.0303087797579762,0
-1.201297504341208,1.3355353122154932,0.6592989867832433,-4.42659943577954,-2.574864677511528,-0.9843898701660547,-5.049980850897784,0.8338549144077518,0.9459979627698588,-0.9885149114686214,0
5.65979637091347,-2.2523250943706112,1.7073811047544476,-1.6746585301678565,1.1511909888279641,-0.15479667553750898,-7.588352559393516,3.8858270876398233,-1.5826596719743449,-5.368743845895386,0
2.159624028040524,-1.9347974869991227,-0.10632165120387682,-2.0235754366496,-2.551179154961708,-1.1112362176844037,-5.403073478381515,-3.9649214828061723,0.635167037098547,-0.5644580744811987,0
-1.3314183663252115,0.742639588108851,-0.062480331002476235,-0.6079155703494601,-5.547959859924154,-1.2743343312022075,-3.6408316856463254,-0.4672062568053639,0.14099987497696337,-1.315618663708845,0
5.108838146992797,-2.4659818318184303,-1.3458312958641396,-2.2087728814505203,1.9399614117202002,-0.015595764430998527,-6.41958885477913,3.599310101669214,0.579472818912714,-3.7247934631297213,0
0.40336357093662023,0.26881484349608176,0.2120268120864632,-0.6239087505836842,-2.844885905232284,-0.9239406704784697,-3.4845373231400036,-0.8550052029715609,0.34252339838453455,-2.0113710798758344,0
0.7238855162159167,-0.8449658693733784,-1.9623644820534374,-1.9662696147586805,-0.08440438012093754,-0.3039556911548822,-2.5503860563549003,4.729278513656488,1.1840859383187636,-0.40979449262158085,1
-0.8903145906725667,-2.009596892505992,0.555069839527698,-2.5301350678488133,-2.7754437678276083,3.6108268838058737,-5.1462539429871645,4.38693184709682,0.07615874962444937,1.2929262235521177,1
2.010798788170638,-0.9670539079586673,0.42151364715646206,-0.4636422354911247,1.7537667442949738,1.9263282655026295,-2.533466793112537,2.699259299686548,-0.4984379811732735,-1.8828921694487835,0
4.286496656124186,-3.2689119431844498,-0.9049836866228643,-0.2633827746917987,2.8354458458280636,2.441373588346954,-3.067759761106879,-5.217879298093446,1.5176415710562519,-0.27959835413362866,1
1.9410841461232518,-1.420317777032609,-2.3855541430658236,-0.9314002958234499,0.5289235623421515,2.234951469362643,-3.909706917684142,1.4812614274011249,1.610028715740119,-1.5768068505677677,0
-2.0517193090937993,-0.4505793379509808,-0.5548126328043629,-1.9482782242193282,-2.386364893980846,3.045432632051492,-2.879754675269631,1.1007068308156396,-0.5133408767381371,1.6074036770264521,1
1.7795755027740334,-1.8585299273708193,-0.5874428017008799,-2.295773925727948,0.3489733425909156,-0.3512012908168167,-3.0913954273047195,0.9393704723792752,2.193314956887976,0.36212102760699505,1
0.24004689489091227,-0.45358433285872013,-1.1856837912439093,-1.0070367502453155,1.7635415815824609,3.039329045844547,-1.3396584812764567,1.2434299501705688,0.747038926743637,0.01403021173772978,0
0.04208244592322653,-0.7792811750691014,-1.0690245858543965,-2.8765253898600394,1.7944811085595807,3.496971750187251,-2.886894274896073,2.1342603045616517,0.7467647387602364,0.6654607473215841,0
-1.2172523438081142,0.710213981014058,-1.2625158092685047,-0.3495036723520972,0.40822615958972563,1.929158325490893,0.24550137397072821,-0.9044196021973526,1.1568519622269104,0.5240129517669515,1
-3.741234782214871,2.790365161846653,1.4427345295455496,-2.501266312916971,0.5714118400270147,1.5172646047777218,1.1724413043775173,-0.9126638938168109,1.329454878910979,1.6694729322032789,1
1.9671591391102778,-0.5837948342372674,0.5866838142124214,-0.0907348750538477,-2.1863760109755184,-2.1242180057636215,-3.2017804531175353,-3.2433023295305508,0.45415790519185606,-2.055718343141505,1
3.1446161794446867,-0.3481706880759752,0.7320142722401903,0.3584162692092119,1.2240466138566206,1.3538494565604249,-3.97552175713717,2.3397874515295416,-1.6115656223375108,-4.711614013057298,0
0.4176736530706957,0.10176224527671551,-0.35583493534946287,0.36204422619179644,2.9479336230695803,1.8750221346736198,1.2562797486572557,1.0197516047009232,1.5228617217029874,-0.16464902945934545,0
2.2846889100757855,-0.5426628948764428,-0.6495720878066154,-1.2943216035647156,2.145064893279721,1.073264111062985,-2.875783485582154,0.47395053058947667,-0.2562739365599819,-2.0621522651584887,0
9.100435803729278,-5.099889583412761,-0.35675252915266065,-1.7609414275796869,0.8501521247061721,-3.4039402401495567,-8.625056320032344,-4.7578086842652265,-0.9298255726647608,-4.006241554618137,0
3.5177195836824837,-3.8058830039885945,-0.2520281821677836,-1.2441673157288884,1.1475600931950214,-0.9025043017779537,-2.1920993874621884,-1.5917705715521864,-0.10664458921195621,1.5753595202264632,1
3.8582942332780337,-2.7057703202344885,1.268070600795232,-1.3038513094628073,-0.39798189219554847,-1.1191909845064085,-4.761374122414884,-2.489817705230329,-0.6944361959530929,-1.2439274386210117,0
-2.5886587005357784,-1.6501845354692195,0.8566434746138281,0.40722936533567333,-2.557953611791148,3.5872807838525578,0.2902628960059538,1.2774153933053805,0.1774182393621818,3.8671014276257623,1
2.921821093799104,-1.9154083946011013,-0.3954836389866858,0.021936870733516134,1.5325221737454793,0.37477050530218237,-1.8901274505047825,0.1700370237598312,-0.40826510999561705,-1.040985122692589,0
2.813105967894716,-1.5370278888007463,-0.47754671392953596,-1.2635827552271448,1.273848594829027,1.5461222020694896,-4.32074846438866,2.510328954723834,0.020296284226277106,-2.300519598187596,0
0.5518148400705922,-2.894530194522834,0.5891519388074778,-0.9316684762371357,-3.827198877083506,-0.08294887944627383,-3.583149022834012,-0.2933780962384287,-0.7077123732080544,1.8020278909057557,0
0.2260257446942943,-1.109147191922109,-1.5310070653763155,-1.070905525721171,0.09725769682319219,2.739721966041442,-2.3318409362040162,-0.07269688240860894,1.7903091646278466,0.5256266146462054,0
-5.3554585003979875,3.7776479239532836,1.0761614273528792,-1.3997259853959918,2.039932818970664,0.7275652257002089,5.869995900627651,0.2285664464754884,0.8372118583636283,3.4765118799987453,1
5.139131929201947,-4.070981908659933,0.4402696468489651,-0.5652447939383122,-0.35324799344896296,-1.701225891260234,-4.692149369553381,-2.8823905067130973,-0.7350673774562619,-0.910679768083798,0
3.525091437247959,-1.788293122455073,-0.43163643408593794,-1.2691491340523882,0.8590307455080181,1.2781888824732892,-5.5019556408964085,3.093644541099832,0.9462932468295944,-3.252999931087117,0
1.5637395277753097,-1.2147503914416733,0.6560749654854954,0.1523803576206062,1.8346149382954926,1.5953535107463552,-0.656418500609126,-0.28450742663311823,0.2731455610700651,-0.18506322413185683,0
1.1861737227700981,0.6953225281492976,-1.178451869050438,-3.0192791114791584,-1.2571309820541852,-2.0421751366641145,-4.790612911861776,-1.1966120696357838,-0.055673868874349455,-2.499639762375747,0
2.9013135143161572,-3.8041136496895214,1.1989094501567816,-3.1318019946293827,-0.8933127709805606,2.466359191645753,-7.485937642909467,2.24824994879754,-0.17225589477488634,-0.18743383767507638,0
-4.721676405641498,3.4022518983564893,0.29507074426925994,-1.594033554904869,0.0165502357970837,1.850109070681734,2.2121704594311695,0.7450642188093419,-0.5265681207175696,1.5470560607193924,1
1.928441968307951,-3.6833360879937906,-0.21338047601372664,-1.906720860420799,-0.962872065525787,0.8704672493458647,-3.9111186657322943,0.7903596283541823,-0.8804276369232692,1.8583349643040195,1
4.622868782247932,-2.6861235594644244,-0.6683405782174064,-0.7213178657248206,0.7879981429928518,-3.371680262942836,-2.796693390075497,-1.4205637264549635,-1.315129741506286,-1.2939559889407461,0
5.060900413764332,-1.5574201452778693,0.14559750682566203,-1.4219597759979328,1.4267588659253636,-0.45302946050645776,-6.298540888887863,1.9069462981157939,0.1360492341914411,-4.947133407909618,0
1.2664966418432473,-0.8728377611844271,-0.9623259293229973,-1.3795766095585469,1.9220143450207312,2.4768000391613914,-2.164721345893152,-2.7506634005626567,-0.2491306748985431,-0.014670788869437512,1
0.30726125148696254,-2.7633330388835073,1.0589318311994182,-3.2720593790410444,-2.5573282649879,2.326011254850099,-5.942381192573344,2.21089391365883,1.476036509393675,1.52902666975996,1
-0.6762786853283032,-2.825313594651366,-0.19242016227980982,0.09053111600422037,-1.2498747466825115,2.814536411936939,-0.5723018836318664,5.1225442286899625,-1.0641141541436525,2.998233290885469,1
5.567136209531838,-4.369317237912583,-1.1255817392259106,-0.9636958058563666,0.4586471615575991,-3.587202407563124,-3.4407449689465643,-3.323591325133857,-0.5356313487682635,0.054964004860987625,0
0.9552581945849924,-1.2752139368455377,0.9163416232688714,-1.8051021429471725,-0.3203006194134126,-0.45840733720242266,-2.2205274820570096,-1.2740054938975143,0.4501162549173855,0.786355693633757,1
1.5510136862311115,-2.798396167213294,1.8243783904790996,1.9062190815761095,-4.258700164942247,0.07252519874102004,-2.8498798105267364,-3.4404467491111683,-1.0418552149661804,0.11391583499821367,0
2.0416043881937314,-0.8105217173896658,-0.49121462482574696,-3.500059638104045,0.301779333540094,-2.2457982318546446,-3.9628092242459267,-0.22916944418714436,0.5962961069415348,-0.7708834723433675,0
1.0843104478064824,-0.9784597416874865,-0.02996595714211268,-1.2812404445713388,0.2830859979382596,0.7841612667856126,-2.0663573552155254,-5.443344980601262,0.5239133210551075,0.6287418968341888,1
2.03628505479652,0.854892295412724,-0.09482560881430213,-0.9534648150289385,-1.9802833260602235,-2.5329700398948716,-4.577436498612074,-2.3269454002481065,0.048895850696547866,-4.246223464418193,0
-2.548005150584194,1.9919637208862555,-0.2817563322053417,-0.8552044606030191,1.0042947997562777,3.009523738105,0.6503626637207894,2.1077901383360462,1.5628232656437504,0.11295316337950756,1
-2.720059174463934,0.1998052648729738,1.8219768320487606,-0.9029597372273847,-2.7803354418282016,2.1005375422512786,-1.0823430334285473,0.8981464043087379,2.1138302877411737,1.756450512138506,1
4.870759329383949,-2.8216948667271913,-0.6925663948070852,-3.0007680245332073,0.5605714538717744,0.6727020455919084,-8.362514487201773,3.261162726182026,-1.9173550088067448,-3.638093877785884,0
3.5530493439242217,-1.3433748062329265,-0.04515484505051478,-2.494282870086063,-0.16315860872990173,-2.8104864823434594,-4.8391513688656556,-3.4458141651595815,-1.6253860515784664,-1.9271248450028984,0
2.76984597183487,-1.3361943265858545,1.70534274265177,-0.44300593661201626,1.635336580030343,0.1034654038898315,-2.152702379926695,-0.09892999087872445,1.1976792245335093,-1.4782659752805112,0
0.8865208724328095,-0.3620795856481678,-0.03251684239197869,-2.5991726348935162,-1.0689029051846664,-2.032478708831897,-3.222698119779471,0.3400227778393925,-1.786399087503442,-0.5605950212886462,0
3.667796848621569,-3.2020616625380542,0.18307011011359745,-1.772396462373735,1.425716639053986,-0.1845988959860443,-3.5191478184714864,-0.8831776814161332,-0.7975578928734657,0.2046768978877782,0
1.8743689156740886,-3.594855130134991,-1.6069010137807576,-1.8792047806809806,-0.5176590419226315,1.1261067586340199,-3.5291904080412633,-0.12844319493335288,0.03399869933980326,2.090990628546243,1
1.7114243928194872,-2.2021342782954294,-0.6882614475232963,-0.4342752477031615,-3.9638284272896023,0.33127845456917915,-5.5755254816187065,-2.0758962682947266,0.7800120015428897,-1.079390684565071,0
4.75804131362096,-3.168659031834398,-0.8542143677178806,-3.018480026036157,0.870135713425894,0.5110837373010336,-7.562764799842125,2.939388221462959,-0.5431732164768234,-2.649898113937085,0
0.832443424073346,0.026706774702685676,0.3588793304465783,-2.760551817459006,2.294134100526413,2.397044073130228,-3.1643619007770334,0.9353096734951758,-0.7871462555043668,-1.0125398869200823,0
2.8899784430599356,-2.237073249764528,0.46708561425001427,-1.9488462764711418,0.20963319782535472,1.9808735325514735,-5.876521174769573,1.1418282760230776,-2.7150981939971817,-1.7675287453388893,0
-0.5817557620035573,-2.2024270142975366,0.5263852893080472,-1.692316074576393,-2.8302252386360136,2.1894566279172283,-3.6697511148449484,1.8202642261233435,1.2773470811936964,1.9395278974368422,1
2.70089217185619,-1.5377859061397512,-0.4946103468956681,-2.811676663381978,3.1666305398541907,1.2121599836237111,-3.5546568314677813,3.549697674596749,-0.6811269601357584,-1.1008710164887405,0
-4.634025040034059,3.0636398497637782,-0.4911101478193541,-1.1654286446128526,0.12146017745822446,-0.08923351296277837,4.134461165375357,-0.34115505218587683,-0.26950380663946094,2.824075854924496,1
2.176346710286142,-2.226298392961994,-0.7099138971419392,-2.307359349350539,0.9426775612613328,1.5748221502655806,-4.140245034670137,0.8592854904509728,-0.21443169008619967,-0.06136072008315052,0
5.476022299301127,-2.8247060741997205,-0.6084086494201553,-1.188091111892516,0.6284496317441461,-2.0650416212384175,-5.33517185140123,-2.8304275921604103,0.28277987674718724,-2.7215551183490136,0
4.460609540337988,-3.241395484258369,0.47477109722961475,-1.161263216628538,0.10945888291664319,-1.5079638345608741,-4.394380616815819,-3.1788563352839287,-1.1816997830645828,-0.8678563494860553,0
1.453159664872049,0.27205722081448847,1.6931374915640562,-0.5980094498082907,4.210213767247872,1.3689228309500445,0.17645819966211385,2.9857423061056334,1.4151127269680543,-1.5055363588863802,0
-0.5503560165003736,0.4848820117131023,1.621825801546254,-0.9705315152937938,2.4919211917427537,1.6034831985267872,1.1412657749962913,-1.6675996365149748,1.2673601815715507,1.1612529299466914,1
2.1472353928791246,0.03473695821048284,-0.16342780296642598,-3.27548367506939,-0.6141675626241284,-2.261122186456082,-5.331925832315983,-0.23760261239192082,0.15630934874723482,-2.7310817647063734,0
-2.857945829597726,0.25266304348764446,-0.7852692453090915,-0.7886080838453944,-2.3518500154775577,1.9490422330140496,-0.1448347349245453,-1.2140666506706128,-0.15452472993274965,2.501002810492078,1
5.797713133849619,-3.526680893932999,-0.3693402913986854,-0.6848596272463122,0.011747315626195576,-2.139166679974291,-5.422353347608533,-3.663251287651843,-1.3681648144569423,-2.3281970195998047,0
-0.37938216301693556,0.3925366297699655,0.3482742690941216,-2.218336606260584,1.2970726888513404,2.364582586736268,-1.789881060430196,-3.0660129321148966,-1.1451143029169664,0.45751360064323876,1
-1.6036280056087124,0.8801145339194432,-0.14365920964836287,-3.690252859547746,-2.5501926391092034,0.9624981295453875,-4.744350601889383,0.7863069385024603,0.46652687896637174,-0.35774097771535596,1
-5.9104904083421985,4.402195854803358,1.2847378690390905,-3.0572867719243413,-0.03810078110810422,1.030653321850622,2.6582809609852234,-1.6159313145546765,-0.2646082963626374,2.6197964602841726,1
-2.4059725136870225,1.559826981435338,-0.0949992964107509,-1.060608668893948,1.7623546031443573,0.79058585330658,3.019634331654768,-2.4143133211883248,-0.9463281691702932,2.479521909358275,1
-0.10796488510850329,0.21682071801679537,-0.3499068662887256,-0.9367130380104014,3.859878234301752,1.6405188342875323,1.9775935004974383,-1.2486434391139472,-0.3756446210613079,1.493054652973302,1
-1.3499359841394771,0.7446606240932322,0.5059153880005607,-0.8076163494756251,2.230465666558411,2.0313559113607886,1.7776965736984012,-1.6050844181082502,-0.5549327160031743,1.7218405124363023,1
3.504001210702723,-2.4099418108306936,-0.2630027072885298,-2.632449401695139,-0.6732923648530162,-1.8383052372646416,-5.565331334559469,-0.49547989394997605,-0.7662762034069569,-1.2640874414442145,0
-0.8086387353673327,-0.08886668557008148,-0.6639007459804149,-1.06173671485989,-1.5207291622566141,-1.8159836475354107,0.03254805882086468,-0.8221600402782904,1.3776868872790455,1.4897285357266763,0
-1.5997933460967233,0.5794153348747151,0.4620605442666223,-0.340013824347277,-0.7849011604222349,0.2503642019975172,0.5738373051549399,3.06079018372358,1.5002189639372439,0.6774751194279333,1
0.393029235217574,-1.8066800324414518,0.5474127920641301,-2.961065337874811,1.3095827906190833,3.480101277358738,-3.339730296623191,2.4834419956508773,3.3482071855389752,1.4125855976469692,0
-0.019373869416864146,0.5194135600501868,-0.533165987293903,-0.9386347103341083,-3.78708498587278,1.0169768658921607,-5.531459152525316,-0.4451485644920705,-0.2702320842076926,-2.946349497185307,0
5.54582507797144,-4.087549266986445,0.8283374677817912,-3.4812458436670064,-1.5544303786580813,1.3622622911145112,-11.45364936090041,1.5682713783893087,0.1945510073683852,-3.7652816247519585,0
3.33883387590416,-2.7639330390541854,-2.034639238011982,0.3843780963207224,-1.2447201202018436,-0.7613264310159777,-3.582914636369928,-0.7894857152151677,1.3853601717218151,-1.2722765144237362,0
2.967397980208275,-2.9418456871443492,1.7318259267219165,-3.033706727716678,0.5441698366772144,2.1660293375445514,-6.450241099525226,2.806740331455176,0.533302173403151,-0.8876119528002995,0
2.876280538794416,-2.10138322733549,1.102626308382792,-2.3229474271551123,0.9861927435849746,0.5084835223532849,-4.502404933737518,0.41834862098024184,-0.2910258930152916,-0.8956951650043079,0
1.9770098531018028,-2.180958173638592,-0.7055252755467194,0.44709386082215374,2.586343693958465,-0.657898688063077,1.7698672345595796,0.5044222541088603,0.4988545596943527,1.6989411410853061,1
-3.7305173959781768,2.5755580803447415,-0.7617911829559539,-0.9936428648218665,0.8146541955250767,1.3885204115902197,2.9900471805585696,-0.784661146462341,-0.3754844001881422,2.0391294863821816,1
-0.9655766590486086,0.8284891771959452,-0.5195343963645582,-2.4707416652815297,1.3513127296097878,1.6949473955180465,-0.945993225550852,-2.742225207227084,-1.537155483089032,0.9402020316708796,1
4.183331022084775,-2.07543025330075,-0.9362603724384269,-1.8619052336164117,0.10447131452886316,2.0786216804680744,-8.151946233989966,3.5927243220723106,-0.9264938428760218,-4.565698487997718,0
-3.7030967602223277,2.792503787567112,0.7609384827494878,-0.9814903351631842,3.7220280787665625,1.3725012612761731,5.565860486855303,1.3500264075211201,0.35297857475144384,2.807593064781714,1
-0.46256143333409616,0.34368692011616186,-1.4844245617289509,-1.364548355485871,-0.051704314442260646,2.3289622357986053,-2.2115004604450217,-2.263563432836671,-0.08463638723075591,-0.1976615812443454,1
5.312350905722526,-2.026855835409091,0.03492840360496897,2.2835632832391335,0.3099281888470866,-2.9935443644003605,-2.0043431580788016,-4.355580945165036,0.015003532142187833,-3.5137938159254483,0
-2.3944438231856617,-0.5256060536068416,2.1013813736010425,-0.47377646931966466,-1.990645125417632,3.054636093080139,-0.7401426995847497,3.4906685859180273,-0.1450025076577551,1.98693312141212,1
-2.4323970815909663,1.531112603440193,-0.1967204253506947,-0.4329633393062542,0.7499118619349053,1.679557811165514,1.9960615795759902,-1.2851987546747368,0.9153183154243771,1.5090533845625413,1
4.866834002723776,-4.659167965502568,-0.5870092193080347,-2.3859799825463206,1.7287833174853744,-1.6264970124878393,-3.804830949275525,0.45752164439159615,1.3665548633342741,1.0550001399198323,1
-2.8138415989844487,2.2854130761360536,-0.7551364179333341,-2.875569405783718,0.5017188583967715,1.836789558999762,-0.5505737815308589,-0.41963123510799183,-2.6371096692192197,0.7762160621356708,1
-5.32196099492941,3.2975878613783864,1.239264458589424,0.09855828953583434,-1.2499113846005538,2.2166248666766233,3.129555436501188,2.361983841417721,-0.7761636625976926,1.5145880036030188,1
-1.404201687646143,0.7150642086740145,0.08698077033775754,-0.0815699640362677,-2.739053036991004,1.6477973357560336,-2.1626256576646754,-0.7617225187473926,-0.7354900906925547,-0.7398694183736239,1
-5.840129068956396,4.090898589179256,0.5305706404769732,-2.023592412807001,0.08126638276190712,0.040115910175740455,4.356375828243562,0.046067632398375524,-0.6915141214401754,3.0692712491773744,1
3.6379280531781326,-1.3501301579996614,0.045684326560339356,0.18466361348426652,2.4113577757303166,0.28347159826122126,-2.3292731627293164,1.669712924500268,-0.6021841287797184,-2.829235534330781,0
-2.860095920017217,2.177717230499467,0.062252459435203036,-2.0224018587777755,3.1206829448216404,0.9324786021653522,3.5824666194558135,-0.9647108285930677,0.6889693363380698,2.7133569964317497,1
2.921557259513838,-0.32224352382096044,-0.32116530149040856,1.1048568492928976,3.9390411555215947,-0.2660694586078294,0.7998307176499804,1.8786705391049687,0.18096463733980891,-2.40506499389842,0
1.0261027717253166,-1.6850051257382472,0.273649452541014,-2.9212931908615545,-1.0712808839679067,0.4366843010969259,-4.517888356403352,0.14126308933641818,-1.1508848207385451,0.4520992783120772,1
-3.539318421497826,2.602112349231377,0.06647298793083903,-1.7212757122993032,2.438862552335239,1.3386281668367772,3.593727516139516,0.17326580453773266,-0.6925639658695976,2.4358807773246793,1
-2.447451794751941,2.2025748742343048,-0.6455201993917885,-3.4368073143335574,3.398699518534687,0.41591997607401376,2.348609383148383,-2.207385927448594,0.40500471569711505,2.6364705226255998,1
0.3394810889864695,-2.283178336673778,-0.5598825186026908,-0.21955571667642282,-0.02494121844095476,0.8757525646494196,-0.16827818862081234,4.268575440327803,-0.19049934530989546,2.0132469753205586,1
2.9482778142125716,-3.2521989415810415,-1.115929614872567,-3.7107768430206134,-0.8206587935677567,1.4704579307764543,-7.531587487504978,-0.39359332461426066,0.23212204880842066,-0.26586546493031804,0
1.1222887145599156,-1.4532091767665998,1.3788583732951116,-1.057362090041918,1.1767799002621904,2.6815614726818744,-2.311005885820248,-0.4876176166685444,-0.2291478429729563,0.27627308522204785,0
-1.530555850090219,-0.4035270360517884,-0.482274797757228,-1.2426709550244417,-2.183214275900533,1.1352634132100223,-1.7624923070482845,3.8797805916361168,1.1997697777034824,0.992124124294055,1
5.062574350919486,-1.193860498500432,-2.4167336501455954,1.66104601768378,-0.14482269030194472,-1.7213459599206802,-4.13552806137158,-2.362861381102901,1.2223178496279319,-5.379187166657275,0
3.653804964715158,-0.825888619360311,-0.4770516919944948,0.7617134961006342,-0.7243876396848639,-2.3773683292408343,-3.2348494786887825,-2.299735087216058,0.6673225189843374,-3.72885885648068,0
-0.5919717864129781,0.45241835574770706,-0.010643100259374962,-2.537321368138552,-2.895751666903233,0.5164145513018505,-4.954439010790786,0.45944214366936476,-1.7678921059615413,-1.3408563887795113,0
-1.1954337919801479,-1.3770422401507174,1.0087816003967984,0.724492034826159,-0.790148698865686,1.4809754611689172,1.482781554138617,1.0019278146961517,0.7177220691902199,2.9042167225651543,1
1.553816884194972,-0.5537129391165707,-0.04723481656308301,-3.2393353450729157,1.9682653107091999,2.169889272398269,-4.587763546489931,2.4266628956638185,-0.25028439077208625,-1.5530519530320357,0
-1.0641675028307602,0.9202973207584086,2.0687794329743716,-1.6340435395902755,0.7154184698759257,2.83356069555804,-1.558190212554985,-1.2959945405058022,-0.1008651097054136,-0.0633737126254863,1
-2.1673310701087383,1.548308910551057,-0.04818292697839048,-1.6591892745699237,0.4938103968799368,1.3098374608685879,0.565586546789173,-2.9812378967340027,-1.1698611063322188,1.4141061027367288,1
3.480072667911007,-2.129892811379385,0.008194432607834298,-1.223915131837039,-2.3006797278289133,-1.0928475189702047,-6.209085555375434,-5.062369052063408,-0.47426882026173545,-2.1121973017451845,0
3.0801051514922095,-1.6578144662576204,2.169872686836033,-3.1001332422691386,1.83523496923391,0.5115850250787444,-4.953712270372098,0.3336270607040306,-0.3391494050598114,-1.4120865913242628,0
3.548550857896858,-3.2943829625246304,1.4516573015187388,-1.8832374327791452,-0.8430770144145057,1.9196175181042356,-7.078802045278007,0.2062702998072492,-1.092528161811434,-1.540030577609649,0
-1.9187904565395795,1.3616305701433962,1.2676504408061784,-1.3137081483215822,0.1973793396080763,2.169348956817919,-0.3389549253500391,-1.29728276685549,1.0726395492012073,0.5581355637387481,1
-1.2589497409549737,-0.54577433742065,0.23203467850391193,-0.11352284353089748,-1.0406317908709044,1.101150879972114,0.17926218004295463,2.7752135185705473,0.0035512732703650183,1.4852449929731315,1
-0.25123359532860295,-0.1714686028233381,1.416311989693794,-3.8792025676395334,-1.8790831395114407,-0.007476609312818461,-4.90026558702348,-0.44426144106261667,0.43536950349848874,0.027637717519305438,0
-1.8806233784633906,1.408948083280221,-0.2467458755942907,-1.1853559250095447,2.0267061990248116,2.2572882983703213,1.3989506048375149,-0.6705532509804522,-1.4130761271026409,1.2205246314684102,1
0.8223516954555397,-0.9639527185747668,-0.12382510339204789,-1.4126328586758856,2.8225027712002504,1.6904278041764667,-0.1878210199863535,-0.9585449303756919,-0.922672776593468,1.2857439296635857,0
0.9137010288781807,-0.52043906723274,0.12068103645792679,-1.9180958141223916,-2.4009720454067365,-1.1804300265867549,-4.604268821850299,3.25959902381112,-0.14816114068178932,-1.8583221101390757,0
-1.084115655524863,0.9816120808625104,1.5478560687920102,-2.3448968334707807,1.499726751198764,1.6359651184925674,-0.6496931107340574,-1.4209081939262707,0.6955004804472307,0.7655355348612072,1
2.6006473554742877,-0.7298232488619574,0.161167396656318,-2.8023431108997072,1.944442385625715,-1.730350377176451,-2.984850396587874,0.7114171415819827,0.28874118659739295,-1.3231830313388966,1
-2.656945660723613,-1.4337279865438048,2.1280169319065014,-1.2365205558985748,-3.06256000148821,4.075680876136258,-2.0646631169615195,1.1922391833064103,0.04757039508893205,3.326768842275137,1
2.559207014444908,-2.887544111326722,0.5338419044002284,-2.7005355991405753,-1.2810066313970718,-2.37663680533928,-4.025147651311283,-2.7071069049211145,-0.99419135018988,1.2225530954197472,0
-0.37725109822842545,0.3946467068790771,1.254503859840713,-1.7751874264217855,2.010051362583511,2.57055757601713,-0.8319603878392511,-2.874954617941392,0.7988248085632804,0.6837459749934381,1
-6.596711702909048,4.702344190710804,-1.624276596206746,-1.5576922663153587,-0.5915689442031113,1.05790063043834,4.100895598541725,1.5510706441988202,1.1979019139234903,2.341481666360072,1
-0.3103776228454234,0.18765691058743839,-1.215211417918324,-1.9788953479157907,1.948630445467659,0.5652182696129334,0.44947209242915453,-5.666914733104073,-1.0996890869355247,2.0438027117451565,1
0.8504073319286406,-1.351773139119243,0.1109277775185076,-3.284383746296709,-2.7033971887419463,-0.5272172245625651,-5.755012959585222,-0.13327345516079925,0.5011987056892226,-0.2139533785096861,0
-4.372394739588165,3.2597572463327458,-0.1778111086311147,-2.0872035866523158,1.6990999637033668,1.2298888717654979,3.5545723078780505,-1.7009123396820152,-1.3970989328304888,2.723134390248833,1
-3.919269019706602,3.2721881645614705,-0.010487428610663733,-3.1833837261857996,1.3623245751323565,2.7787290080401177,0.3729720704732317,0.4778690405167805,-1.226876921214511,0.9798805002988055,1
5.625835708096563,-3.261788388313575,-0.6681123996330307,-3.484313022480139,0.01252520944193436,0.21214605618291849,-9.917035648456281,3.5796174256058717,-0.5632163855275838,-4.291607026701611,0
2.281809656066618,-3.597721641190944,0.3065462765213995,-2.256032474470793,-0.9952731712021904,0.6946788733516638,-4.697848518192111,0.32891893248431336,-0.2674362157878161,1.306237445511771,1
1.7559195956611036,-2.541136805865702,-1.239229843952728,-2.1212756470342153,-0.616143459401554,0.48289628236643467,-3.7842464260105,-1.9576821840191356,-0.4767324706503288,1.1288244937044016,1
3.123275576690394,-2.2951444564430865,-0.1547756739367732,0.3877947535426163,1.3781174851575655,0.8935024506970072,-2.1329363348194157,0.48946891328709885,-0.11098553427108138,-1.108692280550466,0
0.24239438214148207,1.26669807296254,0.06627506608256131,-1.7705353082144135,3.687486042148204,2.98314451345903,-1.2699400767148095,2.6755164414127037,-0.356756485766788,-1.8429089473119518,0
2.510088404425902,-1.7839039151895815,0.7512506631054899,-1.1857342856817963,-0.35975639031181084,-1.8032881319770933,-2.783500821832987,-1.6482892953756718,-0.7906351034457483,-0.41661318485373977,0
2.9308614293172575,-1.8596920334543297,-0.7483776939374609,-4.191703487825885,-0.5151153678458712,-1.649229324425896,-6.542846614166925,0.8938693732134069,0.34994483142526267,-1.3193581065198732,0
5.419897939185482,-3.0507830869955646,0.11789559186044887,-3.345695416312295,0.37525627207002876,-1.3086881684589087,-7.963177591096996,-0.9203708616551002,-1.2352195706352989,-2.848443197886056,0
1.3006760708549334,-0.3192960637607565,-1.285965486629445,-2.026055827295077,-1.992685982713387,-1.1032666082772387,-4.823145670535715,-0.2678960880305781,-1.0920609349254446,-2.0270619071444633,0
-0.9399429451868182,0.6996258423226183,-2.6195050832457616,-1.518970632679825,2.2189922419582704,1.8506562897724281,0.6470969250326305,-1.5728220948463663,-0.08088372172354036,1.2389468625103865,1
2.639231484112464,-2.0653079996744803,0.5475036779866402,-0.81525838591069,1.9834275444741065,-2.006304448757819,-0.08080779492297427,-0.6487232897952078,0.4337901587116489,0.9032328707544613,1
-4.231503146325192,3.0667792460059573,0.9001002002420223,-1.4020193596993835,0.1931953496490364,2.092430437954536,1.8732153622973124,0.8681431589996773,-0.9540593420202919,1.2621253402758792,1
0.8714179946529637,-0.8636994587696026,-0.7850270002020256,-1.050432545824791,1.9472450843794118,2.6532308871602446,-1.6714287473197285,1.869994116541697,-2.1027889121949874,-0.21905436455639937,0
-0.67650663347473,-0.8624607520296697,-0.405151874802948,-1.3337218665399622,-1.264232895463708,1.0772957604297442,-1.7084246075642908,1.10607310526987,0.36026499762700365,1.2945445965393747,1
3.6205105185529574,-2.0671381924595966,0.7408289758299179,-0.33681516273181433,0.9410634755547764,0.43067135432651593,-3.834327098522611,0.901056260094619,0.5831627124828029,-2.333687082794753,0
2.263397128104454,-1.0496502554758682,-1.1166796150518914,-0.8231543061649952,-1.6363269617127714,-2.2876733382554653,-3.3719205583133625,-3.3083241443402542,-1.5552834055587745,-1.4042399526792204,0
5.381199976859034,-4.054370224987704,-1.3292310545303723,-2.9736248990372367,-0.9521711771738959,1.2278056222694929,-10.182541482147279,3.1383944881937875,-1.2145270310881418,-3.485546938989886,0
3.6421429567989048,-2.279699964710037,-1.1600373698625195,-0.2935108691892867,-1.0443091305591332,-1.6060840291724474,-4.132044418286454,-1.9046099452515772,0.22674809693284917,-1.8816073596397915,0
4.880660965101043,-3.772752815360236,3.1580734261856236,-3.8094321252936387,-0.4707849329772693,0.4953984611347457,-9.314424183428583,1.4826795056547173,0.6082426625071672,-2.2999453493677295,0
5.098595893197059,-4.307296159008809,0.2625778598974419,-2.2989153029964164,2.6050908338850256,-1.4743903156647122,-3.6189060694430735,1.914021205268088,-0.0033705825603430354,0.2930319289734318,1
-0.834339934787127,0.381914823733825,0.987327129510452,-0.010104810142526732,1.7968460091309923,1.9162311141713697,1.610977944511267,-1.5512075802518674,1.1174752515841184,1.2250971776575763,1
-4.330281527833621,2.799309563267858,1.1875899493965252,-0.6753732915684209,2.895097626102885,0.005830104625554444,7.059126553624171,-1.7109828050244933,3.139113997281344,4.3302462595505435,1
1.7620876663952785,-0.9265235553810531,-0.5249089867407795,-0.9300281154691793,2.729941302959295,1.0152819625711265,-0.9164668339370019,0.5868650885485557,-1.6960828315368353,-0.3555242395682605,0
-2.6664208058543784,1.6390150666872845,0.18721001848413446,-1.05134772235922,-0.9903316390301371,1.870156579254035,-0.09477550775476487,-1.8600533038527491,-0.8339862664589361,0.8865805227562115,1
2.5469966804416244,-1.6812939326601524,-1.369530489384829,-4.410437573121559,-1.1279660180772264,-2.079188823984956,-6.500515893509118,-0.7013794749579966,1.926275237011487,-0.8761999048806793,0
-0.1490396948093261,0.28968184108050665,0.21747651411643756,-2.493740860279758,-1.1406687949475192,2.8399645127595123,-5.003817728406568,-3.62004081814556,-0.07902228120671985,-1.0591503470289334,1
4.145890348195801,-2.460886698856112,-1.3460946487206233,-0.2710437293054393,-1.2661112423686463,-1.0560951520737742,-5.339462695106742,-1.7599703197808538,-0.7811106645917562,-2.73403550150573,0
-0.7139718572658157,0.2688355667345028,-0.5316105926286702,-0.6122125286008523,1.4935442914272123,0.04669620273698705,2.0036210425213583,-3.4657000161391,-0.34501572027673644,2.065615911638953,1
5.239392809710883,-2.3605337959746286,0.8693147496340548,-1.5309407957658856,0.3734698576478783,-2.4671294056106716,-5.649604027090483,-1.6484313528517929,0.0828228911638376,-3.2248134014525855,0
-2.707369026876952,1.5917947356107711,0.017688064918399277,-0.1889430370124774,-0.37924517711530226,1.2560915640287915,1.7706298864944303,-1.503178254352763,-0.53526270451034,1.4427677638442424,1
5.267577229926414,-2.809066240186695,1.0126884626657082,-0.944873195509875,-0.012455120034012834,-2.379155996194603,-5.153288132420215,-4.114066169080989,-1.196803155979558,-2.4396423174012978,0
1.9882953361063487,-2.9456206270151544,-0.5212665973235866,-1.4061497866752104,0.4817125398649118,2.587301203042244,-3.7846504456569097,2.056895981063834,0.105162305693403,0.5097977982870896,0
-3.242567346141828,2.5169646183670773,0.02946571864601922,-1.3096249563352322,0.5410960047171794,2.8373631750148522,0.6340343665165743,1.56165790610119,-1.4527012227897205,0.3415104912878688,1
3.1226526999314586,-1.5665545785539425,-0.23533263872448668,-2.6878518994316343,0.4331934737252856,-2.4420478554829805,-4.204339710552934,1.3712811229333037,0.3139732739263047,-1.4873663343018457,0
-0.7660250864886047,-0.1653667998757844,-1.203293303222857,-2.913655181105195,-3.6750400986788363,1.143551579276457,-5.960406488309972,2.336344484534706,0.021458174227438107,-1.0040013093455395,0
1.4636246685852055,-3.245316668345617,-1.8403785910958146,-2.908168015460359,-2.1634646823958343,1.0679515287805303,-5.6551965056999105,-0.2679567546629029,-0.09119664726125092,1.466118502296437,1
3.1465041623358383,-2.626907151348435,0.6999533570192012,-4.048271322230824,-2.260792128650992,-0.06559104786299153,-8.910499249280353,-0.7855745110244371,-0.7108901786657875,-1.6621741989555687,0
-0.5260265669182677,-2.075417545075672,0.6469199253554921,0.15891100965778016,-1.5370287954843607,1.113885859682481,-0.2143672981436742,2.8210468640793454,-0.38978127404200713,2.4162802305546482,1
5.280127966721003,-3.3383365434922627,-0.7898539610919716,1.3843197315005624,-1.050962376937329,-2.9940690787684114,-3.356469438432762,-3.6420765223031206,-0.16045165489449617,-2.176685436421774,0
-0.4765987260060477,-1.4073297240501372,0.5724107364318094,-1.5974769850777186,-1.1270606822875067,1.5246384298848956,-2.1085914240296963,1.7151585607022035,0.5301843272519986,1.654696250600347,1
-4.8568870319340025,3.6895921984783038,-1.1617605033749558,-2.553623729448478,0.9062674188896345,1.9901256440035553,2.148412566313999,0.6194188664571945,0.6523126099391396,1.803392017632292,1
3.8820708977098057,-3.1794605557089657,1.6703571847542045,-1.2959295430279834,-1.8100096494805955,-1.7711768495382996,-5.333264162944158,-4.437019394667585,-1.014430410967562,-0.7227043079213318,0
-1.516171788959242,1.3356503116465837,0.1680925754107817,-2.016604653924419,2.4994486446834028,3.3635228436255202,-0.16427033323075968,-0.029465625489341507,0.967299566181423,0.5550895784853846,1
0.2242049395346224,-0.6917246566603648,-0.8174096116063831,-0.2019434610183959,1.6676529487956346,2.6514177866722175,-0.19915956592408843,0.17428787291274617,-1.5210979022372757,0.6192131336867925,0
3.1240967075968014,-1.391512738051504,0.6750818408121937,-2.063635994728228,0.4467963954902643,1.8910212957542871,-6.64554679292507,2.415762078610915,-0.2332020300591821,-3.5006279064372343,0
5.335208255850785,-4.309031011707666,0.7861152043053156,1.4489481855714978,-1.7528718283668592,-2.5628100246621104,-3.6796561306840068,-4.764190480803691,0.07529073745357405,-1.0891869420721614,0
-0.09542863689048384,-0.04423030120847349,-0.7435291618987475,0.6328034407908754,1.8590612754162836,3.53651896707502,0.2038108707571724,0.8587917750794566,0.33549365214939025,-0.26038021793934685,0
3.510120213239,-2.2267985275092315,-1.0512963721967525,-0.2294009912898578,0.4355717749669661,2.171155701562407,-5.321975876597313,4.077984358967103,-1.7328387541717283,-3.306761814180055,0
1.3402866780314868,-3.6501329055081144,-1.0085687066084232,-3.6457343391579076,-2.4494725424707013,2.945197027577078,-7.571642905717664,2.1606695392629995,-0.4000556524093581,1.134553590624784,1
-1.236527148150832,-0.05096750268933259,1.8588559982040431,0.26083890109245433,-3.7661148601098775,-0.713617876075361,-1.086146915617452,-0.7205661567039285,-1.8372639073682737,0.4677158620799178,0
-0.1841492933862588,0.9202582348514121,2.500261467980086,-2.1657809414420566,-2.0393068468400184,-0.5423817919267077,-4.06594247641557,1.9271243602010864,-1.0615009876346724,-2.1641111047615356,0
-1.681385591739983,1.3832247806377758,-0.2155423209189128,-2.153392585565612,-0.34892627114426245,2.7698894109837733,-2.433200844501943,-0.9527316267114366,-0.904503586443227,-0.34741473048135085,1
-1.889327247382961,1.3553073924968941,1.0496870190091954,-1.296320795349414,0.5758422395565237,2.1535624266155806,0.03793054072113203,-1.5600440720661644,-1.6425881343852125,0.7620737224823366,1
-0.1122868384590878,0.4925932918399303,0.10166511757086046,-2.8050706942169814,2.8057984963413265,2.171162662780099,-1.2559553906189413,-1.7888367468663864,0.23620051232882802,0.5502349097810325,1
4.486985118019174,-1.8094837528455916,-0.4556045025388133,-0.7282848314849183,-0.549910898289776,-2.4426179403385997,-5.095213411273233,-1.1211353146367002,-0.9518014590450429,-3.5050295898998707,0
2.7615040402739766,-0.4044667874800061,1.186073075353902,-3.1441688804330092,-0.6879395795042378,-1.5779602222773295,-6.341711166565977,-0.7647439736562082,-0.21131693307716393,-3.2274529789053004,0
-0.4432468211125583,0.4144297645351027,0.2864962908089394,-1.527534985813744,1.7069203011537861,2.212316927925433,-0.6147916131876067,-2.373239210264681,0.01001534003679044,0.6324418500387667,1
2.489697002348416,-4.342294732599912,-1.562325869192201,-1.6174046141714884,-0.6755628041240135,1.0253283912340403,-3.943802502067892,1.5990843700168675,-0.9219880363264148,1.9342875451610395,1
2.2970833333080103,-1.313102141726899,2.8975389901219346,-1.9514809555240922,2.533249070034466,1.465822803869378,-2.9285291593927565,1.000119073090445,0.4419054540358364,-0.8661015474816753,0
-2.9655304295714444,-0.02673189130367315,0.3959857427687619,-1.5343766110956074,-2.8204337529665526,3.3244950119613907,-2.1057617060207816,2.5260837234449314,-0.6082334923083494,1.821989355839452,1
2.8277312486899753,-0.548437120418402,0.4554008401944966,-3.241104908401387,3.162305572004347,0.7544059025938915,-4.411779017555719,2.8802137131978283,1.4538591044464073,-2.5458429526064337,0
-7.564905110517545,5.188101237398143,0.37707471692532485,-2.019007620076601,2.1389597198108716,-1.3800532482458339,9.236150105279753,-0.300131959144905,-0.48894142215976494,5.717796866605926,1
4.748513085776594,-0.37701008562237237,0.8891901693541645,-1.6024773791109228,3.2720065470883553,-0.47943798431775697,-4.952890275923817,2.8190024251710994,0.953007957373568,-5.468050723334916,0
1.9706402410238713,-0.40058096999687387,1.0030059427628075,-1.1968170085919887,-1.514709598530146,-2.2283356844361064,-3.8529809205090966,0.5681747617874531,-0.5211606902358986,-2.5104241020511067,0
1.7551692795726122,-0.7046427614750176,-0.0492096920777383,-2.062514414577734,-1.1686239821092843,-1.4694977485999885,-4.178563046512613,-1.2238471027027138,1.3632901651657772,-1.4408393034276572,0
2.477802061270167,-0.6803669641517017,-0.6999829059921012,-0.7762980087595514,2.433488744119258,0.5584374043328377,-1.8882179301645197,-0.9281505560051118,-2.0255393311311796,-1.6311129603434398,0
-1.3714624466842205,-0.5351925606832177,0.21244469502618943,-1.6226772769011235,-2.8565082516567237,1.577433772166534,-2.889218575101892,-1.2272942515684937,0.9199053580205259,1.2927918896339934,1
-6.578041763509049,4.800889322751409,-0.011272619114382883,-2.0992411199467353,0.8383115412410888,0.7252824934298413,5.2015261221012326,0.6719554311064813,-0.6722294739609729,3.1863010381078887,1
2.114842353539146,-2.2783823283690205,-0.07048732642763517,-4.480021586827399,-1.8479487280680202,-0.47386972489380885,-7.238018582561062,-1.8924199080512698,1.1024406317817634,-0.0012118287014608597,0
-1.2056027204799455,1.1372591333298985,0.880730903111228,-1.388096228439579,1.9077551542986082,2.7004241761487338,-0.14438566000842956,1.0391075386954416,-0.9291798153427165,0.08860333835740097,1
3.4673166678138063,-2.5185853208385147,-0.5956637016725386,-3.188444461259623,-0.7638499159628166,-2.448448287191684,-5.568168998638295,-1.6265150887018052,-0.6865497441781847,-0.648020413772702,0
1.7502540738601156,-2.8514849910774087,-0.2094030684940781,-3.440111918312663,-1.6811210398670169,1.2795860012323907,-6.421494773765082,-1.141030319174809,-0.09890668677035269,0.7453228030358836,1
2.9284846611099797,-2.0325920584041617,0.5100277816442633,1.0238792942410115,-2.1728259795114866,-1.9306338535189298,-2.7536117820517627,-4.349866950241374,-1.8384221547483004,-1.2842179121487343,0
-0.042758435292576516,0.37271918378870095,-2.5835193568450343,-0.3657092851225938,-2.8071501272636166,-1.1930033475419246,-2.4908512449689986,0.03206145441258679,0.5957090626280942,-1.5092092350084545,0
-0.20578271095893721,-2.8261161000902986,-1.6174807601650658,-0.02250139585645572,-1.2050593391086435,1.918723574005834,-0.3489294332739368,-0.9385353863043937,-0.5656284369484438,3.5797938587715716,1
-0.49192372180187793,-0.6288277863516516,0.959173625095324,0.948708009632512,-5.082855926228824,0.5057224951928592,-3.3150609461993716,-0.5879385756762057,1.0067496355982357,-0.9898142280062281,0
2.8259849940688393,-2.105518979132488,-0.9415566811796708,-1.1432276076761596,0.9968553364751126,2.445578882558121,-4.763088870568146,2.846603627431736,-1.5228997141388207,-1.9594774545674936,0
-0.8335300070681849,0.7231360834157906,1.4575152119440622,-1.3843120338959891,2.897880829765466,1.6638917100142065,1.3577711954680272,-1.0751331128886485,0.4614597040389351,1.358168022017332,1
0.43925116111859097,-0.2833276293951812,-0.2823016134961476,-1.9038742625133145,-0.6200347681200387,1.1975999384585152,-3.3662143396341757,-3.9822824513662956,-0.09335437128604555,-0.2330369401516008,1
-0.9489740068570888,-1.1391785152508604,-0.7637695166002206,-0.22754441041178364,0.05143774791152911,1.716961906251615,0.8768070369499131,-0.6517163194216318,0.1823163447279458,2.8187589515603957,1
-2.078459303082487,1.7383466807499977,1.5124982675088734,-2.684382541091135,-0.23487156559012878,2.0047888439710517,-1.858951567317295,-2.1027804093664706,1.206735195739604,0.2812419471910519,1
-4.789173627843853,3.6173008932376147,0.22141059728852408,-2.4870235448210924,0.9966004983155481,1.5834670534017639,2.569151216090589,-0.2890232629214744,-0.3060162593896654,2.141365858739896,1
5.931471375137104,-3.1128558899855028,0.6826527175642255,-3.2353082053633564,1.109330816482543,-0.5931060400939647,-8.504426307748012,1.7311729137896377,1.0071968560019282,-3.8786445586201674,0
1.8021218862986013,-2.431977370164546,2.2814376451769274,-1.871250768232262,0.013973521131231514,3.119574535914065,-5.000262289935205,1.0703987063037328,0.6589847334742065,-0.23235596410009252,0
0.38464896936123333,-0.20033098799901472,-0.6218954749588583,-1.6125833840724164,2.434648375775038,1.5868883519830033,-0.2996605378241357,-4.155625541405119,-0.7337298583625037,1.1613597933954476,1
3.201859010309115,-2.2588598024762816,-0.02181879686992613,-1.2771654722166943,0.2655792168285871,1.7869107484559827,-5.58831186051795,2.0611974855314354,0.12621846762010605,-2.3239733902810302,0
-0.10505835979432383,0.3992934874570009,-0.1774740884123157,-2.688904474971263,-0.5782236357869379,-0.4579023380796905,-2.9374846842234317,1.6656090016821832,-0.7930728171948959,-0.6843998557142856,1
-2.683067402150492,-0.7702186775817225,-0.25431011527797415,-0.8012393141481665,-2.4620703217021576,3.662559591901216,-1.2161236313700643,1.8395481758880274,-0.6438487710736684,2.6573825949107137,1
0.47062120683444436,-1.3496087337135387,-1.652830220784731,-3.4524011522176616,-1.13612461123246,1.2543513989602617,-4.93716647537173,-0.6308886633632218,2.4178825780364845,0.6492555106695383,1
4.670771386674552,-3.64961841706968,0.3578254156223773,-4.539027247559471,-0.6622530098184285,1.1143301332962077,-10.42907820175982,2.794790312511474,-0.7864838042565948,-2.640681151198016,0
-2.7116725103748895,2.0694352953260156,-0.26081585553093184,-0.6567244077380695,4.286442194411647,2.9724550799665908,4.312431419409959,1.7806824590142956,-0.27089983835511766,1.98793205019684,1
1.1202495391337859,-1.178464113667005,2.195285063680741,0.5374041966512535,2.1563080610392973,0.836459172311113,1.3521218331105354,-3.3631575709479136,-1.289025227630941,1.3706197784115153,1
1.8633384995113438,-0.6386573919488547,-1.8351183421071198,-3.6376961293897474,-1.4711691766297108,-1.8354574581970524,-5.931191430172879,-0.507433910856863,-0.06564738490962613,-1.7551445131356738,0
0.8678707877468923,-2.618669537121159,1.3101188485969855,-3.399043778919377,-1.7097405673285015,1.9193204803776458,-5.973235737817548,3.6357799861950557,0.9888608893915006,0.769014203972932,1
1.3411198572088372,-1.18816498566323,-1.2622868177332438,-0.04557783962561324,-2.30521011837108,-1.3066796235830074,-2.7095228988517213,-0.1320136343294529,-0.8942798314073706,-0.977060756093468,0
1.8791549120239293,-1.4239768535022566,0.36650364774985467,-0.628565146385739,2.258911091840194,1.77530897543345,-1.1168758315054164,-4.834632170685298,0.7030493046860262,0.5790055836211321,1
3.676954416967457,-1.7261538395481266,1.0804483268291873,-1.4846638265312764,-1.1752718853517696,-3.2797818324475676,-4.534186548252145,-3.6806332283245693,0.7394795747363705,-1.9078793459706638,0
2.55099319912917,-1.3087345180312135,2.254382394035939,-4.068076544731063,-0.6252659882330481,-2.381453459092892,-5.685878488429918,-1.3601158968667073,0.41358829040200284,-1.0129429113480457,0
-2.3013065867473395,0.8383610236605903,-0.3978149274536403,-1.4611244961670602,-1.6085156070888464,0.999705917812392,-0.80494481810756,1.9698645178092753,0.002531936350243625,0.950676528901847,1
2.45993048155014,-1.8174127012029462,0.08321303627211424,-1.1117469420434987,0.14123892599691534,1.8069580268409038,-4.736581274226987,1.9965840421381529,2.1808201187667766,-1.9024257862133989,0
-0.7952632214207643,-1.0390822890773173,0.15851615768696828,-0.47009792696136077,-1.1841078862030947,0.8329147073864936,-0.2725080775284345,-0.6883950787933157,-0.5976575580599799,2.120475662573252,1
2.137197256938876,-2.0499669179974234,-1.4724128355850763,-1.0464368726278945,1.8946141217230943,1.1655007257368026,-1.8888105704201859,1.8309690899459587,1.320825750164865,0.12109107647329065,0
-1.868350223718297,-0.05271871056638133,0.8821816420175396,-4.796654996028137,-3.7670592081870873,0.07449639757832416,-5.298624395461989,-0.8202231945992035,1.5364629152898606,1.5369230282097885,0
2.758924658896288,-0.0714589777109762,-0.2748754392912383,0.9772016274029562,2.6402225418665175,0.49736900611343016,-0.9687877176580961,1.18217856578783,-1.4712436959042199,-3.352183371446352,0
1.9038743592425706,-1.919374594163219,0.6527431539021201,-3.964366374049915,1.3175602963512247,2.57431877350703,-5.9579442666458124,4.314210503148162,0.3391816709708394,-0.7201113082329887,0
-0.3934460087216337,-0.14269541117172535,0.3672747809945995,-3.0238940303570674,-1.5999342060638015,1.0618434590440822,-4.361689463821498,-0.24454008512239866,-0.2276012297894855,-0.11456640187901446,1
4.463493862004549,-4.177072268016757,0.23613816092522313,-0.8639148344612949,-0.8048297283532198,0.2608029788824884,-5.777450229612314,-0.6043886910771947,-0.06380455772744412,-0.9478799397942803,0
-1.2240581401341069,1.0350021707303132,-0.04856011481956304,-1.1061999280126698,0.705659510166785,3.0820291531382953,-1.12967917722876,-0.5266016343050249,0.7636425838823355,-0.2392316381687929,1
2.2994979147351167,-1.9913247613686142,-3.2112186104384657,-1.7658428528403816,1.1377240260917252,-1.0518904100775757,-2.117686234844257,1.8506176260372043,-0.4298816364356501,0.21334938099767098,1
3.6779537293756586,-0.818775554585784,-0.23786366688575908,-1.3041919102348043,-0.8103951653786421,-2.124438012203026,-5.453127811941489,-1.8336420910556677,1.8576972728134695,-3.854355149785203,0
2.2465972224822006,-2.3375437159812735,0.3578645563429395,-4.297747243813664,-0.014389190816262998,2.313836153219349,-7.4545404892471145,1.1884152817094094,-0.10834359239295796,-0.6774621659440715,0
3.742542857117542,-0.32351522705885993,-1.6211363541203592,-0.6904002271759345,3.545194656555926,-1.2462695110163873,-1.7308132265627583,0.5872464547704737,-0.05126961473433782,-3.237946155967255,0
-0.4256613490854898,-1.561954517005013,-0.08328580924512308,-1.4362010373499792,-1.6873268033171422,1.467539625072172,-2.479601828114448,2.08195755600563,0.9322829491231478,1.4777028704399806,1
6.314070856673915,-4.085218295994379,0.36810138544700505,0.4204647254088145,0.7016470872711786,-3.1791286488757042,-3.3718918627647945,-5.108976816211428,-2.3554231876355862,-1.3950585280093832,0
2.1582293666038233,-1.6276002638949332,-1.0474080504160517,-1.6688844131264067,1.0228170114058182,1.5433302580415924,-3.8083408784834054,1.001834387332681,1.03814669602009,-0.9760679847588989,0
-0.10965944834137513,-0.21653991454400412,1.9381158447244513,-0.05676344531612032,2.008517492151502,1.7510633044803745,1.2380619294057744,-2.4858192508680843,0.7957765740255877,1.3254526388991836,1
2.766616576593422,-2.8758637900855795,-0.4751231609787817,-1.9815053611987639,0.5909066605736335,-0.2503704353656675,-3.38679678522068,-0.3354543050082146,-0.014307061101270772,0.6501199416798541,1
-4.211412968318466,2.9150497204084482,0.15014666133810198,-2.0836568167291984,-2.0838384178567497,-0.8388428352911395,1.1767960229028276,-1.9665009199692904,0.5621028400329908,1.841105386382484,1
0.5934266286144525,0.5057136648630967,0.7934432954943101,0.004259478607689049,2.809244158937289,2.270794845457425,-0.08568077611271013,2.6144721869282863,-0.1623341860262142,-1.5188820529337204,0
2.8790010704398226,-2.2802734591273808,-0.6482807758522028,-0.9040342078341447,0.0999031996360793,2.488333255299742,-5.399942060369794,2.4286973443970123,-0.2079620078932045,-2.194502813894632,0
1.3507406178704489,-1.00399279442215,0.7271692217035421,-2.0388607277887174,2.046652927765267,2.4477564962603062,-2.978759939963792,1.9623211461058814,-0.5222008481316952,-0.5901967833610254,0
2.0952240386786873,0.42756455494490453,-1.5899306717542343,0.7368426384819302,3.5806682922844915,-0.2604688860429809,1.0813173428843328,-1.357837222043742,-0.3704449349966743,-1.896524797625406,0
3.061189473493483,-0.8219365378438065,0.3898654545349406,-1.6978276201159892,1.696223680691423,1.9291494857148865,-5.48001326938454,4.23017580616086,0.944322443120109,-3.9771116056919897,0
1.667599058381603,-2.750198723531782,-0.594345708009482,-2.1819931631444875,-0.21355792655968275,1.2681893646187736,-3.8430724034171813,0.27604070366616384,2.026988756200049,1.1650008962700982,1
-0.10713186800457464,-1.6270202288752715,0.5502538059020111,-2.423565437639552,-3.2524044235131058,0.12666094895502322,-4.4127752104395475,1.0052821423590181,-0.04352516292923107,0.9837001790463291,0
-1.2827165492611134,0.346874134420891,-0.006227678862969813,-1.3615105008953263,-0.06379726030677091,1.0636744450414863,-0.591592425510656,4.234366815080913,-1.4581508429458965,0.4924046250456937,1
-1.436972586025669,2.5306546403421804,-0.5739667311244007,-0.2817985733589228,-3.7878005589101873,-0.7067881192308906,-3.033023512489245,1.1058619840764679,-0.7355932450563072,-3.504525069326504,0
-1.3755059651719292,0.9682216867135538,0.08817880285877568,-1.6977091204428276,-0.3802250623415251,1.2739411038998738,-1.4076495680265908,1.3085228214320404,-0.6455083114002861,-0.06868010257547152,1
0.4220084895652934,-1.0399194904439952,1.3456541362851222,-1.1370420421021585,0.24291832770452104,0.7126933989971737,-1.2931962420066048,0.5729079549568001,-0.4401901839121973,0.7995785061202655,1
-0.08027279170487289,-2.2244751229601665,0.9619586625390184,-3.9251370785056507,-1.1444603557006827,3.5815982918906277,-5.53914872732157,-0.7263134541315099,0.0058240579232769615,2.1027101969747894,0
-5.12609764770801,3.02166349185618,0.569940412357366,-0.0444767705440714,1.2769612280841551,-0.45860514347803094,7.461043158652439,-2.7272834894247255,-0.48503207488165506,4.708533502128143,1
-1.019494638472398,-0.10072567931473952,0.5708051779029949,-1.3998819292407798,-1.2009068669427172,0.5454008956981119,-1.472731162239067,3.4713519640250246,-0.8538642677526315,0.4973024407409694,1
-1.1340102383027972,-2.4272327337743147,0.5780845089895115,-0.4438805895362783,-2.9301775493896836,1.8455921304745266,-1.398857441238736,1.2835980765066997,0.9474326483224582,3.244314227002175,1
1.24380353165177,-0.10519377979585265,0.3643089090167414,-0.19909217217400488,1.744953203188849,3.3641330618896514,-2.713222166681554,3.8745222882620416,-1.407960210103901,-2.7260787450509723,0
-1.6986468216659658,-1.0985583558308734,-0.9112061986223107,-1.8474196212194165,-2.8820058550644885,3.1544071281449746,-3.324422993868074,-1.1620137732493694,-0.06005485830131774,2.1211910419900333,1
1.6635310180789993,-2.413106058043469,1.0991675621278418,-1.985044919664214,-0.07476523034850091,0.6677145943500238,-3.222285695933511,-1.4363568903094475,-0.1971473310916516,1.195302487963691,1
3.9151410609577644,-2.4785067564776426,0.13486338020692476,1.1872570281634007,-1.8641204429328737,-1.6725500081470486,-3.6947914630184213,-3.8489451783391635,-2.0411509456604056,-2.1837557295133454,0
-2.9341269040460403,-1.459143423702702,0.3028749006584418,-0.37645622438589776,-3.3900261140060484,4.539520320860021,-1.7746459212125294,5.804263984684169,1.0043935609356778,2.673249728661521,1
3.800041744170082,-2.027469115234924,-1.4335068889800684,-0.36494353250550104,-1.2537817503619237,-2.9730938576067887,-3.79099957982285,-3.5394529400547814,1.0229255033526945,-1.8786841164948644,0
1.120408610877498,1.147034991592459,-2.086339906592822,-0.6100802075399331,3.769390896919278,1.4394029448948706,-0.3285030548145093,2.452083988967719,0.16135518823182887,-2.5017949822854484,0
-0.7109235187838875,-1.522398914508742,-0.1545783830187845,-1.5547368376346438,-2.428949597262782,1.6331716588328267,-2.8586646483630767,-0.5271778068765394,0.008449538558109804,1.860505497806261,1
5.1122379430936435,-4.359893487631048,-0.4681419325244925,-3.341993274151371,-0.022265553560055995,-1.420270090181222,-6.908868878420142,-2.4351745243610505,0.9255980528949994,-0.24180839206346505,0
-2.4655604866394167,1.43331312128328,0.4961616308888094,-0.717311364180649,2.245172871447515,-0.0449520317027341,4.566518669103201,-3.0088773067697603,-2.5974345162187507,3.3888555522466284,1
5.134028369278266,-3.465805443199023,0.8849626664124879,-1.6629597093305555,0.29423883968693865,-2.481461988040229,-4.950347372583967,-2.3554928773030595,-1.1143981929116682,-1.2502058592231495,0
1.183096107637476,-0.5418692675271006,0.13697004078857183,-1.9749120568030603,1.9351742385540454,2.2672501558957414,-2.6886659170434744,-2.028224856121478,1.0778227611621554,-0.3945092999973241,1
3.3643786554660298,-2.9427662295847012,-0.7010151966770869,-2.574089638096308,-0.851961501040171,-1.6576150471107027,-5.217128682919202,-1.2770153733527094,-1.178532620383248,-0.24605566965667847,0
0.6092288286886046,-1.2594469310783376,-0.4883132124733428,-2.2495595542162423,0.6924926247095263,3.980696719014777,-4.4046722487812335,4.298814927962694,-0.6094406290058797,-0.6158194342659684,0
6.438478931433634,-3.9527112908022537,-0.5723492376497428,-2.085096306175405,0.7905236533494513,-2.8169698886401413,-6.24960712591324,-2.655887447629669,0.28212652595460835,-2.1172195962014952,0
0.4954316149723382,1.5044161185708003,-0.8169057463704911,-1.1742551514146007,5.000131182182912,1.6232117769699415,1.0255275117695462,1.3927510010688655,0.2821637386138324,-1.2910575754270872,0
4.079919207337162,-2.1364996672160483,0.39883073120450924,-0.862639549585505,1.0301605401243679,0.34789156200326876,-4.8384241149415095,1.2423872754368352,-0.19435784667577463,-2.9024117219086216,0
2.3947471366881383,-1.6697400103559248,0.4231030518391713,-2.310774432432614,0.17118953176506202,1.357585945256324,-5.3743418898165976,-0.037620128832827726,-0.9520929023775087,-1.447596570802868,0
-1.5302861626341873,0.07721940956291373,1.1559001794174555,-1.4251499241613899,-2.277247195549626,0.9785212476286835,-2.0371810423033985,1.093323642967745,0.1590436047237478,0.7135290273963464,1
1.4607945783685363,-1.9248547447997906,0.6467820855611467,-2.9156102666917336,-1.9095183816441499,-1.4595262295431028,-4.5277638266653035,-0.8443174537906989,0.7711275687567691,0.5360749095476063,0
-0.947244579661887,-1.4817619894617708,-0.40146921448108014,-1.5780225214012242,-2.7308657411795876,1.5222667843564452,-2.802379049124245,-0.15403679825886862,0.12790916211779632,1.9987006247621029,1
5.2677681941167895,-2.827674728597856,0.22180473920770608,-2.502771892234305,0.5912148852450918,-2.7857010405310407,-5.869415212420504,-1.6524942399729006,2.190104779124827,-2.2552437503994787,0
1.1360286095063374,-1.0381388264068536,0.49507517883086816,-2.0655202864093707,0.3794047581812525,-0.7109106779148546,-2.0496954864297807,-0.8138280175143864,0.04223143725722808,0.5205728461323879,1
1.716213085625448,-2.0929249828956986,1.6412072166615346,-2.7456313335333737,0.15621378509178463,1.981850918526468,-4.842792902241974,-1.2985568946636148,0.48280186450417817,0.29249237738344624,0
-5.612138073015104,3.8580272671942986,-0.13465695978074205,-1.3011135069472597,-0.05491819771907669,0.2581397756968502,4.510910852182463,0.5955511016883501,0.31229936420360715,2.78663598604872,1
0.027123458739262994,0.11541612956020564,-0.3735596807976833,-1.3451248622477574,2.8793416457445593,1.622275480277732,0.5038421779364388,-1.1714628705563075,0.1601224816634518,0.9538670580567064,1
-5.066685109110697,1.5244370634006046,0.8017250016967087,-0.4004656720413664,-3.5718247918758426,3.597304204079748,0.22630359869311265,1.852565833004523,0.2057829114810756,2.302752428512315,1
0.29000229163662933,0.2532481035839904,-1.0667248176734219,-3.054834453580134,-0.04649366276070821,2.7773439089153413,-5.173923626749502,-1.4050450778181038,-0.1125151560132924,-1.4395800382255346,1
-1.7380006392412664,-1.5014189518405165,1.3108568630090647,-1.3603784302719428,-2.397813379709501,3.7665697850079334,-2.608438813310656,0.6060886879897723,0.08251910420798274,2.524298115033577,1
-0.36926334954269296,0.3811968251176472,-1.1461336221411886,-0.8580632931907484,2.2976643106805676,2.350240001205691,0.2706513763329569,-0.3506120524187213,-0.7217160452723304,0.4500867638636896,1
4.547132472873701,-2.2613777253003406,-0.3124173375111791,-0.14933134838269746,2.0022704314350563,-0.36667629565014503,-3.388119877553911,1.4686124181304234,-0.6230104073769434,-2.7818306036215428,0
0.9430198603362797,-2.708022387614756,-0.5320018754998522,-1.6062372554696407,-2.3556194408090154,0.3418324422575656,-3.809218108368524,0.9478850967931965,-1.2591794202018396,1.3361652844061804,1
1.905676282437823,-1.377542811641811,0.17227974771628662,-4.597881511548918,-2.9165048562233467,-0.8944061023164535,-8.47226538219248,-0.34595210187113246,0.14165422108858416,-1.7114247691530975,0
1.6193421886434292,-4.636304978628095,1.5516405281763492,-3.4925058692491193,-2.4288124850476676,3.145870338830321,-7.2502243635745485,0.6870160145264332,-0.17165304392731837,2.3933004244419185,1
1.5921940164495356,-0.0911431866991137,-0.3501729246834748,-1.1292355612538292,2.504523445713664,3.0170624794574046,-3.1060526772369395,3.7019295577168405,-1.925643024558334,-2.7015985365182984,0
0.5061452982095741,-3.437505516095218,-1.1707643466926043,-2.0846782474073158,-3.2001725525408733,2.034055849165926,-5.187382726117071,2.437888362676595,-0.3532274585042625,1.9226861805224387,1
7.846806455169433,-4.69336053503622,-0.8424737935365935,-3.2116237219973334,0.1759958514795006,-1.9301321638652418,-10.408721666895174,1.9031410267308568,-0.8574579097060389,-4.497881569341024,0
3.5263989077359343,-2.0244757409568344,1.0120309622323458,-0.04555553333204254,-1.4004354328149209,-2.0998963796810863,-3.953637146511973,-1.3436954072268863,-0.5433937298246726,-2.20884589195678,0
-5.078874550511346,3.5183521633472155,-0.5345485150959229,-1.6547030532785443,0.4388130444351426,0.5490185993948008,4.048609145387759,-1.7107829669723862,-1.0090056585251552,3.0131429774798004,1
-1.969211828209433,-0.2384836300855595,0.19048186908317052,0.073859462999468,-1.2110889433426695,1.4395598160280376,0.8508892718130135,2.427180972766379,1.3732288635426904,1.9731027857230097,1
-1.1140270206594436,1.4868497991382397,1.306860515979533,-3.6473691782623257,1.89171035947058,0.8054112317164207,-1.190367255862851,-1.2855121279902615,-1.2837172390377283,0.5843648078651084,1
2.8098738257804787,-2.008255626108915,-0.8075949276176789,-2.570344193901585,2.2404882446375707,-0.3728227384227898,-2.73969219141564,-1.604137092287361,-0.6472934525843181,0.36335670232562034,0
3.397687000560316,-2.7378445377595977,-1.7837586761873825,1.073374091282453,-2.1791970175735003,-1.0978859172669766,-3.601680030769348,-3.1462668243821748,1.4255356771528067,-1.429187345129255,0
-4.351074934724612,3.157190030868428,1.1653018662957284,-1.817301099697703,1.3390188094683584,1.1752084259721784,3.347184085168924,0.8753812553733087,-0.5295275414536538,2.2495746807648636,1
2.0938258904598612,-2.939354141488989,0.16332465474110114,-1.4373050785567059,-0.35353806169335433,-0.14785376825311958,-2.786207136143052,-1.2313607594265394,-1.4314087326522125,1.4079369976247103,1
0.694987385417216,0.03458343526939611,0.8842171709772725,-1.2695675798550277,-3.2132173231406354,-0.5192303245795796,-4.978865881911309,-1.1162727604985827,0.42238390058315284,-2.358923343921011,0
-1.3545667332110085,1.0568439075533145,-1.052986106374446,-2.426540026308172,1.5040137191160738,2.198971845394071,-0.6152550651762801,-3.248784668003325,0.4979327656021008,1.1819072604030345,1
1.755999999395009,-2.6302419139403876,0.05853173245617535,-1.1736284302775615,0.4133350609035613,0.1738732453449101,-1.76058340889314,-0.10895943896599958,0.7958501517831325,1.5444197924060945,1
-1.0501555754099303,-0.9812464602774951,-0.5283622790157917,-0.08897333516587591,-0.5743156820189367,1.7312609915599328,0.19057226103839275,3.025008841292559,-0.07808209771573828,1.804469765345008,1
-1.5449181881738032,-0.3747199399011545,-0.7890161780532787,-2.7707896847705054,-2.614152275365799,2.1987418505428113,-4.080829707567052,0.7267828573706985,0.31812909398027156,0.980656217086571,1
-0.7652199182019023,0.9808988500484487,0.7011297981623901,-2.3752860794943533,1.3587738544573686,3.417424015060658,-2.5302271526145996,-0.38301701243236397,0.3899774101393967,-0.610135841197335,1
1.2776946983734567,-3.737250203696647,-0.43184734381704165,-0.9111425052472544,-0.7433640934865765,1.6678018476399148,-2.2512194887593107,0.015286139816351962,1.3466759268360422,2.8677279135801093,1
0.48311109131542684,-1.4299125103458692,1.0678024979057037,-1.2210790088038572,-0.03360876813196523,0.9489495849805148,-1.8552571270644735,3.7650416212322506,-0.5464250475410775,0.572851713383156,1
1.2315695405009068,-0.7747523313471483,0.20568891737610917,-0.6161274645672217,2.707919418354205,3.2186288545123163,-1.2425107249651077,-1.868021988369681,-0.5412595737311112,-0.16399009425076794,1
3.748574251160664,-2.7036766123919103,0.8470599213816565,-0.8394829485901205,2.0160512634234946,3.093624340562042,-4.412479434156036,-4.768071366669618,-0.7726451901303082,-0.990777140918143,1
4.52020992554828,-3.4803652777285525,1.4766934307459842,-0.7099159284083731,0.37965459900717247,0.6759760265457785,-5.3322527616889435,0.5457609206487759,0.04103426005214217,-1.8582235961408404,0
2.623109443741516,-0.6394887545240487,0.44778695140476144,-2.898808424533856,2.481845545125088,0.30341636602507416,-4.034524499043854,1.7052726377731535,0.1460558482978913,-2.099705186020108,0
-0.48901581974942687,0.7256553918557662,0.05996947931600299,-2.470781116474626,1.091549370484844,1.5299315199004044,-1.7735312868487592,-2.2295189059992513,-1.2834034883112222,0.1850648353253761,1
-0.5806655558720079,1.1211023860555,-0.9701876365600021,-0.5322165439388383,1.6735378840571868,3.9530296484580476,-1.3765613990313146,1.6837257755190704,1.691349601502721,-1.6033296257653384,0
-3.695250312256973,2.6611575341017213,0.8537459575651616,-1.9352122702493293,-1.7421486456689208,2.360948028886477,-1.17609601375941,-0.26117358009922964,1.9754575271578758,0.17072920194530217,1
0.022742970601340562,1.0894027445272565,-0.06765277659878156,-2.8870206441418347,3.2952643828437407,3.2791905487575823,-2.5061727429423986,3.7064409431284444,-1.6183765656674622,-1.6186553372039376,0
-3.9573247954863477,2.698061532628768,0.5399175998851535,-1.1239253199947203,-0.1714761024854332,1.156745568529867,2.2486285270613413,0.18537525461092597,-0.07416620456121728,1.6373699801728783,1
-5.232167652083431,3.7930790176274463,0.9265004853115019,-1.6724581963339091,-1.1236806769625374,1.1061739840434153,2.054966426140799,0.2438591357169826,-0.5545346023296309,1.5160330337454828,1
2.0659001285287,-0.6782577133166046,0.23585808107660516,-0.8594424322502898,-1.3575612312896461,-1.8066247721644242,-3.5673246094217386,-0.4723790832851469,-0.5008128647598523,-2.1522280513202476,0
-0.014169999624403632,0.020053362247695272,1.0118431000426658,1.5537805282358788,-3.517329013045359,-0.5991884476746756,-1.5264068336648058,-1.7690884157572784,-0.45888309432936464,-1.4127806644214878,0
0.717363049203787,-0.5211020202485854,1.6607470181586967,-1.467486174539119,-1.0105960212199312,1.6685210665580263,-3.96177421548816,-3.4546261080051126,1.2586184290625015,-0.7857948146440461,1
-1.0163633388074726,-0.01365561494947709,-0.9347152018928379,-2.115624423323591,-0.6139431108123236,1.8026606959600469,-2.355542154623094,2.236746492459008,0.8699389499563367,0.45767928892408616,1
1.253768598946811,-0.5717053407287074,-1.1913690898049225,-1.683578912076284,1.085242456809246,-0.8616053863559077,-1.4863978475257988,0.9956567028604157,0.4379561089912478,-0.29447832829565046,1
5.655525964549794,-2.2111297856708894,0.12418161597007096,-1.5579949985914399,3.038516511078984,-1.6297678765629806,-4.546062994747628,2.004060787087469,-0.044519447930577986,-3.638962960576363,0
2.3256113488040127,0.5630629483568899,-0.19194715543278487,0.015323794792618362,5.098906753902904,0.20311585086920236,1.0040331693390185,1.4188536263202283,0.7187512431068305,-2.262541105880166,0
2.317885206876909,-1.5266810655224874,0.44090136349249903,-0.5493126117748653,1.5784089004163593,0.6504892151523214,-1.8051341285530453,-1.1621691024639587,0.16012206766274562,-0.507693488583334,0
-3.2967034293298947,2.0489349966365205,-1.172287570150787,-0.47480851899913357,0.6245887463936062,0.9348885385366095,3.278088148009004,-1.1010219909855854,-0.4145049424663194,2.250072138287249,1
-4.7560278492362,3.930360455468677,1.2863190129738034,-3.511588016051981,2.8407025360028824,1.5988055393755287,3.1834658538827454,-0.12160553578302302,-0.9267393394792822,2.5801492010402027,1
2.7456012630478663,-2.8470529037032013,0.4755667937267445,-3.0167578083420925,-2.2944775311143317,-0.2807091617177957,-6.96397292821267,-3.2031831369631565,-0.3191702171548069,-0.29871447369482507,0
2.7868922777820684,-3.164795794566798,0.6613570184612205,-4.418783655244295,-0.700591245713599,0.6986444200245921,-7.605642535395097,3.23593780655993,1.7443572357147674,-0.35156006257161887,1
-0.5058327838731081,0.42651744294243477,-1.610151165988709,-1.0430633863456897,2.8719214846541483,1.6202717147576458,1.3962652396992317,-1.4801074092800328,-1.0169124016784734,1.3444266373510236,1
2.386975016210677,-0.4603934845472919,-0.12870917681509025,-2.2328913157663166,4.25050011893624,0.36210936297139495,-1.429031006592224,0.9829209543499139,-1.0944333513488027,-1.0434403254068485,0
2.8375761706581977,-1.952909359961918,1.0718402579703703,-2.340520391694865,1.8142045803298563,0.35020719292921765,-3.608229443193889,0.05329203424687634,2.3975217182951667,-0.5245347144710576,0
1.0227194513385007,-0.9956007654376016,-1.2535631921902755,0.244243190302595,2.1111662363649737,1.723638135320725,0.29570955778428337,-0.42458563915464165,-1.5194317032828968,0.4470021009352694,0
1.842827361362409,-0.9820031418620635,-0.33913086014818533,-1.6103726790902306,-2.2900779439270864,-1.3683907066855945,-4.864823382629598,-1.6865712274808786,-1.8290987347292245,-1.713502802987439,0
-1.051918159575525,0.9036642410527564,-0.7331168861804794,-1.5669610276757084,1.6253245866759498,2.552907828999371,-0.4057223468323774,-1.5497377394027412,-0.7723894320358954,0.5455865809694974,1
-1.9202069734690728,-0.3941556050579387,2.6292382021284117,-2.323953951800826,-3.5238713054267623,2.1990511293805044,-4.090934100287806,2.167368815509933,0.83589415114035,0.8793626897945236,1
-6.270511304743747,4.366783676271141,-0.9696324352957565,-1.5160832019816135,1.0893879311307688,0.27606017701822716,6.067889583055754,1.0289611408104782,1.3280639623612707,3.5655017370256075,1
3.8723798229635555,-1.962653868465306,0.40588646541969775,-1.6105300813859347,1.9678376969363156,0.8199093124600967,-4.837054184730637,3.2132993433430586,-2.2551457211251944,-2.800401770007731,0
-0.4654596414740248,-1.9696063574444767,-0.03296891874162238,-0.8464068399515332,-3.58208801277396,-0.6424111869386914,-1.885662946875359,-1.3355272793147912,-0.4705827047089276,2.467133090674789,0
-4.5871623657238505,2.9387458157361674,-0.026915880789292378,-0.9457137322871794,0.03243405263851762,-0.31144769839302544,4.526456524896104,-2.2513485556699044,-0.0019846241380282945,3.2718922472654945,1
2.030839273247151,-1.350907551850967,0.24463442052791423,-2.709894336532409,2.015876105719699,1.6387628889477066,-3.758648615664061,-0.07552565130520561,0.47249556334278153,-0.4876404641935259,0
0.746953514533409,-0.785720054017945,0.3149086420026717,-0.8196577815981879,-3.482317329927101,-0.6753733291807236,-4.279240035151393,-1.3879051646472655,-2.2662776889761616,-1.2327760065344984,0
1.9723170485275032,-1.068231087974563,-0.6379317470088856,1.4274254485829805,-3.5267426688315644,-1.087882199064478,-3.704727590310245,-0.39025614319837243,-1.2930785944931573,-2.923846049095185,0
-0.6325987302016461,0.47381305835277954,-0.2214274927634512,-1.5068977877314147,1.2114792578437172,2.8368924237407867,-1.3239933406580358,-1.236907126856041,-0.4071498377934169,0.18055847072684417,1
0.10827821803103142,-0.4149639919436603,0.23813769177684987,-3.9157644839592094,-1.237404851093033,-0.8149011239976987,-4.113569588000712,-1.071782157867462,0.2662572073877487,0.5539901883014351,0
-7.801490383331608,5.5020832387194245,-0.775369011757105,-1.7787835382272905,1.3137472695042738,-0.491325191580531,8.1589023276209,0.5734871847888869,-0.6407560649927644,4.710533857900127,1
0.6349846283631508,-1.104310701823042,0.22871132527442153,-4.753303065066629,1.0473174424385767,3.6299834273706035,-6.203505206637737,3.4774085998333395,-0.5791725341077932,-0.2977614119844274,0
1.4925225392288257,-1.600162413059633,-1.4668259699385697,-1.6619498794978635,0.20211650216472865,-0.24383718712264635,-2.3524729818284316,-0.6771705829560042,0.037972653873179475,0.5237511974290672,1
1.8014163583132072,-0.4921745608340309,-0.5334852601458465,-0.4876812243480755,2.5392869413219374,1.521755381058212,-1.5200239083635902,3.048594728226533,-2.7861476877805345,-1.7978561766144576,0
1.2626695121662361,-1.3821170152407405,1.6253403121250998,-1.9691296312148814,-2.8092540482544175,-0.5525331160488612,-5.225680572348164,-0.21480368125773008,0.01416515938242159,-0.9389548386058495,0
2.6819999795180154,-2.3266562548537744,-0.07751606594137417,0.4628826800438939,-2.911333691792763,-1.4130566413545584,-3.96156879647928,-1.678546399024734,-0.45239632574553046,-1.3927651598792858,0
-0.9282447567160363,0.8293567257053474,2.521524430730786,-2.0484098273402838,2.8768284343141444,1.8439595230929988,0.7934484739451932,-2.7532125329634933,0.9669025365214522,1.5830462758793131,1
-1.7930678506797257,-0.5256232451244144,1.2231894872195956,-0.5657229198057675,-1.5368421723368493,1.6743799364503948,-0.3069775898830231,2.5922182967654743,-0.05322497504159917,1.904168085089358,1
2.602706184995358,-1.323115093253956,-0.22456196767248382,-1.0229182685893545,1.626762706916131,1.7234387923752328,-3.6250136723363964,1.5509784799874227,0.8877565837935135,-2.041220716560261,0
4.911439707203509,-2.916268553586818,-0.3948483695674869,-0.3974651490735348,-1.6214878003871265,-1.3141735957683718,-6.436960981340342,-2.644874612799165,1.2267854255586774,-3.1818293010336753,0
-0.3531900312370878,-1.3982583036719662,0.7981077130844103,-0.32405659684304355,0.9143058755509454,3.9686168533484847,-0.6129041020108567,0.04173252711689113,-0.4255573586497196,1.8126220265986244,0
2.9200839276942876,-0.5258928675914608,0.7730533060459779,-2.1379305366497565,2.1133097364610864,1.2510322518682404,-4.8351056165521085,1.6948187235382832,-1.3326856451477445,-3.32077318868153,0
-0.26426779092239633,-1.1430638040113161,-1.07224397066582,-2.9098238880222618,-1.8222029593663884,1.5755740787362815,-4.581355025935443,2.7639038433087366,0.8786601206329129,0.4465717074355795,1
0.5242405813793201,-0.08144533495316097,-0.4670784718230585,-2.6341488740667565,-2.2525614008495287,0.34084260829294166,-5.567505450310122,-0.42658736438065614,0.32894947683816733,-1.7432155987270856,0
3.283507859398755,-1.3156566152648201,-1.2989482605353901,0.9096814803009612,1.97418145951904,-0.2035517191187748,-1.0515636536862876,-1.6574637339609675,-0.40814452268976165,-1.8793493395739835,0
-0.4523217770442132,-0.47141872997091094,0.9402293058388486,-1.5395011229033004,-3.210591129824098,-0.7482827310598211,-3.032554817392043,-1.3790322823509933,-0.8591723578764829,0.39475423667819465,1
-1.2767795600419016,-0.051013633109489476,0.8456338392826221,-3.8243342461264858,-3.385954010899545,1.4601412271535306,-5.9167160739588285,0.6092101970223879,-1.3442009431401616,0.003968606666702401,1
4.514721840622817,-1.1843878873706855,0.2461924382181747,2.25742174546885,-0.5930323415895299,-1.820252673839525,-3.109467390575976,-3.059081923795654,1.6431862702990703,-4.643439043565881,0
5.692051880903013,-4.893516232627537,-1.4382485125368092,0.6781294006375838,0.3340793271437805,-2.945352070274185,-2.2075462968206367,-5.346908441419339,0.69588402210372,0.6020722215104821,0
-2.0329787804519044,1.5325737717044763,-0.21664932130436512,-1.4070070924995524,2.800112266999122,0.6966121926243735,3.249315249328089,-2.427278830482491,0.06735129778078071,2.5185500215126493,1
-1.2322582321147508,1.1995991193935902,1.0610354048659323,-3.0253165990080664,0.31773006953518723,1.1861959606034782,-1.9995300104853735,-2.3404630541653892,-0.38321462870234524,0.4081584518258541,1
-2.0651754130899347,1.3108499127485729,1.6085542367386563,-1.4757898926581026,1.063130912990367,-0.6387402760988214,2.63075908941902,-3.8843837236915344,-0.2249913540911673,2.7381462757112254,1
-2.1233711085972193,1.7000728050975276,-0.04045476599283394,-1.413758203623421,0.1294172081722318,2.569008848863427,-0.7245210169710831,-0.3961524202077391,0.19129937854282414,0.04090727051199816,1
-1.3402145827130951,2.5167447998807173,-0.19518395109929465,1.0679504541340163,4.853644402959086,2.543765132385324,4.500825329585415,0.4728406987792848,0.40986998927496626,-0.3451916138877482,0
-1.2963881885596298,-2.1116385320961806,-1.7860898641824954,-2.0937999642315885,-2.7782792605528215,3.7888900415803852,-3.9869955329766458,1.159064740668271,0.4114751047730993,2.526646686025651,1
2.896153792512181,-3.129336475059085,-1.2254545472189116,-4.058516402302958,-0.07359979641231473,2.8326196729594773,-8.27471153420881,3.7057004006245955,1.0679291018800763,-1.1149608728091356,0
-1.3286222678904627,0.13831254456202324,1.1268019242896752,-3.0119076986585496,1.0091043831816737,4.482966064795436,-2.9183417013037323,1.472844751540858,0.3939368139952677,0.7803584159576702,0
-2.601018259990689,-0.9876932131544522,-1.1469412457797996,0.6135706074477572,-1.8378176333972824,2.9901533843310846,1.0394124118219155,3.5897056858613654,0.21915982052102914,3.0494232127800736,1
-1.7639157188441081,-1.0346108775103047,-2.1343614284816708,-2.1622674806792257,-2.0381456126769986,3.956848868921369,-3.2277819994577883,-1.516032185348061,0.9684065655206932,2.3509423482287812,1
4.866284008517693,-2.7419507467462982,0.7873484208498465,-2.9390070500031604,-0.276887835100889,-1.60765505817053,-7.345298842762659,-1.814504038721492,0.23378496625334821,-2.558670070540381,0
-2.168795330491721,1.362256892435287,1.2726649275781594,-1.0552288965194165,1.9685442579636008,-0.2718722026072413,3.7133470067174663,-2.684541289214745,-0.06357935767012503,2.93564520941656,1
6.996532036797382,-3.5068243284101412,-0.6113143381520736,0.6829761966221422,-0.3078006961675932,-2.038307379277797,-6.336940655879091,-3.819661780231583,-1.9999319052774602,-4.527244348224345,0
-4.247044735781001,3.303296570478958,-1.293996879250124,-1.7677339664025113,3.1509748194316556,1.5247313612922182,4.732533086901004,0.4520405497070985,0.2654303760645662,2.726819579482794,1
0.6675652563956752,-0.6851405917527682,-2.8876138501461193,-0.883035525843272,3.8386492208462095,-0.39107155686768946,3.0069117060880624,-5.258435560859353,1.2285293164406268,3.0181980736428855,1
-2.369528692487737,1.9121166305057746,1.912349217592001,-2.4213649301821905,2.5121517915770872,0.9956537871618009,2.042654690155192,-1.494837133602299,1.190347712736292,2.1239426742728997,1
-3.9014214216604124,2.8801182508922687,-0.992615040953912,-1.999565054418334,0.7787569500701863,1.9780882282098688,1.674039125565986,-0.24398089872925022,-0.01681184682324336,1.5868510748339184,1
-1.9815083512435994,-0.097475227459203,-0.2856235405223195,-2.331523857748653,-2.5167300551633627,1.9631459094198966,-2.7925096014627155,-1.6634905298822757,-0.42670419347843885,1.7351215843308796,1
4.107124803660208,-2.3608703304993273,-1.034406823438497,0.24392434444698496,4.011584030990698,-4.029747907936196,2.1709988096910697,0.08872865054100876,0.20712803265232385,0.59892557938934,1
-1.1041139270391904,0.7195993543954202,1.3286614047875909,-0.6449014189675326,1.0261135450498458,1.826132675951183,0.4804862545889463,-0.9531919085483281,-1.3401220019276856,0.7096660472756138,1
0.5239459842572814,-0.4280554274530606,-0.6667243125754525,-1.4740029804526444,1.365871382354574,0.49486589775488876,-0.5080414264526246,-5.187758043357034,0.16994851969779648,1.2917340109986588,1
4.068880657488332,-2.8208920515293543,-0.22920892492544667,-1.2730992089191797,-0.37346001068126466,-1.644444401609946,-4.685091202547499,-1.274245953121148,-0.1650158106337345,-1.3993665456246271,0
2.3136126027106028,-2.005205597281381,2.2186469035868575,-3.810684598393951,0.15967306082826638,1.4917792030699852,-6.445858918141827,-1.201109598562347,0.5773682982138633,-0.5652893232274949,0
1.3582663262315045,-1.5597351244044209,1.5793342523839542,-4.229478618207649,0.1017307020849112,-2.222791939654092,-3.2744585024163584,-1.5659806579113371,0.2668115953271454,1.6337268707552663,0
3.605421870385097,-2.980686356695597,0.8298336916434127,-0.2670596090921695,0.47783106862902036,0.5560605035241237,-3.6648357472124693,0.05096250750121989,-0.8072727460262709,-1.037111772666677,0
-1.8723623154657463,-0.046174166450912324,-0.7770386858035955,-1.7751016292957253,-2.5479400885369676,1.5822545874954344,-2.4350289564844783,1.077189269824884,0.7541067526703427,1.1216898655453986,1
4.5790926052024,-2.757395519758293,-0.9211856309507295,0.5918792310777095,-0.11029271470766222,-2.4696764111361995,-2.8775024765752075,-2.705113695722055,1.534145570051164,-1.770502544763688,0
2.238203144034529,-0.2948055959252718,0.027957661115363623,1.0082344254885816,-0.9525415572796047,-2.844391451103623,-1.211586153818192,-1.3051976230592683,-1.045835602206935,-2.4328708051091166,0
-2.0388032597864485,1.4154441286821144,0.3616950993696815,-0.6443468971063642,3.2686002643834815,1.3052132049448182,3.9317040553766494,0.04893729697262006,-0.5857557127672052,2.284686946208944,1
1.9065009278564335,-1.1950031444456233,0.7442218991269286,0.16460486403149943,2.011717834543238,1.3542330654955244,-0.8299492288256207,-0.3614362903349251,0.3765247479395033,-0.5727688683821742,0
2.606563721342131,-2.8140040480194415,0.34801752381268486,-1.277840327957184,-0.5860607532520161,2.0964445474448645,-5.391852624086473,1.9205820044486859,0.4578330489222469,-1.0372621890505134,0
3.126037585656147,-0.7976581912933814,1.520211856692579,-0.29765610600153924,1.5710485411788495,0.8055511376619503,-3.5237700633274076,1.657763765942527,0.6507151024415878,-3.4578543914147817,0
-4.4984654661165315,3.225334549296068,-0.13920816432590252,-1.7974170425172091,-0.8394146468283652,1.8921578375092396,0.9601142771322442,0.2898676966008744,-1.1907234558638244,1.1006379273856985,1
0.9165839223495785,-1.2942862617545972,0.8618876757412228,-1.6567699499621884,0.02568391963442096,-0.032343223476192895,-2.092691207467568,0.8619796661289543,1.331481826457523,0.5486992048325031,1
1.9815835121122216,-0.8809056650507834,-0.36389558363425617,-0.9654809364776918,1.7895853262481731,1.4835617049902508,-2.4940396806848835,-0.12090787132631675,0.6208172009119944,-1.3066400377351215,0
-2.252719144651785,1.9355317645274703,0.9203460103519285,-2.7057599407584547,-0.4188319274933705,2.8013788298405844,-2.4629715674679082,-1.8504568532147743,-0.5062353352023726,-0.16471306804582198,1
-2.6104866176505155,1.402473295134471,-0.1307051188032152,-0.8521307017718285,0.30654076246184614,-0.06813048716429893,2.797054500113898,-3.266093755868454,1.6475550303938205,2.732212035741231,1
2.4935495058285917,-1.5767310055436383,0.18723107686529408,-4.220030551797738,-1.1017031081459838,-1.7733552068368068,-6.532702880712641,0.013563119486584618,0.3553688554709645,-1.1768228413323338,0
-0.33880556194576594,0.22838712445671727,1.4990454810416698,-4.526021701612722,-1.1021124865682268,-2.155879378905784,-3.434119189354555,-0.42155997592813343,0.4344766511841711,0.7426670581672661,0
-0.49662515243646665,0.3163621585487626,0.9947577615072151,-3.3424841759567157,-1.836319763281323,-1.235569363364939,-3.685275858772826,2.4763152780549675,-0.6806749972089716,-0.39091855111289275,0
2.842138226880767,-1.5681632291127912,0.5369495710876008,-1.5310490062275381,0.8228677664274534,1.586439719428375,-4.998249097803337,1.5359578081947587,-0.22394891762274788,-2.3688080200361186,0
-1.8931535177201138,-0.04292385037619906,-2.592808453869774,-1.909024706855342,-2.8494587384862107,1.3848155554825337,-2.6391031592131466,0.19256518029669234,0.5170182564641927,1.216884344981783,1
2.1753609870639217,-3.4643989046588706,0.7676513048565078,-4.308797173884422,-1.4901648236684035,-1.5801866807339826,-5.484815561547719,0.11135569350147767,-0.4764500619277429,1.9884657445738845,0
-1.262918946194143,0.87148167789423,0.07141185391531309,-1.195221404864935,1.3557961330404287,1.3544433593517828,0.8348873518276503,-2.2097581587122725,-0.08258846310812236,1.3007189111329023,1
2.0912875474710844,-0.9136129761840311,1.0895588236927098,0.499443304811235,-2.133056302905846,-1.1544699633275948,-3.238941866549946,-3.0323601498435604,-1.7200727322908453,-2.128538057044806,0
-3.865797005929762,1.0208504625157313,1.488499910290449,0.15328634408481512,-2.24984736353675,2.3912034161923943,1.3265513823746156,2.290293400179688,1.5269988083750052,2.1759107640505837,1
4.847758087051394,-3.262618651639863,-0.04800273167768038,-4.297299999096133,1.4729658521225175,-0.9687067456656249,-6.981416858493088,-1.0990157176755537,-0.5671882986127629,-1.0770655062278842,0
1.3683231238205025,-2.605566369459794,1.1830771811176481,-2.414857623806922,-0.5496616093306879,1.4510114616379401,-4.383260155111036,3.821265695286385,-0.026274479927417403,0.6202117485076503,1
2.6739804284078272,-2.093361616574441,-1.040610679884507,-2.881389460382594,-0.1036869751878362,1.4502509872644467,-6.510015509025773,1.9075219858551926,-1.0461440007576739,-1.683951965373912,0
-1.291576705552226,-1.3640078597938894,1.61492552532736,-2.2231911335599155,-3.0232890954090115,2.298231091815497,-3.877540374158189,1.7546277562400028,-0.008874243144477798,1.6707106307950286,1
2.537451019505728,-1.5468046592170552,0.4339619779648928,-2.407065345183887,1.3630499228467263,-1.2007717242331766,-2.9567771661805566,0.9311567950021946,-0.5166860988009366,-0.4982773447669737,1
3.5827099196458168,-1.5626738362154415,-0.40306778339484917,0.5479719288698406,-1.6916430425583253,-1.1478851150497689,-4.70364393076518,-1.174785430486397,0.18928374157543823,-3.569277741421781,0
-0.05377262417088758,-2.775279173514898,-0.30907923894350625,-0.6873626398823114,-2.043433899239634,1.7906674135731748,-2.2085618405497875,2.8746826056789314,0.3812138743848172,2.300835953642534,1
1.1522248217560962,-0.6052492487326961,1.0231324231130516,-3.2697554588480693,-2.5157428577680516,-0.29619487312796977,-6.656378348879712,0.40219479149699877,-0.20291064217102417,-1.9286184073362904,0
1.2614385963601316,-0.9761208202549712,0.9089117241666606,-2.3911860992950995,-2.0134660869562655,-1.1206826123605507,-4.625599475119699,-1.4282673323249173,-0.4458782152061138,-0.7359503025696928,0
1.6318343470921925,-2.253064919275137,-1.4458787459520113,-2.799229633192927,-2.940242702359691,-0.31038296766774476,-6.1746106676747985,-1.9188242930772905,-1.2330828282800503,0.005455243633945894,0
-1.9259752702667912,0.268842241899268,0.9038425628127866,-2.9547858860393887,-3.9956068637114455,1.207493902462713,-4.857688571555786,1.7241870722507526,0.5265764384642192,0.07909211094198598,0
3.5852661400408117,-2.3740973012287605,-0.6122538617073229,-0.8800541815323075,-0.710436991815158,-1.742341995591664,-4.0429941991199305,-2.9045968199270282,-1.1106037184657245,-1.2253486120416368,0
3.5335853983940795,-1.303610013057724,-1.1970278451187042,-0.8127969338390391,-0.9203456298756079,-2.9234303093977356,-3.919015590402529,-4.13940365322294,0.028898498319943386,-2.3022147552065984,0
-2.042258912957109,1.7858026604118775,-1.5406697256914184,1.2121287872625284,2.875590415577991,2.3873691250157587,4.434672485684734,-1.838120924141537,0.8305306044184286,1.3144079115313518,0
1.0778303463015166,-0.658749659999486,-2.145136244093181,-0.989908165011307,4.918937986240828,2.381912984176939,1.3080568463998403,-1.9437891446095916,0.9142130009833046,1.3660652582250863,1
3.6036693131793975,-3.851160949657912,0.042016603335285854,-1.9203718298703558,1.5817167762024722,-0.42596939992946004,-3.012918602616554,1.7139946092733374,-0.46358547363126407,1.071567329591244,1
2.1594600624734914,-3.3741952339436847,1.9143640484309277,-0.9721335894447732,0.3419080691454286,0.113816901565301,-1.9822005053240133,3.5195710861918355,-0.5354037031561784,1.4453802306298718,1
-1.8449804507534435,1.457216134967656,-0.14576844551003781,-1.7834489764068135,2.384122375384256,1.8578449972577342,1.443385917684917,-1.6115544675115847,0.7910709861135836,1.6043105965068933,1
-4.150108388642078,-0.5024026236628343,-0.5324659110452589,0.5805415707999102,-3.7193826762732765,3.843440149587343,0.6935210663692507,2.133568173350748,1.083389518816319,3.7277699309923906,1
3.84371610068958,-2.5266339931067883,-0.2946766797946561,-1.6153390490859059,0.6472605767381404,1.5420347410105884,-6.2902902136583,4.195002416152273,-0.7850342767125214,-2.9686201987152003,0
-0.1015486145323404,-1.0722997400325711,0.33820118647696773,-2.1898732086711115,-1.2540285834398197,1.247328794653039,-3.4160050501319272,2.5415595213913944,0.2256318746131296,0.4749359388792136,1
3.2875423166614843,-1.8647379858999016,-0.8146917670983592,-0.045605143372699386,-1.1485480817877514,-2.532484036648666,-3.061999720344893,-2.9101415468951655,-1.5770682676728154,-1.541822683333822,0
4.534322930326639,-4.861461437231167,-1.50460181268344,-1.6124289473995184,-1.0397660066292054,-2.1858925546180807,-4.566393284172202,-3.707861340696719,1.3250431463151797,1.301763567939667,0
-3.183436838718455,0.7643431743169189,0.5147233212204517,-1.828891270242974,-4.0581378102832435,2.1470407468944304,-2.7306224304531685,-1.451818359855905,-1.3707450838668116,1.3831123567691168,1
0.6486101078155153,-0.2732416187928206,-1.3560692429916057,-2.4925840836898674,-1.1000136382683197,-1.93156295996513,-2.925874061085512,0.39147005363722953,-2.4528273546879737,-0.3875273771296217,0
4.365265366384088,-2.712621416432121,1.4770224039902151,-1.5064258147416174,4.21148759882937,3.4502100255127046,-4.098967561782841,-3.345654487375752,-1.766528923419959,-1.1456259234896948,1
-2.194178198165529,-0.0496436344793707,0.14803075484998662,-1.722324506816594,-2.0668554923668,2.88885538963446,-2.3743763967514595,2.3851249162332033,-2.2272412075558146,1.2069847559372595,1
-0.9534116388222357,1.070039690979311,0.5554228527429601,-2.0760186060667234,3.1547394353340783,3.0200475174582686,-4.8610747057689714e-05,-0.33812632507132,0.5513603019033462,0.5851106507111099,1
-3.121382552613203,-2.4427829617059045,1.2066234083649494,0.33957491968315967,-3.7201041918637148,5.451070440354542,-0.8097202505733785,0.5361558741570216,-1.4660881056293478,4.815040658782523,1
2.437896496265866,-0.2622447716947278,-1.262842522164318,-0.8711531187534756,3.549881358726261,0.37917787966158634,-1.0902852344203282,1.1342898766801937,-0.40494788934748205,-1.9100410726872665,0
4.601958571454331,-4.8488709273644774,-0.5717150453217523,-0.5892406959110561,-1.7689151425536016,-1.792469104018671,-4.755798601347964,-3.063670775041221,0.9057220718679299,0.4913436286904056,0
-0.7381722130010347,-2.4057213231563717,0.7874940318864571,-0.7493427204021632,-1.6865128184426244,2.9579309761546217,-1.7986439463855772,1.467156011835397,-0.2969982074725518,2.8145179971362184,1
1.1719649352169683,-1.5985581253787102,-0.7068547044893564,-0.6379226036048499,-3.2249918757893274,-0.6697397900791816,-3.9441237583168425,-2.1072038859778113,0.695722046870165,-0.40916713989949227,0
2.285189689843271,-2.5096222587023815,1.2983700044467545,-1.675158552189692,0.7725135622114655,0.6183959348454171,-3.0437084428563015,0.22018115512002767,-0.9311594017501897,0.5210106401909007,0
0.06778790202255597,0.9470158832021123,0.3120670490885751,-1.9254986643758187,-2.668010668029444,-1.2671148701385089,-4.2955290443144465,0.6101757809272916,2.4186527483478866,-2.4739501970959275,0
0.5788947034773534,-0.0022581231025844417,-0.01722618277634406,-2.658792611838642,1.8163591451499836,2.8993780037445065,-3.2268769368444072,-2.904034566013545,-1.930785361029662,-0.3729128938928916,1
2.136404038565564,-1.0224453812427998,0.08264044798159674,-1.5222829254577432,-1.8143690336159506,-1.4944414490878268,-4.744576900248566,-0.14296086049712597,0.5970756919475536,-2.0841457990623096,0
-0.47506467822973175,-2.8468016387631874,-1.8440126216583699,-3.0457229364239398,-3.0589773910219207,3.475209533564813,-5.691170725986892,1.038068904547349,-1.6739087145441782,2.413130238206631,1
3.20467843308051,-1.2151045263584805,0.4342359392005308,-2.0596973625345787,2.118283586996524,1.470871713338472,-5.02230855937264,3.5867203330240076,0.028188283437192065,-3.0872728582225477,0
-2.955612374877086,1.733635045879716,-0.13536004063207652,-0.6124334681808487,1.4251315448775546,-0.10776581223819326,4.411507844328281,-2.5897847831691108,1.3712713963032201,3.2280757082887743,1
1.1037462419578197,-0.34584030354448747,0.22946463007966225,-1.4718704269405742,3.0108458002190353,2.52356318403673,-1.6872278811121593,3.343559184656776,2.659440258054182,-1.0142907530361747,0
-1.0388749179510726,0.48562108393504966,0.32441347084853595,0.07139541735048516,2.7549161779934273,1.970490094871242,2.8231467876816443,-1.3563623549088242,-0.3322510498068877,1.8238838480354613,1
1.8159035762375841,-1.4178208771665435,0.7302265725826957,-2.8992229175137227,-2.5326846224878894,-1.2968008483903877,-6.103020528727894,-0.46776419730775065,-0.05851409750547615,-1.2564026761962421,0
4.600705444431095,-4.720619022749989,0.7684374973966008,-1.9476485444877794,-2.0849072492415166,2.5376270306079283,-9.645463776571065,3.1781492946259196,-0.30109644443978495,-2.325612133548344,0
-1.605196448015675,1.3621899566721507,-1.3558930257612087,-1.8986657374797626,3.0817592777133047,1.0941341695911968,2.2342655240310965,-1.6809589176577018,-0.10330701666649811,2.0179558118724046,1
2.7494378721566095,-1.2240854273612953,0.45058298146422965,-0.4497020491007431,1.1430836131427178,1.7258395764577614,-3.8965597678099764,2.146701037519186,-0.7238175276494426,-2.810594541780724,0
-1.254948968037349,-0.8938719108527096,1.2823174359550897,-1.0951468318985351,-2.177698153583685,1.4530807356836721,-1.9124850107748488,3.5051281060600243,-0.5817771620085033,1.2581725524595682,1
-1.601682830343047,0.3970348584400518,0.3308907804877336,-1.8016727861723052,2.2897949672039126,4.4320782803102565,-0.2777854657853618,1.683929233438229,-1.3417053406759498,1.3741508891242682,0
3.1208226152372753,-1.2795982684909981,-0.6270304551895192,-1.094565796737721,-0.4109646197687078,-2.1799391931887686,-3.789124228940388,-0.676705972520066,0.16395389021146292,-2.227908800406261,0
3.4670177192937537,-2.5050335495667007,-0.40794363522454796,-2.5393288469969715,-0.361143789988168,-1.0721280372475124,-5.403745500806801,-2.9179725465250126,2.0943749724180534,-0.7831925779057369,0
-0.4069238201601101,-0.04225831361210819,1.2107192037321692,-0.01887200955164059,-0.5545912968691908,1.1017693733259453,-0.5197223894922944,-2.0976102651855957,-1.426196021775116,0.37826632182076025,1
2.3427146452948064,-2.790396462389851,-0.5738805396610188,-4.508572885547908,0.44528590294061177,2.8700309795106596,-7.639279383310715,4.521645798198441,0.4965738871826296,-0.6128450922052463,0
-3.9198941488599575,3.101510549911173,-0.5890308789061413,-1.975099415545535,1.0550171223824982,3.136950673681628,0.9903652723687553,1.3980461513245936,0.07638298968727418,0.73523823672566,1
4.1301536469789815,-2.0009718092262503,-0.7804679879042188,-3.0022410163065443,1.383174732825848,0.21596602625690675,-6.571865281414931,1.9407462179939947,0.04170100492912409,-2.940549313117875,0
4.452658919727338,-2.326041894586584,1.7598880157667738,-2.671744258065573,2.042841578611099,-0.14213517059780978,-5.731160064673483,3.0191634321273986,0.14837527728709607,-2.678128662331653,0
-3.0569923690592304,1.8509999862246294,-1.528040408009355,-0.07143253148125228,-0.11087049350502398,1.1445794860454457,2.4927242262323532,-0.21333709682377533,-0.9645255932833191,1.5561342729619436,1
2.8266093332429323,-3.353680857671335,1.20681858130932,-0.37118672538763664,-2.8468715072132396,-1.4340034476440746,-4.195114827477838,-2.1796130264373796,-1.1291160561174003,0.15060712108945395,0
2.0159011123512873,0.13098665805041532,0.10418609336157737,0.8703886293590317,3.804743411594367,2.30817754311786,-0.36831007908686664,4.8918470678661885,0.17418088196226977,-3.124405817853244,0
2.442275919615474,-1.53963727747197,0.22210536924228982,-0.7599148851297085,2.2550339930813594,0.97186348592565,-1.8815174763935938,1.327309281488241,0.5665881057303603,-0.8415734857470318,0
-3.007255469865911,2.104136021263321,0.17191790926597708,-1.7899929262041012,2.033972821104525,1.216616566228799,2.9474701867740514,-3.2033481787024334,0.9542352819851656,2.7512363667667286,1
-3.4670618196661134,2.5289948677625906,0.719791421832159,-2.1111262884581805,3.534294814110966,1.0503372451938493,4.5719369971073265,-1.7926255873541974,-1.9923920138568803,3.4415050937583684,1
-2.5593594590210347,2.1103242035165453,-0.34779112905266063,-1.8028637893607207,2.7346330811209145,1.9676168295272323,2.2563787594004987,-0.04554298704169324,-1.136134632871965,1.612424011280308,1
0.09797388095731151,1.7275191634252889,0.5175985956695969,-1.6320222460702352,-1.038831000260584,-2.3510210120701696,-2.42363870989367,3.4992751521566197,0.19432506813426945,-3.00332117470159,0
-4.825078534526404,3.732110758065528,-0.3897563896385157,-2.20619518027865,2.915120051621024,1.5277221504541258,4.663188298195263,0.8720197169705215,-1.4076448113550488,2.8169012233483874,1
2.8250943050236375,-1.6006225193348238,0.46737777684604814,0.8378410420427294,2.3581002404750264,-0.23906125572793502,0.14458328382349547,-1.6563034589586736,-0.8783390401809738,-0.49341727896347165,0
-1.0709235046519314,0.9356125117180175,-0.10937616975330473,-2.551468382198692,0.7784172794328137,1.771349462740594,-1.555511296449479,-2.582402274626939,-0.23317529784036273,0.5996504908916835,1
1.9070793839954436,-2.954724021659687,0.034752086794251145,-2.3660497855314104,-0.3494220056353716,1.186082135650963,-4.364401897781104,0.9275010547817467,-0.8075884349178397,0.9684964248923948,1
1.1234662178128811,-0.45639184578333447,-1.1483618256478771,-2.098003564144247,1.606781106020061,3.4390456121430217,-3.861307082951177,-2.0125486794504055,-0.7506566604287989,-1.0111102568626777,1
-0.07116140628855175,-1.135884494635615,-1.1360505978996762,-2.205424622563459,-0.40270664212661855,1.7608864157857567,-2.7539284819499352,-0.22076348092042286,0.5332001467565549,1.2275714804974616,1
-2.011890356598541,1.649954790883584,-0.8395608608844418,-1.3800047972250886,4.596832389088555,1.2089478014927302,4.457248852767105,-0.14617608532781978,-0.12399644788834857,2.670815596495069,1
0.8299054583188638,-0.35858488784478193,0.029491194598528805,-0.9092182213858266,2.961157819682155,2.1549340031920536,-0.49057762575898994,2.2551201310302895,1.5583607791381355,-0.3140848552095299,0
3.8661525041443294,-2.610787732026911,-0.4070360469627019,-1.7110477593625097,1.7604284758130486,1.2488447693237237,-5.006330265760097,3.2439754419823483,0.7948518354882873,-2.03890469835969,0
4.7428242688434885,-3.1190124716232153,-1.4070173807365334,-2.64779721161243,0.1604696041289726,0.6559793711290653,-7.941487459606147,1.6393771340774648,-0.6153330439689177,-2.9316365900321912,0
-0.19691763439148877,0.05973261469040603,0.35855784836819077,-1.2800327081549079,-0.04999805277973257,1.7489893118891042,-1.9310336472513863,-2.8698434423098,-0.10254633066146314,0.12100072162495246,1
-3.767463203463095,2.668051438645996,-1.2791003712610216,-1.817434409073008,1.3519706629183157,0.40289322616857404,3.4843326292204324,-1.9318119376691536,1.3196923579258877,2.817431529310264,1
-3.707044535371122,2.976290193688023,1.1573203874312674,-2.2940615415630705,3.06593078312606,2.200229521577671,3.073835383454559,1.1564247238728633,0.5138927177604261,2.0140550639023194,1
-0.06034065105109801,-1.1042246609116217,0.39205574829023,-4.065719098223285,1.5534121209324645,3.6732328240550367,-3.9549511355988436,1.7818334941363343,-0.2575019505319146,1.2814685907062695,0
-1.7808982678829195,1.2192491625756379,0.11157405505227999,-1.5817273454983063,1.1653780243840934,1.3934123851575273,0.8344243762053208,-2.3917823196300922,0.3856750168384012,1.5259914021208745,1
-3.3207528458793187,2.8242026232971797,0.6235203553783256,-1.5245594777226086,4.300765204596331,3.525995134200359,3.4740414641556012,3.793587796759657,-0.09438457605968514,1.3232098748081076,1
1.478171457594371,-0.808898764046738,0.05137608568018117,-2.168663621759625,1.8527379783992144,2.161214609565258,-2.993343900852437,-4.466613962632364,-1.169329846815045,-0.04586526191227436,1
0.8917742033105251,0.24211225885414134,0.6855091273963796,-3.135094361078309,0.5527270094071146,-0.7567076062509592,-3.418347680015425,1.600388041796873,0.5464503795186555,-1.2996674287266865,1
1.3992430271416831,0.39221252264398365,-1.984298449890609,-0.5424937648774389,2.623322298895827,0.7281672473774913,-0.7216498067847233,0.07238496652108761,-1.0301174234331814,-1.7251899556732133,0
0.9591654894222538,-2.002652069041324,0.37056732792271646,-1.5538760399754066,-0.6244774397212043,-0.03305956732138471,-2.2020071011535887,-0.07442177654630266,-0.6099799750411228,1.395079741957057,1
3.441318945777698,-1.8206828607112577,0.7921911853127348,-0.9270755390318536,-1.7345256522282937,-1.5626338728176274,-5.316552375457205,-3.3232567167939764,0.09068826604081519,-2.375411135160383,0
0.908717901647511,0.3071893817728317,0.30092443700754573,-0.6369046114213287,-2.838598357442453,-2.06256601609427,-3.484886153968459,-1.372099574562199,0.7658357137480409,-2.38302071907526,0
-2.7501071726886415,2.232453109831451,-2.609899364183232,-2.507380372812877,2.67878857276149,0.6119960841884978,2.727657642800555,-1.1729668321623752,0.36645180477525385,2.4054425542989124,1
2.5735290093371543,-3.549160381019396,1.2591800292817978,-1.3206180223367299,-0.1797446682090451,-0.09155324327871939,-3.0373603981218267,1.1720689581362438,-1.6479573488464625,1.2670057033370972,1
0.29502051065268936,-0.7090806825330299,-0.4310844764913339,-2.0386348727252157,1.4969467112429733,3.5751583104320823,-2.864055058017987,1.8396650929451406,0.685706026481484,-0.0324137329913079,0
7.0042114916029306,-5.156803467309711,0.7005091135757333,-1.0316851812891474,0.5396571957456033,-2.153024856280116,-5.98098845529202,-3.903495895297437,-1.3952295488901634,-1.3731209199951866,0
2.1371668209697012,-0.7559611047906595,-1.8621407592453436,-0.315758982389277,2.667290281215334,1.4879586742476896,-1.5411199316672024,2.9082643530633874,1.1754357565965836,-1.8319599587421456,0
-0.7644288276654975,-0.8928012123736989,0.7544004293190443,-1.4049645482012187,-2.9890510695762282,-0.37268200907189253,-2.3535839236776797,0.8154447844568464,0.15392581256534438,1.1633019012150325,0
-3.856950681128512,2.221167922137388,-0.6333480705013974,-0.34897770297214414,-0.684301704101435,-0.260038742459918,3.6689191127949976,-1.9186020111649076,-1.3898834220721428,2.7497593440269323,1
2.3486741212042057,-1.965569432939394,-0.7510073770644133,-0.7857310969398454,-2.0506561828207257,-1.4845461425421802,-4.040286666772531,-0.12215927167346519,-1.3024597108220128,-1.1295615059623927,0
-3.1627471915036027,1.908910431113435,-0.5804220507854255,-0.3804900181926141,2.450579659600945,-0.08687412817144358,5.806610252133636,-2.3484522502300047,-0.7521849713098437,3.748785797691531,1
3.754895873516001,-2.5789592270911967,1.2500032178517075,-1.44039987792739,3.0330806004109894,0.6720533043483136,-2.421438429021057,-5.289352187463846,-0.9562889126643591,0.3080106485743521,1
2.751334287797064,-1.921467531110114,0.9795982415768089,-3.4925812838663743,1.0349540416346328,1.5141784448625373,-6.179809461061832,1.419221309146308,1.5811102179086,-1.3951429149677668,0
0.30051392119487647,-0.27532345452624174,0.07262999914297967,-2.264364208871404,2.395206039113194,3.359595937021438,-2.426685242409286,3.4675456692644477,1.046909740924715,-0.42803719357762415,0
3.0887525723459666,-1.0144528621857651,1.0167258560044263,-1.8745322006026006,-0.30293531312299127,-2.640994746524505,-4.138627881730926,-1.8066700890899305,-1.4069690111770783,-2.1376087257982737,0
3.5990223498340037,0.18523707141667378,0.3649028563990718,1.940436641742885,4.623458458266281,-1.7264241421635282,2.066120350291614,-1.0159258882797904,-1.2988559037700649,-2.9887330718181495,0
1.8391514988212785,-2.2192726519908756,-0.2702653843413827,-4.70249331949637,0.09184463534508436,2.8164262848452086,-7.583207727980745,2.1908563088391846,0.0683204130081365,-0.4735917315592222,0
-1.8234702396738773,1.3590508125805594,-0.18480029890898544,-0.9770417460163742,4.395475135924657,2.1514750502048527,3.885338426879753,0.2114076243691534,0.5427724161721125,2.302717009368654,1
-0.6989286399974746,0.49148787484477996,-1.438304540665104,-1.804384898224559,0.934426346038423,1.4044573319012557,-0.7180778849577552,-3.1219943164437005,-0.6604377939120855,0.9485090337957099,1
2.1929960094026715,-0.10151994991997171,-0.4335768168619258,2.432003624447999,3.828187595964396,-0.015992753990605957,2.811334432781366,0.0598851454814584,0.91724892205307,-1.5270988306809488,0
-2.6785437646218866,1.9664732247853454,-1.4821275994549805,-0.9899857279797323,-0.46570075609272754,0.8935963004149273,0.8003587675726941,0.22382432179696843,-0.7518176862880701,0.6704553898016455,1
-1.1805592045110789,-0.847554238878464,0.9221792602990441,-1.4464931220074853,-1.4596734002535006,2.2928437011271923,-2.2822126186264544,4.487530636998925,-0.5175045907344314,1.0017987955754113,1
3.1085934956663004,-3.285352876348572,1.7065244722114994,-2.717982772628111,0.23343172563358983,-0.16647356845689854,-4.719333436237141,-0.43940670382632363,0.9457686862437302,0.594937312853078,1
-3.5788659340591757,2.2519845218245003,-1.843051026465278,-0.41788922512346405,2.927633167379186,-0.8079848596531676,7.09835533417541,-1.9517477824950973,0.04512983998831258,4.314908461707342,1
2.780760164147968,-2.7883247550794943,1.244047392118782,-3.7800026140037586,-1.5291166922174249,-0.8061268475390388,-6.896431988409214,0.5387446797295896,-0.4313581368719318,-0.42352360591595617,1
-1.2716813357852068,1.2355059962359425,0.3020093855902115,-2.7842946764659997,2.677233424970167,2.3756000912137196,-0.24865421176486782,-1.5277826229647031,0.11100102379152803,1.0554662143022964,1
3.391484366528906,-2.238434889037369,0.31752592031489413,-3.3408325747396486,-1.9920311375195199,-0.24953800002904525,-8.386676743021534,-2.2378614746163783,0.7558583335773799,-2.2637845176576232,0
2.950256192070928,-2.2111145594685873,-1.9810471770732212,-1.5936570028022212,0.8261209217896223,1.2377463590439475,-4.53769530051891,0.8058234099641399,-0.23747733654357459,-1.2928399276271816,0
0.6615279804640585,-1.476688511765827,-2.6567739951139977,-3.1012199143290275,0.13885303565803975,4.883677420280288,-6.3196640064353415,5.0701362861109285,-0.037894257116059885,-1.0347407733024618,0
3.776145255393713,-3.3465910863867405,0.3836709131634792,-2.5188199277893366,-0.3800840137828523,1.501404182948734,-7.433761952431107,3.2258438953443047,-0.9558499984020169,-1.8825040937746347,1
-3.23407885864353,2.386601621301371,-1.0512973451732637,-1.0834439119483652,-1.0968921266524752,1.030420250015818,0.6264015685671709,-0.660175970150187,-0.6600045360194176,0.6769138191184857,1
-0.9465524641822287,0.6784754332716086,-2.0072482240638094,-1.0706195727736552,-0.31416110577171263,2.1379674902979637,-1.6538092840812653,-0.848516356393756,0.6163710688728439,-0.2637751672851676,1
-0.2300863480728318,1.8948079379408687,0.18315203870928057,-0.4666115242307427,4.111223777725439,1.5930681530762776,1.8004315360323344,-0.8160158429857298,-0.7899488568997947,-0.878315055490253,0
5.5518624173933375,-4.070772763274574,0.6615152054288809,-0.475029857677999,-0.8220433517723227,0.4601442663105777,-7.408879123620752,1.7385369537092406,-0.2938146660026889,-3.3270111333697825,0
5.959385951861152,-3.698369237565206,-0.8878930134431609,-4.721035872753265,-0.7456362189416743,-0.6298887157615414,-11.293807992173182,0.8309001378406133,0.14642572672080395,-3.7082478749554912,0
1.1906272151687909,-2.4216686393142655,-0.013618159746420274,-3.2818986566843202,-2.094794251726094,1.5539074485807145,-6.379621920638648,0.1177664115081396,1.806056873606912,0.4431197407174712,1
6.848901860466287,-5.37622432582224,1.4692902778219583,-1.011661861290546,1.8637403513630422,-2.8253203225908092,-3.97828279619102,-1.8792817947565497,0.04535196082984762,-0.19655767219550868,0
-2.9403501747486334,-1.1770867002645709,-0.554901019088634,-0.3849964338337579,-3.0984605872903312,3.9607778416878676,-1.133853124438714,3.5572119039688794,-0.7544132445807141,2.9629210660625276,1
-2.1386686899864085,1.8255238160362253,0.9213787921206403,-0.9816803446825243,-1.214139951865672,-0.2524784104948512,-0.04272806422094278,2.5086476679821668,-0.33041081268219746,-0.31578550886151535,1
5.436387101655562,-3.842092595810742,0.24572628435858904,-3.396376488284158,0.6217327083456091,0.410765756961341,-8.68806970556834,3.039275582800233,1.2818902479401424,-2.7639857888111266,0
-2.4559682791870765,-0.11130767875007219,-1.1155007873793663,-1.5216289791688355,-2.5223954273236404,3.0366013317936105,-2.341617694017418,2.8959281537191037,-0.7801167816301259,1.3377028504554613,1
5.264550284330726,-4.452695170160988,2.4647019843221645,-2.7202163558211385,0.3917936138128859,-2.8758741700710884,-5.0394646194443,-4.009199650909191,-2.153745748134923,0.6033167355950138,0
2.1223094636805673,-3.0643660266421904,-0.6147660617705136,0.8353266897034648,1.7263491303441976,-0.3756202217226414,1.367800703632965,1.3680616650009618,-0.9760591858685231,2.1369622039592784,1
1.8135458534233748,-1.1704509126801272,-0.6434884536488127,-1.4872953438570133,3.083149863535999,3.14230685727589,-2.1766144350193026,-2.8935122440225722,-0.8289407408028481,-0.032109432430306395,1
-4.751291953790439,2.950877645262432,-1.076991226186515,0.11973527358358793,0.22206552076081842,1.0280913313040205,4.837151052537062,0.9866290048410047,-0.3744993391753191,2.54375319434817,1
-0.6902447390695017,0.671917323934066,-0.023717762536903313,-2.081210463354094,4.15681786412495,1.783615544600733,1.7676970904110567,-2.118339689519803,0.7727814664596581,2.0264638996056004,1
-1.2321181238313996,-0.7378487765285952,-0.6531661838118012,-1.942675938075662,-1.5070568944121525,2.237357903328112,-2.693108511426804,3.779099900934025,0.09399310661286796,1.0550163436944644,1
1.7224358070291876,-1.0563663565379344,-1.7920493859434081,-2.362078758790128,1.1370405932226455,2.2564295591224974,-4.57719044260032,2.0953407619599043,-0.5296113902524683,-1.4986151534022085,0
-2.1080032136316253,0.6385643030271657,0.4474943362572483,-1.1517631081485955,-4.87030941336017,0.5051707575473481,-3.46738932468762,0.2679339354835184,0.4423847232745611,-0.2866802032185387,0
1.7366897896709905,-0.30170764148877693,-0.7312245690511622,-1.1523163643004042,2.5679316709283095,1.5387097523550546,-2.0730831519497177,2.100646579206189,0.6772119130015395,-1.7864930889095794,0
-2.4060700231298533,2.0054525671555923,-1.6159727887442987,-1.5730818370749275,3.7389791556389174,1.979673273304702,3.30149944794354,-0.2679591454336734,1.5990193321002086,2.06352603447403,1
5.2927131058635775,0.23389471233319714,-0.6068457712934849,1.3321062052110042,4.305262600783406,-2.3536491121747694,-1.1154763261147105,1.557377179074062,-0.4404013307372619,-6.074647107634133,0
2.8670529045944027,-2.367102295525635,-0.03396062190125185,-1.3400999317653282,-0.060439062436132174,1.618135869991654,-5.235259666577698,1.2098608887818312,0.8168448965985797,-1.5887823627410695,0
5.165338033387916,-3.2780521482652896,-1.3567369827090405,-0.3342334788622876,-0.35212259570736815,0.03561371866929752,-6.327555980660226,-0.1885054007077096,-0.1870925129292241,-3.2519974746299836,0
3.1378017374137483,-1.2985648985213192,-1.1717453016462986,-1.8198072394258995,1.7743349209040318,0.7195081787079748,-4.347496580991428,1.3053815625136491,0.1558906283815874,-2.407399070621353,0
-0.07392622170199095,0.07355624085402246,-0.2684898596883967,-2.352145938622869,-1.5603685363567645,-1.0494999033425638,-3.0240847893959817,1.2269537852993349,-0.0222621896151464,-0.4713761647063226,0
0.6788074830624522,0.11222416717741579,-0.44579271549194277,-2.0016511615186325,2.914333948019318,2.061041672767065,-1.440023186016781,0.6432140783459916,-0.11772948986164354,-0.4660289697936808,0
-0.7147343108037351,-1.2664417071767375,0.336074202496957,-0.261137088401203,-4.116469121005096,-0.8283745846385091,-1.7765094771194787,-1.9802898912107554,-0.8412779625566462,1.6279683247885708,0
0.6098671423830814,-2.3976533314436104,0.6858752327081286,-1.8721006795043005,-0.9921982522784036,4.030478659858611,-4.7282143412490445,-0.605938280736495,-0.006837197764784593,1.0421522748590073,0
-3.0397687598686436,1.9876169929591376,0.8724057467581466,-1.114671845685723,0.09953788362562221,0.18296364441803492,2.3380215554685146,-1.3436552408493565,0.3856859266804977,2.0150332192155194,1
-0.0400352222825119,-0.43028129966253714,-0.3963838730215868,-1.4742093082305607,0.1908075449058877,0.40326639013612753,-1.1276650212990553,0.37387548380210656,-0.017950294686128927,0.7224561547655853,1
-1.146659613449734,1.3065110390496029,-0.18595920117069495,-3.2523325535237637,1.6991817556867546,2.0524406705978615,-1.5912244209585102,-2.603071013023092,0.5338332458125163,0.5636641523647166,1
2.101134189849985,-1.5158857051159882,-0.7303215339771693,-3.175280099726012,-0.9869425361897175,-0.6148759138604298,-5.653443437659515,-0.319290792457223,1.1866695768493973,-1.013100498964508,0
9.521606922157305,-6.312365694794514,-1.4608379850427804,-0.5751800801924569,1.1377468757276104,-3.3719010065309747,-7.013877462349095,-6.830431926719235,-0.11749493303840568,-2.3943497814582675,0
1.0162032914629278,-4.426487099179282,1.3685010800281914,-2.1172348481238537,-2.6092236990228885,2.959407696237154,-5.36204956346517,2.0288031696252125,1.3154199014090313,2.693663556087584,1
4.634117664305506,-1.6222178637836577,1.3176223293096179,-1.0852772119034337,1.3983051658741805,0.6683510254759941,-6.1728599161823645,3.3546184202222644,-2.2651092188993975,-4.835900365666648,0
-0.16943308017859113,-0.015104042576369325,0.5737421427808328,-0.548285667182794,1.119998974981401,2.979406272425046,-0.9594743194716374,-2.0848165065698936,-0.8891079128598076,0.1829564496579552,1
2.492640310397947,-3.122997956739109,-0.26596112633294205,-2.5520562513172695,-4.094249270195641,0.09634404488232517,-8.005001682321355,-3.32343291654134,0.9778115414182277,-0.5337718255915208,0
2.886716727383226,-2.224747093307504,-1.2173397321082118,-2.5352826942917845,-1.457269407904633,-0.6134861794029529,-6.292628288523273,0.15857482723865424,1.9093031537309764,-1.519062638882512,0
8.295752566579624,-4.0454523815322325,-0.49799755589366845,-0.3066800375021361,1.0256647265245953,-2.8475448593443815,-7.328080240096851,1.2304866722291457,0.3936254146418557,-5.537330055203612,0
-4.321437056564659,3.3054773367844934,-0.6533908347533266,-2.3217143672591116,2.5159673013256905,0.6954000197391096,4.314843816763165,-0.5099676803456259,-0.3356767379037513,3.0016172754018324,1
3.22206132617167,-1.213470168528405,-1.212547445408267,-3.139199975781432,0.04914868068693057,-3.801649087845856,-4.258067846088746,-1.9000638735535098,-0.20981169645357511,-1.3512931891191409,0
-5.201843567267191,2.3456578141643476,1.0336035092642322,-0.6257672836531766,-3.4839688884095796,2.931829887692277,0.2660219588045331,1.3804626931199226,1.0738604235470361,1.6116997811295006,1
0.6366945380528917,-2.220262486990367,-1.0224741297880318,-1.2498221676629697,0.01411045933279409,1.3454997314903034,-1.7333590453764298,2.2269613139256466,-0.5602958900485238,1.6929331679014226,1
-2.477465677949207,2.150163554520792,-0.47784178690732154,-2.9831532853349136,2.4058217626903957,1.9404347818831564,0.7724580959407134,-0.8572847580894318,-1.5266786027658155,1.4687226092411978,1
5.042785020776489,-2.2457515617840658,-1.7218405409656807,-2.0500469333148033,3.7056279080758916,-2.832870933948324,-2.3626088971903325,-1.85683200782977,2.1387301072682567,-1.186316110509449,0
1.1002604834677319,-1.283269359883864,-0.4682741736274495,0.38935629090340496,-3.773015699943847,-1.3698063510392902,-3.1178567414719285,-2.9155440049995125,-0.27394032012020164,-0.7538236698348959,0
-3.4925984693568086,-0.1930651524563387,0.22418970382801603,0.19444573591757175,-2.8705933373459542,3.417351581598399,0.1598930708925641,4.053631013382133,-1.0691979935618996,2.501581270761971,1
1.3454818783102804,-1.2903212988409023,-0.08862791019758656,-3.4906193008679995,-2.877452348216676,0.25544712754462817,-7.359190401443843,-0.8603370223777494,1.07482524701321,-1.332426894103607,0
2.0453115901448458,-0.8693081548666733,0.7292151829307869,-0.19853421098246327,-1.6704916523093176,-2.785595555838884,-2.393118772243838,-1.7531050684047342,0.7639281324111726,-1.470909993338592,0
0.6274343949155667,0.2779095236746769,0.45007717316738993,-1.6719527746083296,-2.8533329023052607,0.041686927686429565,-5.551464476148227,1.0212308909642793,-3.081142823776587,-2.964405088518945,0
0.19066987401047944,-0.0003670529029391467,-2.23259370544405,-3.0543945864383235,-0.5951172864674764,-1.5556602677428457,-2.6681275906445054,0.24672114012885893,0.14769422173020996,0.10096909386795305,0
1.2311447642357898,0.5229206737852787,0.030107823856040616,-2.7383710284201626,-1.0998781249595537,-1.86070441731326,-4.455811428991245,-1.2132418673030116,0.28808737531309103,-2.302046104643283,0
1.519017292451566,-1.8203573766438896,0.07479226318580581,-4.979446526092307,-1.5051714292855585,4.7874417396660025,-10.588188023945103,3.858505245663255,-0.6220020192279152,-2.3545973967406537,0
-0.3991250002185241,-2.6320847206828226,-2.1163147721661764,-1.36272492493281,-2.3079967795605905,2.3389673372186093,-2.951690396761473,1.7594453766713536,0.19212336761064816,2.5209501419524525,1
3.387533616635971,-1.9577380594869647,0.6256913711088117,-1.5730247218603783,2.389990972867642,-0.3643402240469755,-2.626880044678177,-0.7986792617986329,0.24107999919922046,-0.754497733382876,0
-0.6198224601523427,0.4183212604466746,-0.1174560573377597,-1.4997263507151246,2.679338142459848,0.8874180715411899,1.5009286469023349,-2.357219604225225,0.22092666211416412,1.8708461999502686,1
3.737772662657155,-3.912808060104581,-1.3870028269138248,-4.018199586037349,-1.2027243731797939,0.2862871580959079,-8.206223995423322,0.030978537368126835,-1.6715221813315757,-0.31785207836340423,0
1.5370258344285461,-2.01913639184288,0.18611145652563416,-0.5171682823974062,0.5608140918573978,-0.6085130389060183,-0.5918277368477307,0.5157553887081803,2.111123401140718,1.1513261519571083,1
0.1261731072966687,-2.0091640634629857,-1.2227432260488038,-1.7253626100283326,-1.1904544653659879,2.4462145175335683,-3.4476356689760643,2.154455908145887,-0.615910983381063,1.2108096308284124,1
-3.260140143080668,2.2005761276002347,-0.646493116437508,-1.2169336909941764,2.117454295018878,0.9255170257544637,4.013202391214004,-2.4195079773776733,-0.03504168830278858,2.9854861493829636,1
-2.2379118134257596,1.6543193085617856,-0.4074209264619019,-1.8046016982247528,1.046897426497356,0.9449026727457098,1.1656036776221204,-1.5754640647196099,1.555851780056523,1.5561970878200666,1
-5.517345769809651,3.7781850665125196,-1.2297385121689113,-1.630142184255128,0.15367812238679046,-0.16690903630460419,4.690088046764039,-0.7505205095750996,2.7575347924161004,3.256719012554295,0
-4.858206479661542,3.586150902426152,-0.6935896806233268,-2.8385023122105766,1.4389371133345743,-0.5938326954316508,4.309308834634357,-1.405190822518209,-0.1320304925170551,3.5014822089423316,1
0.09916649912974321,0.03819571429449331,-0.1660561178166235,-1.861817273097322,2.216534375918528,3.663428893435573,-2.2366670952907586,2.067456419121757,1.1898542038281024,-0.5945462868524256,0
0.4517436964113533,0.06665119835991673,0.8050822384378519,2.095302311589972,3.1649006513965,1.999800982257433,2.998981251416369,0.2731330215637091,-0.37854285375546254,-0.0881439453235151,0
1.4419182277943037,-0.3198965314597446,-1.1184365037772128,-0.48603570867917556,1.8101677676975625,2.7050454110019264,-2.550645503188761,2.4882997328482617,-0.11894142123231492,-2.197126110801529,0
-1.2401943975872727,-0.030365885580102336,-2.0383319015353467,-0.5187390095228821,-3.9277578320295237,-0.21535442342074007,-2.480932129368089,2.117827255038572,0.888147843889421,-0.22690424999607317,0
2.5777711966166286,-2.4008961531998607,-2.0819540395515617,-3.6245480427623584,1.6838211563845409,1.7321751643223564,-5.286419290241391,2.0127368804197303,-0.3867476624776022,-0.20551177293165446,0
-2.9661777353849046,1.884213988574451,0.8125946977485725,-0.5978848456454803,3.1947570683297144,-0.16112731364159627,6.075733167294442,-1.7829769486678018,-0.023764587902756967,3.8049761813009875,0
0.523249822932153,-1.3202128438045873,-0.3984484867175416,-2.265539625607988,-1.38014458564684,0.21518039381527476,-3.54913287383393,0.09424249494966586,0.3470645191703616,0.5694975873391243,1
1.5677113917278154,-0.7214893631156503,-0.9370702843593306,-0.7371091359531713,2.1226283911452635,2.2932325300248886,-2.1476837800132675,2.6030714181211954,-0.0003607253572761615,-1.4684740225106503,0
0.790371159769791,-0.8502116938878497,1.731252309290564,-0.8334171991142568,-2.934999938168672,-1.3249658300961153,-3.3601331110915718,-1.2234776249234933,0.41251458077094677,-0.7163344647888935,0
-0.1388361138128432,0.48814321488022516,-0.30493955887535495,-1.1691648703557822,2.8637360636427474,2.328809580145468,0.06315277898443143,0.9516660052456253,1.7020209505019264,0.02447421082853296,0
-0.36984406040515394,0.10950542606748592,-0.2291246270097348,-0.18139238535889923,1.8168942731091835,2.567347538753329,0.5457842275205035,-1.910679124730202,-0.7008636538282025,0.75911971130872,1
1.1317942919523634,-4.087473956241846,2.710492444283034,0.3572605523530732,-0.6736109564845556,1.0789571953953812,-0.3500628770730409,2.380358708223673,0.7727913909009846,3.4248625756424236,1
1.005461550837987,-0.33777156801872366,-0.3083461394938386,-1.7763691957261984,2.711517675730578,3.5692023329015714,-2.442848142441673,-2.2670379468480486,-1.0046113142068624,-0.4676274001996168,1
0.15417638823110688,-0.7636957310326369,-0.18806068787371255,-0.94013602610989,-0.16408415241653307,-0.04169551302684327,-0.6079791184024034,-2.2295304162101948,0.27333764413846906,1.29507789988605,1
1.036537624187405,0.19315202622398164,1.1912543194591607,-0.7674485851973747,-1.8151151488059574,-1.5715432642546598,-3.0737193160855076,-0.8138348925767702,0.6615904071032149,-2.1402495200390033,0
-2.076175428955334,-0.06828325672629143,0.1880621774228491,-1.0101186653105558,-3.5486212668003874,-0.3502903253474383,-1.03058351011344,-0.48313384802922843,-0.3693648727307723,1.85558827761268,0
